[0.122s] DEBUG:colcon:Command line arguments: ['/usr/bin/colcon', 'build', '--symlink-install', '--packages-skip', 'ros_babel_fish', 'qml_ros2_plugin', 'nimblbot_rviz_overlay']
[0.122s] DEBUG:colcon:Parsed command line arguments: Namespace(log_base=None, log_level=None, verb_name='build', build_base='build', install_base='install', merge_install=False, symlink_install=True, test_result_base=None, continue_on_error=False, executor='parallel', parallel_workers=16, event_handlers=None, ignore_user_meta=False, metas=['./colcon.meta'], base_paths=['.'], packages_ignore=None, packages_ignore_regex=None, paths=None, packages_up_to=None, packages_up_to_regex=None, packages_above=None, packages_above_and_dependencies=None, packages_above_depth=None, packages_select_by_dep=None, packages_skip_by_dep=None, packages_skip_up_to=None, packages_select_build_failed=False, packages_skip_build_finished=False, packages_select_test_failures=False, packages_skip_test_passed=False, packages_select=None, packages_skip=['ros_babel_fish', 'qml_ros2_plugin', 'nimblbot_rviz_overlay'], packages_select_regex=None, packages_skip_regex=None, packages_start=None, packages_end=None, allow_overriding=[], cmake_args=None, cmake_target=None, cmake_target_skip_unavailable=False, cmake_clean_cache=False, cmake_clean_first=False, cmake_force_configure=False, ament_cmake_args=None, catkin_cmake_args=None, catkin_skip_building_tests=False, mixin_files=None, mixin=None, verb_parser=<colcon_mixin.mixin.mixin_argument.MixinArgumentDecorator object at 0x706de55cb3a0>, verb_extension=<colcon_core.verb.build.BuildVerb object at 0x706de55cadd0>, main=<bound method BuildVerb.main of <colcon_core.verb.build.BuildVerb object at 0x706de55cadd0>>, mixin_verb=('build',))
[0.308s] Level 1:colcon.colcon_core.package_discovery:discover_packages(colcon_meta) check parameters
[0.308s] Level 1:colcon.colcon_core.package_discovery:discover_packages(recursive) check parameters
[0.308s] Level 1:colcon.colcon_core.package_discovery:discover_packages(ignore) check parameters
[0.308s] Level 1:colcon.colcon_core.package_discovery:discover_packages(path) check parameters
[0.308s] Level 1:colcon.colcon_core.package_discovery:discover_packages(colcon_meta) discover
[0.308s] Level 1:colcon.colcon_core.package_discovery:discover_packages(recursive) discover
[0.308s] INFO:colcon.colcon_core.package_discovery:Crawling recursively for packages in '/home/mtouri/ros2_ws_humble'
[0.308s] Level 1:colcon.colcon_core.package_identification:_identify(.) by extensions ['ignore', 'ignore_ament_install']
[0.308s] Level 1:colcon.colcon_core.package_identification:_identify(.) by extension 'ignore'
[0.308s] Level 1:colcon.colcon_core.package_identification:_identify(.) by extension 'ignore_ament_install'
[0.308s] Level 1:colcon.colcon_core.package_identification:_identify(.) by extensions ['colcon_pkg']
[0.308s] Level 1:colcon.colcon_core.package_identification:_identify(.) by extension 'colcon_pkg'
[0.308s] Level 1:colcon.colcon_core.package_identification:_identify(.) by extensions ['colcon_meta']
[0.308s] Level 1:colcon.colcon_core.package_identification:_identify(.) by extension 'colcon_meta'
[0.308s] Level 1:colcon.colcon_core.package_identification:_identify(.) by extensions ['ros']
[0.308s] Level 1:colcon.colcon_core.package_identification:_identify(.) by extension 'ros'
[0.316s] Level 1:colcon.colcon_core.package_identification:_identify(.) by extensions ['cmake', 'python']
[0.316s] Level 1:colcon.colcon_core.package_identification:_identify(.) by extension 'cmake'
[0.316s] Level 1:colcon.colcon_core.package_identification:_identify(.) by extension 'python'
[0.316s] Level 1:colcon.colcon_core.package_identification:_identify(.) by extensions ['python_setup_py']
[0.316s] Level 1:colcon.colcon_core.package_identification:_identify(.) by extension 'python_setup_py'
[0.316s] Level 1:colcon.colcon_core.package_identification:_identify(build) by extensions ['ignore', 'ignore_ament_install']
[0.316s] Level 1:colcon.colcon_core.package_identification:_identify(build) by extension 'ignore'
[0.316s] Level 1:colcon.colcon_core.package_identification:_identify(build) ignored
[0.316s] Level 1:colcon.colcon_core.package_identification:_identify(install) by extensions ['ignore', 'ignore_ament_install']
[0.316s] Level 1:colcon.colcon_core.package_identification:_identify(install) by extension 'ignore'
[0.316s] Level 1:colcon.colcon_core.package_identification:_identify(install) ignored
[0.316s] Level 1:colcon.colcon_core.package_identification:_identify(log) by extensions ['ignore', 'ignore_ament_install']
[0.316s] Level 1:colcon.colcon_core.package_identification:_identify(log) by extension 'ignore'
[0.316s] Level 1:colcon.colcon_core.package_identification:_identify(log) ignored
[0.316s] Level 1:colcon.colcon_core.package_identification:_identify(src) by extensions ['ignore', 'ignore_ament_install']
[0.317s] Level 1:colcon.colcon_core.package_identification:_identify(src) by extension 'ignore'
[0.317s] Level 1:colcon.colcon_core.package_identification:_identify(src) by extension 'ignore_ament_install'
[0.317s] Level 1:colcon.colcon_core.package_identification:_identify(src) by extensions ['colcon_pkg']
[0.317s] Level 1:colcon.colcon_core.package_identification:_identify(src) by extension 'colcon_pkg'
[0.317s] Level 1:colcon.colcon_core.package_identification:_identify(src) by extensions ['colcon_meta']
[0.317s] Level 1:colcon.colcon_core.package_identification:_identify(src) by extension 'colcon_meta'
[0.317s] Level 1:colcon.colcon_core.package_identification:_identify(src) by extensions ['ros']
[0.317s] Level 1:colcon.colcon_core.package_identification:_identify(src) by extension 'ros'
[0.317s] Level 1:colcon.colcon_core.package_identification:_identify(src) by extensions ['cmake', 'python']
[0.317s] Level 1:colcon.colcon_core.package_identification:_identify(src) by extension 'cmake'
[0.317s] Level 1:colcon.colcon_core.package_identification:_identify(src) by extension 'python'
[0.317s] Level 1:colcon.colcon_core.package_identification:_identify(src) by extensions ['python_setup_py']
[0.317s] Level 1:colcon.colcon_core.package_identification:_identify(src) by extension 'python_setup_py'
[0.317s] Level 1:colcon.colcon_core.package_identification:_identify(src/cartesian-algorithm-ros2) by extensions ['ignore', 'ignore_ament_install']
[0.317s] Level 1:colcon.colcon_core.package_identification:_identify(src/cartesian-algorithm-ros2) by extension 'ignore'
[0.317s] Level 1:colcon.colcon_core.package_identification:_identify(src/cartesian-algorithm-ros2) by extension 'ignore_ament_install'
[0.317s] Level 1:colcon.colcon_core.package_identification:_identify(src/cartesian-algorithm-ros2) by extensions ['colcon_pkg']
[0.317s] Level 1:colcon.colcon_core.package_identification:_identify(src/cartesian-algorithm-ros2) by extension 'colcon_pkg'
[0.318s] Level 1:colcon.colcon_core.package_identification:_identify(src/cartesian-algorithm-ros2) by extensions ['colcon_meta']
[0.318s] Level 1:colcon.colcon_core.package_identification:_identify(src/cartesian-algorithm-ros2) by extension 'colcon_meta'
[0.318s] Level 1:colcon.colcon_core.package_identification:_identify(src/cartesian-algorithm-ros2) by extensions ['ros']
[0.318s] Level 1:colcon.colcon_core.package_identification:_identify(src/cartesian-algorithm-ros2) by extension 'ros'
[0.318s] Level 1:colcon.colcon_core.package_identification:_identify(src/cartesian-algorithm-ros2) by extensions ['cmake', 'python']
[0.318s] Level 1:colcon.colcon_core.package_identification:_identify(src/cartesian-algorithm-ros2) by extension 'cmake'
[0.318s] Level 1:colcon.colcon_core.package_identification:_identify(src/cartesian-algorithm-ros2) by extension 'python'
[0.318s] Level 1:colcon.colcon_core.package_identification:_identify(src/cartesian-algorithm-ros2) by extensions ['python_setup_py']
[0.318s] Level 1:colcon.colcon_core.package_identification:_identify(src/cartesian-algorithm-ros2) by extension 'python_setup_py'
[0.318s] Level 1:colcon.colcon_core.package_identification:_identify(src/cartesian-algorithm-ros2/bio_ik) by extensions ['ignore', 'ignore_ament_install']
[0.318s] Level 1:colcon.colcon_core.package_identification:_identify(src/cartesian-algorithm-ros2/bio_ik) by extension 'ignore'
[0.318s] Level 1:colcon.colcon_core.package_identification:_identify(src/cartesian-algorithm-ros2/bio_ik) ignored
[0.318s] Level 1:colcon.colcon_core.package_identification:_identify(src/cartesian-algorithm-ros2/moveit_servo_nb) by extensions ['ignore', 'ignore_ament_install']
[0.318s] Level 1:colcon.colcon_core.package_identification:_identify(src/cartesian-algorithm-ros2/moveit_servo_nb) by extension 'ignore'
[0.318s] Level 1:colcon.colcon_core.package_identification:_identify(src/cartesian-algorithm-ros2/moveit_servo_nb) ignored
[0.319s] Level 1:colcon.colcon_core.package_identification:_identify(src/circular-carrier-ros2) by extensions ['ignore', 'ignore_ament_install']
[0.319s] Level 1:colcon.colcon_core.package_identification:_identify(src/circular-carrier-ros2) by extension 'ignore'
[0.319s] Level 1:colcon.colcon_core.package_identification:_identify(src/circular-carrier-ros2) by extension 'ignore_ament_install'
[0.319s] Level 1:colcon.colcon_core.package_identification:_identify(src/circular-carrier-ros2) by extensions ['colcon_pkg']
[0.319s] Level 1:colcon.colcon_core.package_identification:_identify(src/circular-carrier-ros2) by extension 'colcon_pkg'
[0.319s] Level 1:colcon.colcon_core.package_identification:_identify(src/circular-carrier-ros2) by extensions ['colcon_meta']
[0.319s] Level 1:colcon.colcon_core.package_identification:_identify(src/circular-carrier-ros2) by extension 'colcon_meta'
[0.319s] Level 1:colcon.colcon_core.package_identification:_identify(src/circular-carrier-ros2) by extensions ['ros']
[0.319s] Level 1:colcon.colcon_core.package_identification:_identify(src/circular-carrier-ros2) by extension 'ros'
[0.319s] Level 1:colcon.colcon_core.package_identification:_identify(src/circular-carrier-ros2) by extensions ['cmake', 'python']
[0.319s] Level 1:colcon.colcon_core.package_identification:_identify(src/circular-carrier-ros2) by extension 'cmake'
[0.319s] Level 1:colcon.colcon_core.package_identification:_identify(src/circular-carrier-ros2) by extension 'python'
[0.319s] Level 1:colcon.colcon_core.package_identification:_identify(src/circular-carrier-ros2) by extensions ['python_setup_py']
[0.319s] Level 1:colcon.colcon_core.package_identification:_identify(src/circular-carrier-ros2) by extension 'python_setup_py'
[0.319s] Level 1:colcon.colcon_core.package_identification:_identify(src/circular-carrier-ros2/circular_carrier_bringup) by extensions ['ignore', 'ignore_ament_install']
[0.319s] Level 1:colcon.colcon_core.package_identification:_identify(src/circular-carrier-ros2/circular_carrier_bringup) by extension 'ignore'
[0.319s] Level 1:colcon.colcon_core.package_identification:_identify(src/circular-carrier-ros2/circular_carrier_bringup) by extension 'ignore_ament_install'
[0.319s] Level 1:colcon.colcon_core.package_identification:_identify(src/circular-carrier-ros2/circular_carrier_bringup) by extensions ['colcon_pkg']
[0.319s] Level 1:colcon.colcon_core.package_identification:_identify(src/circular-carrier-ros2/circular_carrier_bringup) by extension 'colcon_pkg'
[0.319s] Level 1:colcon.colcon_core.package_identification:_identify(src/circular-carrier-ros2/circular_carrier_bringup) by extensions ['colcon_meta']
[0.319s] Level 1:colcon.colcon_core.package_identification:_identify(src/circular-carrier-ros2/circular_carrier_bringup) by extension 'colcon_meta'
[0.319s] Level 1:colcon.colcon_core.package_identification:_identify(src/circular-carrier-ros2/circular_carrier_bringup) by extensions ['ros']
[0.319s] Level 1:colcon.colcon_core.package_identification:_identify(src/circular-carrier-ros2/circular_carrier_bringup) by extension 'ros'
[0.321s] DEBUG:colcon.colcon_core.package_identification:Package 'src/circular-carrier-ros2/circular_carrier_bringup' with type 'ros.ament_cmake' and name 'circular_carrier_bringup'
[0.321s] Level 1:colcon.colcon_core.package_identification:_identify(src/circular-carrier-ros2/circular_carrier_control) by extensions ['ignore', 'ignore_ament_install']
[0.321s] Level 1:colcon.colcon_core.package_identification:_identify(src/circular-carrier-ros2/circular_carrier_control) by extension 'ignore'
[0.321s] Level 1:colcon.colcon_core.package_identification:_identify(src/circular-carrier-ros2/circular_carrier_control) by extension 'ignore_ament_install'
[0.321s] Level 1:colcon.colcon_core.package_identification:_identify(src/circular-carrier-ros2/circular_carrier_control) by extensions ['colcon_pkg']
[0.321s] Level 1:colcon.colcon_core.package_identification:_identify(src/circular-carrier-ros2/circular_carrier_control) by extension 'colcon_pkg'
[0.321s] Level 1:colcon.colcon_core.package_identification:_identify(src/circular-carrier-ros2/circular_carrier_control) by extensions ['colcon_meta']
[0.321s] Level 1:colcon.colcon_core.package_identification:_identify(src/circular-carrier-ros2/circular_carrier_control) by extension 'colcon_meta'
[0.321s] Level 1:colcon.colcon_core.package_identification:_identify(src/circular-carrier-ros2/circular_carrier_control) by extensions ['ros']
[0.321s] Level 1:colcon.colcon_core.package_identification:_identify(src/circular-carrier-ros2/circular_carrier_control) by extension 'ros'
[0.322s] DEBUG:colcon.colcon_core.package_identification:Package 'src/circular-carrier-ros2/circular_carrier_control' with type 'ros.ament_python' and name 'circular_carrier_control'
[0.322s] Level 1:colcon.colcon_core.package_identification:_identify(src/circular-carrier-ros2/circular_carrier_description) by extensions ['ignore', 'ignore_ament_install']
[0.322s] Level 1:colcon.colcon_core.package_identification:_identify(src/circular-carrier-ros2/circular_carrier_description) by extension 'ignore'
[0.322s] Level 1:colcon.colcon_core.package_identification:_identify(src/circular-carrier-ros2/circular_carrier_description) by extension 'ignore_ament_install'
[0.322s] Level 1:colcon.colcon_core.package_identification:_identify(src/circular-carrier-ros2/circular_carrier_description) by extensions ['colcon_pkg']
[0.322s] Level 1:colcon.colcon_core.package_identification:_identify(src/circular-carrier-ros2/circular_carrier_description) by extension 'colcon_pkg'
[0.322s] Level 1:colcon.colcon_core.package_identification:_identify(src/circular-carrier-ros2/circular_carrier_description) by extensions ['colcon_meta']
[0.322s] Level 1:colcon.colcon_core.package_identification:_identify(src/circular-carrier-ros2/circular_carrier_description) by extension 'colcon_meta'
[0.323s] Level 1:colcon.colcon_core.package_identification:_identify(src/circular-carrier-ros2/circular_carrier_description) by extensions ['ros']
[0.323s] Level 1:colcon.colcon_core.package_identification:_identify(src/circular-carrier-ros2/circular_carrier_description) by extension 'ros'
[0.323s] DEBUG:colcon.colcon_core.package_identification:Package 'src/circular-carrier-ros2/circular_carrier_description' with type 'ros.ament_cmake' and name 'circular_carrier_description'
[0.323s] Level 1:colcon.colcon_core.package_identification:_identify(src/circular-carrier-ros2/circular_carrier_msgs) by extensions ['ignore', 'ignore_ament_install']
[0.323s] Level 1:colcon.colcon_core.package_identification:_identify(src/circular-carrier-ros2/circular_carrier_msgs) by extension 'ignore'
[0.323s] Level 1:colcon.colcon_core.package_identification:_identify(src/circular-carrier-ros2/circular_carrier_msgs) by extension 'ignore_ament_install'
[0.323s] Level 1:colcon.colcon_core.package_identification:_identify(src/circular-carrier-ros2/circular_carrier_msgs) by extensions ['colcon_pkg']
[0.323s] Level 1:colcon.colcon_core.package_identification:_identify(src/circular-carrier-ros2/circular_carrier_msgs) by extension 'colcon_pkg'
[0.323s] Level 1:colcon.colcon_core.package_identification:_identify(src/circular-carrier-ros2/circular_carrier_msgs) by extensions ['colcon_meta']
[0.323s] Level 1:colcon.colcon_core.package_identification:_identify(src/circular-carrier-ros2/circular_carrier_msgs) by extension 'colcon_meta'
[0.323s] Level 1:colcon.colcon_core.package_identification:_identify(src/circular-carrier-ros2/circular_carrier_msgs) by extensions ['ros']
[0.323s] Level 1:colcon.colcon_core.package_identification:_identify(src/circular-carrier-ros2/circular_carrier_msgs) by extension 'ros'
[0.324s] DEBUG:colcon.colcon_core.package_identification:Package 'src/circular-carrier-ros2/circular_carrier_msgs' with type 'ros.ament_cmake' and name 'circular_carrier_msgs'
[0.324s] Level 1:colcon.colcon_core.package_identification:_identify(src/circular-carrier-ros2/img) by extensions ['ignore', 'ignore_ament_install']
[0.324s] Level 1:colcon.colcon_core.package_identification:_identify(src/circular-carrier-ros2/img) by extension 'ignore'
[0.324s] Level 1:colcon.colcon_core.package_identification:_identify(src/circular-carrier-ros2/img) by extension 'ignore_ament_install'
[0.324s] Level 1:colcon.colcon_core.package_identification:_identify(src/circular-carrier-ros2/img) by extensions ['colcon_pkg']
[0.324s] Level 1:colcon.colcon_core.package_identification:_identify(src/circular-carrier-ros2/img) by extension 'colcon_pkg'
[0.324s] Level 1:colcon.colcon_core.package_identification:_identify(src/circular-carrier-ros2/img) by extensions ['colcon_meta']
[0.324s] Level 1:colcon.colcon_core.package_identification:_identify(src/circular-carrier-ros2/img) by extension 'colcon_meta'
[0.324s] Level 1:colcon.colcon_core.package_identification:_identify(src/circular-carrier-ros2/img) by extensions ['ros']
[0.324s] Level 1:colcon.colcon_core.package_identification:_identify(src/circular-carrier-ros2/img) by extension 'ros'
[0.324s] Level 1:colcon.colcon_core.package_identification:_identify(src/circular-carrier-ros2/img) by extensions ['cmake', 'python']
[0.324s] Level 1:colcon.colcon_core.package_identification:_identify(src/circular-carrier-ros2/img) by extension 'cmake'
[0.324s] Level 1:colcon.colcon_core.package_identification:_identify(src/circular-carrier-ros2/img) by extension 'python'
[0.325s] Level 1:colcon.colcon_core.package_identification:_identify(src/circular-carrier-ros2/img) by extensions ['python_setup_py']
[0.325s] Level 1:colcon.colcon_core.package_identification:_identify(src/circular-carrier-ros2/img) by extension 'python_setup_py'
[0.325s] Level 1:colcon.colcon_core.package_identification:_identify(src/drivers-wrapper-ros2) by extensions ['ignore', 'ignore_ament_install']
[0.325s] Level 1:colcon.colcon_core.package_identification:_identify(src/drivers-wrapper-ros2) by extension 'ignore'
[0.325s] Level 1:colcon.colcon_core.package_identification:_identify(src/drivers-wrapper-ros2) by extension 'ignore_ament_install'
[0.325s] Level 1:colcon.colcon_core.package_identification:_identify(src/drivers-wrapper-ros2) by extensions ['colcon_pkg']
[0.325s] Level 1:colcon.colcon_core.package_identification:_identify(src/drivers-wrapper-ros2) by extension 'colcon_pkg'
[0.325s] Level 1:colcon.colcon_core.package_identification:_identify(src/drivers-wrapper-ros2) by extensions ['colcon_meta']
[0.325s] Level 1:colcon.colcon_core.package_identification:_identify(src/drivers-wrapper-ros2) by extension 'colcon_meta'
[0.325s] Level 1:colcon.colcon_core.package_identification:_identify(src/drivers-wrapper-ros2) by extensions ['ros']
[0.325s] Level 1:colcon.colcon_core.package_identification:_identify(src/drivers-wrapper-ros2) by extension 'ros'
[0.325s] Level 1:colcon.colcon_core.package_identification:_identify(src/drivers-wrapper-ros2) by extensions ['cmake', 'python']
[0.325s] Level 1:colcon.colcon_core.package_identification:_identify(src/drivers-wrapper-ros2) by extension 'cmake'
[0.325s] Level 1:colcon.colcon_core.package_identification:_identify(src/drivers-wrapper-ros2) by extension 'python'
[0.325s] Level 1:colcon.colcon_core.package_identification:_identify(src/drivers-wrapper-ros2) by extensions ['python_setup_py']
[0.325s] Level 1:colcon.colcon_core.package_identification:_identify(src/drivers-wrapper-ros2) by extension 'python_setup_py'
[0.325s] Level 1:colcon.colcon_core.package_identification:_identify(src/drivers-wrapper-ros2/nanotec-wrapper-ros2) by extensions ['ignore', 'ignore_ament_install']
[0.325s] Level 1:colcon.colcon_core.package_identification:_identify(src/drivers-wrapper-ros2/nanotec-wrapper-ros2) by extension 'ignore'
[0.325s] Level 1:colcon.colcon_core.package_identification:_identify(src/drivers-wrapper-ros2/nanotec-wrapper-ros2) by extension 'ignore_ament_install'
[0.325s] Level 1:colcon.colcon_core.package_identification:_identify(src/drivers-wrapper-ros2/nanotec-wrapper-ros2) by extensions ['colcon_pkg']
[0.325s] Level 1:colcon.colcon_core.package_identification:_identify(src/drivers-wrapper-ros2/nanotec-wrapper-ros2) by extension 'colcon_pkg'
[0.326s] Level 1:colcon.colcon_core.package_identification:_identify(src/drivers-wrapper-ros2/nanotec-wrapper-ros2) by extensions ['colcon_meta']
[0.326s] Level 1:colcon.colcon_core.package_identification:_identify(src/drivers-wrapper-ros2/nanotec-wrapper-ros2) by extension 'colcon_meta'
[0.326s] Level 1:colcon.colcon_core.package_identification:_identify(src/drivers-wrapper-ros2/nanotec-wrapper-ros2) by extensions ['ros']
[0.326s] Level 1:colcon.colcon_core.package_identification:_identify(src/drivers-wrapper-ros2/nanotec-wrapper-ros2) by extension 'ros'
[0.326s] Level 1:colcon.colcon_core.package_identification:_identify(src/drivers-wrapper-ros2/nanotec-wrapper-ros2) by extensions ['cmake', 'python']
[0.326s] Level 1:colcon.colcon_core.package_identification:_identify(src/drivers-wrapper-ros2/nanotec-wrapper-ros2) by extension 'cmake'
[0.326s] Level 1:colcon.colcon_core.package_identification:_identify(src/drivers-wrapper-ros2/nanotec-wrapper-ros2) by extension 'python'
[0.326s] Level 1:colcon.colcon_core.package_identification:_identify(src/drivers-wrapper-ros2/nanotec-wrapper-ros2) by extensions ['python_setup_py']
[0.326s] Level 1:colcon.colcon_core.package_identification:_identify(src/drivers-wrapper-ros2/nanotec-wrapper-ros2) by extension 'python_setup_py'
[0.326s] Level 1:colcon.colcon_core.package_identification:_identify(src/drivers-wrapper-ros2/nanotec-wrapper-ros2/nanotec_driver) by extensions ['ignore', 'ignore_ament_install']
[0.326s] Level 1:colcon.colcon_core.package_identification:_identify(src/drivers-wrapper-ros2/nanotec-wrapper-ros2/nanotec_driver) by extension 'ignore'
[0.326s] Level 1:colcon.colcon_core.package_identification:_identify(src/drivers-wrapper-ros2/nanotec-wrapper-ros2/nanotec_driver) by extension 'ignore_ament_install'
[0.326s] Level 1:colcon.colcon_core.package_identification:_identify(src/drivers-wrapper-ros2/nanotec-wrapper-ros2/nanotec_driver) by extensions ['colcon_pkg']
[0.326s] Level 1:colcon.colcon_core.package_identification:_identify(src/drivers-wrapper-ros2/nanotec-wrapper-ros2/nanotec_driver) by extension 'colcon_pkg'
[0.326s] Level 1:colcon.colcon_core.package_identification:_identify(src/drivers-wrapper-ros2/nanotec-wrapper-ros2/nanotec_driver) by extensions ['colcon_meta']
[0.326s] Level 1:colcon.colcon_core.package_identification:_identify(src/drivers-wrapper-ros2/nanotec-wrapper-ros2/nanotec_driver) by extension 'colcon_meta'
[0.326s] Level 1:colcon.colcon_core.package_identification:_identify(src/drivers-wrapper-ros2/nanotec-wrapper-ros2/nanotec_driver) by extensions ['ros']
[0.326s] Level 1:colcon.colcon_core.package_identification:_identify(src/drivers-wrapper-ros2/nanotec-wrapper-ros2/nanotec_driver) by extension 'ros'
[0.326s] DEBUG:colcon.colcon_core.package_identification:Package 'src/drivers-wrapper-ros2/nanotec-wrapper-ros2/nanotec_driver' with type 'ros.ament_python' and name 'nanotec_driver'
[0.327s] Level 1:colcon.colcon_core.package_identification:_identify(src/drivers-wrapper-ros2/nanotec-wrapper-ros2/nanotec_msgs) by extensions ['ignore', 'ignore_ament_install']
[0.327s] Level 1:colcon.colcon_core.package_identification:_identify(src/drivers-wrapper-ros2/nanotec-wrapper-ros2/nanotec_msgs) by extension 'ignore'
[0.327s] Level 1:colcon.colcon_core.package_identification:_identify(src/drivers-wrapper-ros2/nanotec-wrapper-ros2/nanotec_msgs) by extension 'ignore_ament_install'
[0.327s] Level 1:colcon.colcon_core.package_identification:_identify(src/drivers-wrapper-ros2/nanotec-wrapper-ros2/nanotec_msgs) by extensions ['colcon_pkg']
[0.327s] Level 1:colcon.colcon_core.package_identification:_identify(src/drivers-wrapper-ros2/nanotec-wrapper-ros2/nanotec_msgs) by extension 'colcon_pkg'
[0.327s] Level 1:colcon.colcon_core.package_identification:_identify(src/drivers-wrapper-ros2/nanotec-wrapper-ros2/nanotec_msgs) by extensions ['colcon_meta']
[0.327s] Level 1:colcon.colcon_core.package_identification:_identify(src/drivers-wrapper-ros2/nanotec-wrapper-ros2/nanotec_msgs) by extension 'colcon_meta'
[0.327s] Level 1:colcon.colcon_core.package_identification:_identify(src/drivers-wrapper-ros2/nanotec-wrapper-ros2/nanotec_msgs) by extensions ['ros']
[0.327s] Level 1:colcon.colcon_core.package_identification:_identify(src/drivers-wrapper-ros2/nanotec-wrapper-ros2/nanotec_msgs) by extension 'ros'
[0.327s] DEBUG:colcon.colcon_core.package_identification:Package 'src/drivers-wrapper-ros2/nanotec-wrapper-ros2/nanotec_msgs' with type 'ros.ament_cmake' and name 'nanotec_msgs'
[0.327s] Level 1:colcon.colcon_core.package_identification:_identify(src/nimblbot-ros-2) by extensions ['ignore', 'ignore_ament_install']
[0.328s] Level 1:colcon.colcon_core.package_identification:_identify(src/nimblbot-ros-2) by extension 'ignore'
[0.328s] Level 1:colcon.colcon_core.package_identification:_identify(src/nimblbot-ros-2) by extension 'ignore_ament_install'
[0.328s] Level 1:colcon.colcon_core.package_identification:_identify(src/nimblbot-ros-2) by extensions ['colcon_pkg']
[0.328s] Level 1:colcon.colcon_core.package_identification:_identify(src/nimblbot-ros-2) by extension 'colcon_pkg'
[0.328s] Level 1:colcon.colcon_core.package_identification:_identify(src/nimblbot-ros-2) by extensions ['colcon_meta']
[0.328s] Level 1:colcon.colcon_core.package_identification:_identify(src/nimblbot-ros-2) by extension 'colcon_meta'
[0.328s] Level 1:colcon.colcon_core.package_identification:_identify(src/nimblbot-ros-2) by extensions ['ros']
[0.328s] Level 1:colcon.colcon_core.package_identification:_identify(src/nimblbot-ros-2) by extension 'ros'
[0.328s] Level 1:colcon.colcon_core.package_identification:_identify(src/nimblbot-ros-2) by extensions ['cmake', 'python']
[0.328s] Level 1:colcon.colcon_core.package_identification:_identify(src/nimblbot-ros-2) by extension 'cmake'
[0.328s] Level 1:colcon.colcon_core.package_identification:_identify(src/nimblbot-ros-2) by extension 'python'
[0.328s] Level 1:colcon.colcon_core.package_identification:_identify(src/nimblbot-ros-2) by extensions ['python_setup_py']
[0.328s] Level 1:colcon.colcon_core.package_identification:_identify(src/nimblbot-ros-2) by extension 'python_setup_py'
[0.328s] Level 1:colcon.colcon_core.package_identification:_identify(src/nimblbot-ros-2/nimblbot_bringup) by extensions ['ignore', 'ignore_ament_install']
[0.328s] Level 1:colcon.colcon_core.package_identification:_identify(src/nimblbot-ros-2/nimblbot_bringup) by extension 'ignore'
[0.328s] Level 1:colcon.colcon_core.package_identification:_identify(src/nimblbot-ros-2/nimblbot_bringup) by extension 'ignore_ament_install'
[0.328s] Level 1:colcon.colcon_core.package_identification:_identify(src/nimblbot-ros-2/nimblbot_bringup) by extensions ['colcon_pkg']
[0.328s] Level 1:colcon.colcon_core.package_identification:_identify(src/nimblbot-ros-2/nimblbot_bringup) by extension 'colcon_pkg'
[0.328s] Level 1:colcon.colcon_core.package_identification:_identify(src/nimblbot-ros-2/nimblbot_bringup) by extensions ['colcon_meta']
[0.328s] Level 1:colcon.colcon_core.package_identification:_identify(src/nimblbot-ros-2/nimblbot_bringup) by extension 'colcon_meta'
[0.328s] Level 1:colcon.colcon_core.package_identification:_identify(src/nimblbot-ros-2/nimblbot_bringup) by extensions ['ros']
[0.328s] Level 1:colcon.colcon_core.package_identification:_identify(src/nimblbot-ros-2/nimblbot_bringup) by extension 'ros'
[0.329s] DEBUG:colcon.colcon_core.package_identification:Package 'src/nimblbot-ros-2/nimblbot_bringup' with type 'ros.ament_cmake' and name 'nimblbot_bringup'
[0.329s] Level 1:colcon.colcon_core.package_identification:_identify(src/nimblbot-ros-2/nimblbot_control) by extensions ['ignore', 'ignore_ament_install']
[0.329s] Level 1:colcon.colcon_core.package_identification:_identify(src/nimblbot-ros-2/nimblbot_control) by extension 'ignore'
[0.329s] Level 1:colcon.colcon_core.package_identification:_identify(src/nimblbot-ros-2/nimblbot_control) by extension 'ignore_ament_install'
[0.329s] Level 1:colcon.colcon_core.package_identification:_identify(src/nimblbot-ros-2/nimblbot_control) by extensions ['colcon_pkg']
[0.329s] Level 1:colcon.colcon_core.package_identification:_identify(src/nimblbot-ros-2/nimblbot_control) by extension 'colcon_pkg'
[0.329s] Level 1:colcon.colcon_core.package_identification:_identify(src/nimblbot-ros-2/nimblbot_control) by extensions ['colcon_meta']
[0.329s] Level 1:colcon.colcon_core.package_identification:_identify(src/nimblbot-ros-2/nimblbot_control) by extension 'colcon_meta'
[0.329s] Level 1:colcon.colcon_core.package_identification:_identify(src/nimblbot-ros-2/nimblbot_control) by extensions ['ros']
[0.329s] Level 1:colcon.colcon_core.package_identification:_identify(src/nimblbot-ros-2/nimblbot_control) by extension 'ros'
[0.330s] DEBUG:colcon.colcon_core.package_identification:Package 'src/nimblbot-ros-2/nimblbot_control' with type 'ros.ament_python' and name 'nimblbot_control'
[0.330s] Level 1:colcon.colcon_core.package_identification:_identify(src/nimblbot-ros-2/nimblbot_description) by extensions ['ignore', 'ignore_ament_install']
[0.330s] Level 1:colcon.colcon_core.package_identification:_identify(src/nimblbot-ros-2/nimblbot_description) by extension 'ignore'
[0.330s] Level 1:colcon.colcon_core.package_identification:_identify(src/nimblbot-ros-2/nimblbot_description) by extension 'ignore_ament_install'
[0.330s] Level 1:colcon.colcon_core.package_identification:_identify(src/nimblbot-ros-2/nimblbot_description) by extensions ['colcon_pkg']
[0.330s] Level 1:colcon.colcon_core.package_identification:_identify(src/nimblbot-ros-2/nimblbot_description) by extension 'colcon_pkg'
[0.330s] Level 1:colcon.colcon_core.package_identification:_identify(src/nimblbot-ros-2/nimblbot_description) by extensions ['colcon_meta']
[0.330s] Level 1:colcon.colcon_core.package_identification:_identify(src/nimblbot-ros-2/nimblbot_description) by extension 'colcon_meta'
[0.330s] Level 1:colcon.colcon_core.package_identification:_identify(src/nimblbot-ros-2/nimblbot_description) by extensions ['ros']
[0.330s] Level 1:colcon.colcon_core.package_identification:_identify(src/nimblbot-ros-2/nimblbot_description) by extension 'ros'
[0.330s] DEBUG:colcon.colcon_core.package_identification:Package 'src/nimblbot-ros-2/nimblbot_description' with type 'ros.ament_cmake' and name 'nimblbot_description'
[0.331s] Level 1:colcon.colcon_core.package_identification:_identify(src/nimblbot-ros-2/nimblbot_driver) by extensions ['ignore', 'ignore_ament_install']
[0.331s] Level 1:colcon.colcon_core.package_identification:_identify(src/nimblbot-ros-2/nimblbot_driver) by extension 'ignore'
[0.331s] Level 1:colcon.colcon_core.package_identification:_identify(src/nimblbot-ros-2/nimblbot_driver) by extension 'ignore_ament_install'
[0.331s] Level 1:colcon.colcon_core.package_identification:_identify(src/nimblbot-ros-2/nimblbot_driver) by extensions ['colcon_pkg']
[0.331s] Level 1:colcon.colcon_core.package_identification:_identify(src/nimblbot-ros-2/nimblbot_driver) by extension 'colcon_pkg'
[0.331s] Level 1:colcon.colcon_core.package_identification:_identify(src/nimblbot-ros-2/nimblbot_driver) by extensions ['colcon_meta']
[0.331s] Level 1:colcon.colcon_core.package_identification:_identify(src/nimblbot-ros-2/nimblbot_driver) by extension 'colcon_meta'
[0.331s] Level 1:colcon.colcon_core.package_identification:_identify(src/nimblbot-ros-2/nimblbot_driver) by extensions ['ros']
[0.331s] Level 1:colcon.colcon_core.package_identification:_identify(src/nimblbot-ros-2/nimblbot_driver) by extension 'ros'
[0.331s] DEBUG:colcon.colcon_core.package_identification:Package 'src/nimblbot-ros-2/nimblbot_driver' with type 'ros.ament_python' and name 'nimblbot_driver'
[0.332s] Level 1:colcon.colcon_core.package_identification:_identify(src/nimblbot-ros-2/nimblbot_kinematics) by extensions ['ignore', 'ignore_ament_install']
[0.332s] Level 1:colcon.colcon_core.package_identification:_identify(src/nimblbot-ros-2/nimblbot_kinematics) by extension 'ignore'
[0.332s] Level 1:colcon.colcon_core.package_identification:_identify(src/nimblbot-ros-2/nimblbot_kinematics) by extension 'ignore_ament_install'
[0.332s] Level 1:colcon.colcon_core.package_identification:_identify(src/nimblbot-ros-2/nimblbot_kinematics) by extensions ['colcon_pkg']
[0.332s] Level 1:colcon.colcon_core.package_identification:_identify(src/nimblbot-ros-2/nimblbot_kinematics) by extension 'colcon_pkg'
[0.332s] Level 1:colcon.colcon_core.package_identification:_identify(src/nimblbot-ros-2/nimblbot_kinematics) by extensions ['colcon_meta']
[0.332s] Level 1:colcon.colcon_core.package_identification:_identify(src/nimblbot-ros-2/nimblbot_kinematics) by extension 'colcon_meta'
[0.332s] Level 1:colcon.colcon_core.package_identification:_identify(src/nimblbot-ros-2/nimblbot_kinematics) by extensions ['ros']
[0.332s] Level 1:colcon.colcon_core.package_identification:_identify(src/nimblbot-ros-2/nimblbot_kinematics) by extension 'ros'
[0.332s] DEBUG:colcon.colcon_core.package_identification:Package 'src/nimblbot-ros-2/nimblbot_kinematics' with type 'ros.ament_python' and name 'nimblbot_kinematics'
[0.333s] Level 1:colcon.colcon_core.package_identification:_identify(src/nimblbot-ros-2/nimblbot_path_follow) by extensions ['ignore', 'ignore_ament_install']
[0.333s] Level 1:colcon.colcon_core.package_identification:_identify(src/nimblbot-ros-2/nimblbot_path_follow) by extension 'ignore'
[0.333s] Level 1:colcon.colcon_core.package_identification:_identify(src/nimblbot-ros-2/nimblbot_path_follow) by extension 'ignore_ament_install'
[0.333s] Level 1:colcon.colcon_core.package_identification:_identify(src/nimblbot-ros-2/nimblbot_path_follow) by extensions ['colcon_pkg']
[0.333s] Level 1:colcon.colcon_core.package_identification:_identify(src/nimblbot-ros-2/nimblbot_path_follow) by extension 'colcon_pkg'
[0.333s] Level 1:colcon.colcon_core.package_identification:_identify(src/nimblbot-ros-2/nimblbot_path_follow) by extensions ['colcon_meta']
[0.333s] Level 1:colcon.colcon_core.package_identification:_identify(src/nimblbot-ros-2/nimblbot_path_follow) by extension 'colcon_meta'
[0.333s] Level 1:colcon.colcon_core.package_identification:_identify(src/nimblbot-ros-2/nimblbot_path_follow) by extensions ['ros']
[0.333s] Level 1:colcon.colcon_core.package_identification:_identify(src/nimblbot-ros-2/nimblbot_path_follow) by extension 'ros'
[0.333s] DEBUG:colcon.colcon_core.package_identification:Package 'src/nimblbot-ros-2/nimblbot_path_follow' with type 'ros.ament_python' and name 'nimblbot_path_follow'
[0.333s] Level 1:colcon.colcon_core.package_identification:_identify(src/nimblbot-ros-2/nimblbot_simulation_scenes) by extensions ['ignore', 'ignore_ament_install']
[0.333s] Level 1:colcon.colcon_core.package_identification:_identify(src/nimblbot-ros-2/nimblbot_simulation_scenes) by extension 'ignore'
[0.334s] Level 1:colcon.colcon_core.package_identification:_identify(src/nimblbot-ros-2/nimblbot_simulation_scenes) by extension 'ignore_ament_install'
[0.334s] Level 1:colcon.colcon_core.package_identification:_identify(src/nimblbot-ros-2/nimblbot_simulation_scenes) by extensions ['colcon_pkg']
[0.334s] Level 1:colcon.colcon_core.package_identification:_identify(src/nimblbot-ros-2/nimblbot_simulation_scenes) by extension 'colcon_pkg'
[0.334s] Level 1:colcon.colcon_core.package_identification:_identify(src/nimblbot-ros-2/nimblbot_simulation_scenes) by extensions ['colcon_meta']
[0.334s] Level 1:colcon.colcon_core.package_identification:_identify(src/nimblbot-ros-2/nimblbot_simulation_scenes) by extension 'colcon_meta'
[0.334s] Level 1:colcon.colcon_core.package_identification:_identify(src/nimblbot-ros-2/nimblbot_simulation_scenes) by extensions ['ros']
[0.334s] Level 1:colcon.colcon_core.package_identification:_identify(src/nimblbot-ros-2/nimblbot_simulation_scenes) by extension 'ros'
[0.334s] DEBUG:colcon.colcon_core.package_identification:Package 'src/nimblbot-ros-2/nimblbot_simulation_scenes' with type 'ros.ament_python' and name 'nimblbot_simulation_scenes'
[0.334s] Level 1:colcon.colcon_core.package_identification:_identify(src/nimblbot-ros-2/nimblbot_utils) by extensions ['ignore', 'ignore_ament_install']
[0.334s] Level 1:colcon.colcon_core.package_identification:_identify(src/nimblbot-ros-2/nimblbot_utils) by extension 'ignore'
[0.334s] Level 1:colcon.colcon_core.package_identification:_identify(src/nimblbot-ros-2/nimblbot_utils) by extension 'ignore_ament_install'
[0.334s] Level 1:colcon.colcon_core.package_identification:_identify(src/nimblbot-ros-2/nimblbot_utils) by extensions ['colcon_pkg']
[0.334s] Level 1:colcon.colcon_core.package_identification:_identify(src/nimblbot-ros-2/nimblbot_utils) by extension 'colcon_pkg'
[0.334s] Level 1:colcon.colcon_core.package_identification:_identify(src/nimblbot-ros-2/nimblbot_utils) by extensions ['colcon_meta']
[0.334s] Level 1:colcon.colcon_core.package_identification:_identify(src/nimblbot-ros-2/nimblbot_utils) by extension 'colcon_meta'
[0.335s] Level 1:colcon.colcon_core.package_identification:_identify(src/nimblbot-ros-2/nimblbot_utils) by extensions ['ros']
[0.335s] Level 1:colcon.colcon_core.package_identification:_identify(src/nimblbot-ros-2/nimblbot_utils) by extension 'ros'
[0.335s] DEBUG:colcon.colcon_core.package_identification:Package 'src/nimblbot-ros-2/nimblbot_utils' with type 'ros.ament_python' and name 'nimblbot_utils'
[0.335s] Level 1:colcon.colcon_core.package_identification:_identify(src/rviz-overlay-ros2) by extensions ['ignore', 'ignore_ament_install']
[0.335s] Level 1:colcon.colcon_core.package_identification:_identify(src/rviz-overlay-ros2) by extension 'ignore'
[0.335s] Level 1:colcon.colcon_core.package_identification:_identify(src/rviz-overlay-ros2) by extension 'ignore_ament_install'
[0.335s] Level 1:colcon.colcon_core.package_identification:_identify(src/rviz-overlay-ros2) by extensions ['colcon_pkg']
[0.335s] Level 1:colcon.colcon_core.package_identification:_identify(src/rviz-overlay-ros2) by extension 'colcon_pkg'
[0.335s] Level 1:colcon.colcon_core.package_identification:_identify(src/rviz-overlay-ros2) by extensions ['colcon_meta']
[0.335s] Level 1:colcon.colcon_core.package_identification:_identify(src/rviz-overlay-ros2) by extension 'colcon_meta'
[0.335s] Level 1:colcon.colcon_core.package_identification:_identify(src/rviz-overlay-ros2) by extensions ['ros']
[0.335s] Level 1:colcon.colcon_core.package_identification:_identify(src/rviz-overlay-ros2) by extension 'ros'
[0.335s] Level 1:colcon.colcon_core.package_identification:_identify(src/rviz-overlay-ros2) by extensions ['cmake', 'python']
[0.335s] Level 1:colcon.colcon_core.package_identification:_identify(src/rviz-overlay-ros2) by extension 'cmake'
[0.335s] Level 1:colcon.colcon_core.package_identification:_identify(src/rviz-overlay-ros2) by extension 'python'
[0.336s] Level 1:colcon.colcon_core.package_identification:_identify(src/rviz-overlay-ros2) by extensions ['python_setup_py']
[0.336s] Level 1:colcon.colcon_core.package_identification:_identify(src/rviz-overlay-ros2) by extension 'python_setup_py'
[0.336s] Level 1:colcon.colcon_core.package_identification:_identify(src/rviz-overlay-ros2/hector_rviz_overlay) by extensions ['ignore', 'ignore_ament_install']
[0.336s] Level 1:colcon.colcon_core.package_identification:_identify(src/rviz-overlay-ros2/hector_rviz_overlay) by extension 'ignore'
[0.336s] Level 1:colcon.colcon_core.package_identification:_identify(src/rviz-overlay-ros2/hector_rviz_overlay) by extension 'ignore_ament_install'
[0.336s] Level 1:colcon.colcon_core.package_identification:_identify(src/rviz-overlay-ros2/hector_rviz_overlay) by extensions ['colcon_pkg']
[0.336s] Level 1:colcon.colcon_core.package_identification:_identify(src/rviz-overlay-ros2/hector_rviz_overlay) by extension 'colcon_pkg'
[0.336s] Level 1:colcon.colcon_core.package_identification:_identify(src/rviz-overlay-ros2/hector_rviz_overlay) by extensions ['colcon_meta']
[0.336s] Level 1:colcon.colcon_core.package_identification:_identify(src/rviz-overlay-ros2/hector_rviz_overlay) by extension 'colcon_meta'
[0.336s] Level 1:colcon.colcon_core.package_identification:_identify(src/rviz-overlay-ros2/hector_rviz_overlay) by extensions ['ros']
[0.336s] Level 1:colcon.colcon_core.package_identification:_identify(src/rviz-overlay-ros2/hector_rviz_overlay) by extension 'ros'
[0.336s] Level 1:colcon.colcon_core.package_identification:_identify(src/rviz-overlay-ros2/hector_rviz_overlay) by extensions ['cmake', 'python']
[0.336s] Level 1:colcon.colcon_core.package_identification:_identify(src/rviz-overlay-ros2/hector_rviz_overlay) by extension 'cmake'
[0.336s] Level 1:colcon.colcon_core.package_identification:_identify(src/rviz-overlay-ros2/hector_rviz_overlay) by extension 'python'
[0.336s] Level 1:colcon.colcon_core.package_identification:_identify(src/rviz-overlay-ros2/hector_rviz_overlay) by extensions ['python_setup_py']
[0.336s] Level 1:colcon.colcon_core.package_identification:_identify(src/rviz-overlay-ros2/hector_rviz_overlay) by extension 'python_setup_py'
[0.336s] Level 1:colcon.colcon_core.package_identification:_identify(src/rviz-overlay-ros2/hector_rviz_overlay/hector_rviz_overlay) by extensions ['ignore', 'ignore_ament_install']
[0.336s] Level 1:colcon.colcon_core.package_identification:_identify(src/rviz-overlay-ros2/hector_rviz_overlay/hector_rviz_overlay) by extension 'ignore'
[0.336s] Level 1:colcon.colcon_core.package_identification:_identify(src/rviz-overlay-ros2/hector_rviz_overlay/hector_rviz_overlay) by extension 'ignore_ament_install'
[0.336s] Level 1:colcon.colcon_core.package_identification:_identify(src/rviz-overlay-ros2/hector_rviz_overlay/hector_rviz_overlay) by extensions ['colcon_pkg']
[0.336s] Level 1:colcon.colcon_core.package_identification:_identify(src/rviz-overlay-ros2/hector_rviz_overlay/hector_rviz_overlay) by extension 'colcon_pkg'
[0.336s] Level 1:colcon.colcon_core.package_identification:_identify(src/rviz-overlay-ros2/hector_rviz_overlay/hector_rviz_overlay) by extensions ['colcon_meta']
[0.336s] Level 1:colcon.colcon_core.package_identification:_identify(src/rviz-overlay-ros2/hector_rviz_overlay/hector_rviz_overlay) by extension 'colcon_meta'
[0.336s] Level 1:colcon.colcon_core.package_identification:_identify(src/rviz-overlay-ros2/hector_rviz_overlay/hector_rviz_overlay) by extensions ['ros']
[0.336s] Level 1:colcon.colcon_core.package_identification:_identify(src/rviz-overlay-ros2/hector_rviz_overlay/hector_rviz_overlay) by extension 'ros'
[0.337s] DEBUG:colcon.colcon_core.package_identification:Package 'src/rviz-overlay-ros2/hector_rviz_overlay/hector_rviz_overlay' with type 'ros.ament_cmake' and name 'hector_rviz_overlay'
[0.337s] Level 1:colcon.colcon_core.package_identification:_identify(src/rviz-overlay-ros2/nimblbot_rviz_overlay) by extensions ['ignore', 'ignore_ament_install']
[0.337s] Level 1:colcon.colcon_core.package_identification:_identify(src/rviz-overlay-ros2/nimblbot_rviz_overlay) by extension 'ignore'
[0.338s] Level 1:colcon.colcon_core.package_identification:_identify(src/rviz-overlay-ros2/nimblbot_rviz_overlay) by extension 'ignore_ament_install'
[0.338s] Level 1:colcon.colcon_core.package_identification:_identify(src/rviz-overlay-ros2/nimblbot_rviz_overlay) by extensions ['colcon_pkg']
[0.338s] Level 1:colcon.colcon_core.package_identification:_identify(src/rviz-overlay-ros2/nimblbot_rviz_overlay) by extension 'colcon_pkg'
[0.338s] Level 1:colcon.colcon_core.package_identification:_identify(src/rviz-overlay-ros2/nimblbot_rviz_overlay) by extensions ['colcon_meta']
[0.338s] Level 1:colcon.colcon_core.package_identification:_identify(src/rviz-overlay-ros2/nimblbot_rviz_overlay) by extension 'colcon_meta'
[0.338s] Level 1:colcon.colcon_core.package_identification:_identify(src/rviz-overlay-ros2/nimblbot_rviz_overlay) by extensions ['ros']
[0.338s] Level 1:colcon.colcon_core.package_identification:_identify(src/rviz-overlay-ros2/nimblbot_rviz_overlay) by extension 'ros'
[0.338s] DEBUG:colcon.colcon_core.package_identification:Package 'src/rviz-overlay-ros2/nimblbot_rviz_overlay' with type 'ros.ament_cmake' and name 'nimblbot_rviz_overlay'
[0.339s] Level 1:colcon.colcon_core.package_identification:_identify(src/rviz-overlay-ros2/qml_ros2_plugin) by extensions ['ignore', 'ignore_ament_install']
[0.339s] Level 1:colcon.colcon_core.package_identification:_identify(src/rviz-overlay-ros2/qml_ros2_plugin) by extension 'ignore'
[0.339s] Level 1:colcon.colcon_core.package_identification:_identify(src/rviz-overlay-ros2/qml_ros2_plugin) by extension 'ignore_ament_install'
[0.339s] Level 1:colcon.colcon_core.package_identification:_identify(src/rviz-overlay-ros2/qml_ros2_plugin) by extensions ['colcon_pkg']
[0.339s] Level 1:colcon.colcon_core.package_identification:_identify(src/rviz-overlay-ros2/qml_ros2_plugin) by extension 'colcon_pkg'
[0.339s] Level 1:colcon.colcon_core.package_identification:_identify(src/rviz-overlay-ros2/qml_ros2_plugin) by extensions ['colcon_meta']
[0.339s] Level 1:colcon.colcon_core.package_identification:_identify(src/rviz-overlay-ros2/qml_ros2_plugin) by extension 'colcon_meta'
[0.339s] Level 1:colcon.colcon_core.package_identification:_identify(src/rviz-overlay-ros2/qml_ros2_plugin) by extensions ['ros']
[0.339s] Level 1:colcon.colcon_core.package_identification:_identify(src/rviz-overlay-ros2/qml_ros2_plugin) by extension 'ros'
[0.340s] DEBUG:colcon.colcon_core.package_identification:Package 'src/rviz-overlay-ros2/qml_ros2_plugin' with type 'ros.ament_cmake' and name 'qml_ros2_plugin'
[0.340s] Level 1:colcon.colcon_core.package_identification:_identify(src/rviz-overlay-ros2/ros_babel_fish) by extensions ['ignore', 'ignore_ament_install']
[0.340s] Level 1:colcon.colcon_core.package_identification:_identify(src/rviz-overlay-ros2/ros_babel_fish) by extension 'ignore'
[0.340s] Level 1:colcon.colcon_core.package_identification:_identify(src/rviz-overlay-ros2/ros_babel_fish) by extension 'ignore_ament_install'
[0.340s] Level 1:colcon.colcon_core.package_identification:_identify(src/rviz-overlay-ros2/ros_babel_fish) by extensions ['colcon_pkg']
[0.340s] Level 1:colcon.colcon_core.package_identification:_identify(src/rviz-overlay-ros2/ros_babel_fish) by extension 'colcon_pkg'
[0.340s] Level 1:colcon.colcon_core.package_identification:_identify(src/rviz-overlay-ros2/ros_babel_fish) by extensions ['colcon_meta']
[0.340s] Level 1:colcon.colcon_core.package_identification:_identify(src/rviz-overlay-ros2/ros_babel_fish) by extension 'colcon_meta'
[0.340s] Level 1:colcon.colcon_core.package_identification:_identify(src/rviz-overlay-ros2/ros_babel_fish) by extensions ['ros']
[0.340s] Level 1:colcon.colcon_core.package_identification:_identify(src/rviz-overlay-ros2/ros_babel_fish) by extension 'ros'
[0.340s] Level 1:colcon.colcon_core.package_identification:_identify(src/rviz-overlay-ros2/ros_babel_fish) by extensions ['cmake', 'python']
[0.340s] Level 1:colcon.colcon_core.package_identification:_identify(src/rviz-overlay-ros2/ros_babel_fish) by extension 'cmake'
[0.340s] Level 1:colcon.colcon_core.package_identification:_identify(src/rviz-overlay-ros2/ros_babel_fish) by extension 'python'
[0.340s] Level 1:colcon.colcon_core.package_identification:_identify(src/rviz-overlay-ros2/ros_babel_fish) by extensions ['python_setup_py']
[0.340s] Level 1:colcon.colcon_core.package_identification:_identify(src/rviz-overlay-ros2/ros_babel_fish) by extension 'python_setup_py'
[0.340s] Level 1:colcon.colcon_core.package_identification:_identify(src/rviz-overlay-ros2/ros_babel_fish/ros_babel_fish) by extensions ['ignore', 'ignore_ament_install']
[0.341s] Level 1:colcon.colcon_core.package_identification:_identify(src/rviz-overlay-ros2/ros_babel_fish/ros_babel_fish) by extension 'ignore'
[0.341s] Level 1:colcon.colcon_core.package_identification:_identify(src/rviz-overlay-ros2/ros_babel_fish/ros_babel_fish) by extension 'ignore_ament_install'
[0.341s] Level 1:colcon.colcon_core.package_identification:_identify(src/rviz-overlay-ros2/ros_babel_fish/ros_babel_fish) by extensions ['colcon_pkg']
[0.341s] Level 1:colcon.colcon_core.package_identification:_identify(src/rviz-overlay-ros2/ros_babel_fish/ros_babel_fish) by extension 'colcon_pkg'
[0.341s] Level 1:colcon.colcon_core.package_identification:_identify(src/rviz-overlay-ros2/ros_babel_fish/ros_babel_fish) by extensions ['colcon_meta']
[0.341s] Level 1:colcon.colcon_core.package_identification:_identify(src/rviz-overlay-ros2/ros_babel_fish/ros_babel_fish) by extension 'colcon_meta'
[0.341s] Level 1:colcon.colcon_core.package_identification:_identify(src/rviz-overlay-ros2/ros_babel_fish/ros_babel_fish) by extensions ['ros']
[0.341s] Level 1:colcon.colcon_core.package_identification:_identify(src/rviz-overlay-ros2/ros_babel_fish/ros_babel_fish) by extension 'ros'
[0.342s] DEBUG:colcon.colcon_core.package_identification:Package 'src/rviz-overlay-ros2/ros_babel_fish/ros_babel_fish' with type 'ros.ament_cmake' and name 'ros_babel_fish'
[0.342s] Level 1:colcon.colcon_core.package_identification:_identify(src/rviz-overlay-ros2/ros_babel_fish/ros_babel_fish_test_msgs) by extensions ['ignore', 'ignore_ament_install']
[0.342s] Level 1:colcon.colcon_core.package_identification:_identify(src/rviz-overlay-ros2/ros_babel_fish/ros_babel_fish_test_msgs) by extension 'ignore'
[0.342s] Level 1:colcon.colcon_core.package_identification:_identify(src/rviz-overlay-ros2/ros_babel_fish/ros_babel_fish_test_msgs) by extension 'ignore_ament_install'
[0.342s] Level 1:colcon.colcon_core.package_identification:_identify(src/rviz-overlay-ros2/ros_babel_fish/ros_babel_fish_test_msgs) by extensions ['colcon_pkg']
[0.342s] Level 1:colcon.colcon_core.package_identification:_identify(src/rviz-overlay-ros2/ros_babel_fish/ros_babel_fish_test_msgs) by extension 'colcon_pkg'
[0.342s] Level 1:colcon.colcon_core.package_identification:_identify(src/rviz-overlay-ros2/ros_babel_fish/ros_babel_fish_test_msgs) by extensions ['colcon_meta']
[0.342s] Level 1:colcon.colcon_core.package_identification:_identify(src/rviz-overlay-ros2/ros_babel_fish/ros_babel_fish_test_msgs) by extension 'colcon_meta'
[0.342s] Level 1:colcon.colcon_core.package_identification:_identify(src/rviz-overlay-ros2/ros_babel_fish/ros_babel_fish_test_msgs) by extensions ['ros']
[0.342s] Level 1:colcon.colcon_core.package_identification:_identify(src/rviz-overlay-ros2/ros_babel_fish/ros_babel_fish_test_msgs) by extension 'ros'
[0.343s] DEBUG:colcon.colcon_core.package_identification:Package 'src/rviz-overlay-ros2/ros_babel_fish/ros_babel_fish_test_msgs' with type 'ros.ament_cmake' and name 'ros_babel_fish_test_msgs'
[0.343s] Level 1:colcon.colcon_core.package_identification:_identify(src/rviz-overlay-ros2/rviz_manager) by extensions ['ignore', 'ignore_ament_install']
[0.343s] Level 1:colcon.colcon_core.package_identification:_identify(src/rviz-overlay-ros2/rviz_manager) by extension 'ignore'
[0.343s] Level 1:colcon.colcon_core.package_identification:_identify(src/rviz-overlay-ros2/rviz_manager) by extension 'ignore_ament_install'
[0.343s] Level 1:colcon.colcon_core.package_identification:_identify(src/rviz-overlay-ros2/rviz_manager) by extensions ['colcon_pkg']
[0.343s] Level 1:colcon.colcon_core.package_identification:_identify(src/rviz-overlay-ros2/rviz_manager) by extension 'colcon_pkg'
[0.343s] Level 1:colcon.colcon_core.package_identification:_identify(src/rviz-overlay-ros2/rviz_manager) by extensions ['colcon_meta']
[0.343s] Level 1:colcon.colcon_core.package_identification:_identify(src/rviz-overlay-ros2/rviz_manager) by extension 'colcon_meta'
[0.343s] Level 1:colcon.colcon_core.package_identification:_identify(src/rviz-overlay-ros2/rviz_manager) by extensions ['ros']
[0.343s] Level 1:colcon.colcon_core.package_identification:_identify(src/rviz-overlay-ros2/rviz_manager) by extension 'ros'
[0.343s] DEBUG:colcon.colcon_core.package_identification:Package 'src/rviz-overlay-ros2/rviz_manager' with type 'ros.ament_python' and name 'rviz_manager'
[0.344s] Level 1:colcon.colcon_core.package_identification:_identify(src/rviz-overlay-ros2/rviz_manager_msgs) by extensions ['ignore', 'ignore_ament_install']
[0.344s] Level 1:colcon.colcon_core.package_identification:_identify(src/rviz-overlay-ros2/rviz_manager_msgs) by extension 'ignore'
[0.344s] Level 1:colcon.colcon_core.package_identification:_identify(src/rviz-overlay-ros2/rviz_manager_msgs) by extension 'ignore_ament_install'
[0.344s] Level 1:colcon.colcon_core.package_identification:_identify(src/rviz-overlay-ros2/rviz_manager_msgs) by extensions ['colcon_pkg']
[0.344s] Level 1:colcon.colcon_core.package_identification:_identify(src/rviz-overlay-ros2/rviz_manager_msgs) by extension 'colcon_pkg'
[0.344s] Level 1:colcon.colcon_core.package_identification:_identify(src/rviz-overlay-ros2/rviz_manager_msgs) by extensions ['colcon_meta']
[0.344s] Level 1:colcon.colcon_core.package_identification:_identify(src/rviz-overlay-ros2/rviz_manager_msgs) by extension 'colcon_meta'
[0.344s] Level 1:colcon.colcon_core.package_identification:_identify(src/rviz-overlay-ros2/rviz_manager_msgs) by extensions ['ros']
[0.344s] Level 1:colcon.colcon_core.package_identification:_identify(src/rviz-overlay-ros2/rviz_manager_msgs) by extension 'ros'
[0.344s] DEBUG:colcon.colcon_core.package_identification:Package 'src/rviz-overlay-ros2/rviz_manager_msgs' with type 'ros.ament_cmake' and name 'rviz_manager_msgs'
[0.344s] Level 1:colcon.colcon_core.package_identification:_identify(src/whole-body-spot-nb) by extensions ['ignore', 'ignore_ament_install']
[0.344s] Level 1:colcon.colcon_core.package_identification:_identify(src/whole-body-spot-nb) by extension 'ignore'
[0.344s] Level 1:colcon.colcon_core.package_identification:_identify(src/whole-body-spot-nb) by extension 'ignore_ament_install'
[0.344s] Level 1:colcon.colcon_core.package_identification:_identify(src/whole-body-spot-nb) by extensions ['colcon_pkg']
[0.344s] Level 1:colcon.colcon_core.package_identification:_identify(src/whole-body-spot-nb) by extension 'colcon_pkg'
[0.344s] Level 1:colcon.colcon_core.package_identification:_identify(src/whole-body-spot-nb) by extensions ['colcon_meta']
[0.345s] Level 1:colcon.colcon_core.package_identification:_identify(src/whole-body-spot-nb) by extension 'colcon_meta'
[0.345s] Level 1:colcon.colcon_core.package_identification:_identify(src/whole-body-spot-nb) by extensions ['ros']
[0.345s] Level 1:colcon.colcon_core.package_identification:_identify(src/whole-body-spot-nb) by extension 'ros'
[0.345s] Level 1:colcon.colcon_core.package_identification:_identify(src/whole-body-spot-nb) by extensions ['cmake', 'python']
[0.345s] Level 1:colcon.colcon_core.package_identification:_identify(src/whole-body-spot-nb) by extension 'cmake'
[0.345s] Level 1:colcon.colcon_core.package_identification:_identify(src/whole-body-spot-nb) by extension 'python'
[0.345s] Level 1:colcon.colcon_core.package_identification:_identify(src/whole-body-spot-nb) by extensions ['python_setup_py']
[0.345s] Level 1:colcon.colcon_core.package_identification:_identify(src/whole-body-spot-nb) by extension 'python_setup_py'
[0.345s] Level 1:colcon.colcon_core.package_identification:_identify(src/whole-body-spot-nb/whole_body_bringup) by extensions ['ignore', 'ignore_ament_install']
[0.345s] Level 1:colcon.colcon_core.package_identification:_identify(src/whole-body-spot-nb/whole_body_bringup) by extension 'ignore'
[0.345s] Level 1:colcon.colcon_core.package_identification:_identify(src/whole-body-spot-nb/whole_body_bringup) by extension 'ignore_ament_install'
[0.345s] Level 1:colcon.colcon_core.package_identification:_identify(src/whole-body-spot-nb/whole_body_bringup) by extensions ['colcon_pkg']
[0.345s] Level 1:colcon.colcon_core.package_identification:_identify(src/whole-body-spot-nb/whole_body_bringup) by extension 'colcon_pkg'
[0.345s] Level 1:colcon.colcon_core.package_identification:_identify(src/whole-body-spot-nb/whole_body_bringup) by extensions ['colcon_meta']
[0.345s] Level 1:colcon.colcon_core.package_identification:_identify(src/whole-body-spot-nb/whole_body_bringup) by extension 'colcon_meta'
[0.345s] Level 1:colcon.colcon_core.package_identification:_identify(src/whole-body-spot-nb/whole_body_bringup) by extensions ['ros']
[0.345s] Level 1:colcon.colcon_core.package_identification:_identify(src/whole-body-spot-nb/whole_body_bringup) by extension 'ros'
[0.345s] DEBUG:colcon.colcon_core.package_identification:Package 'src/whole-body-spot-nb/whole_body_bringup' with type 'ros.ament_python' and name 'whole_body_bringup'
[0.346s] Level 1:colcon.colcon_core.package_identification:_identify(src/whole-body-spot-nb/whole_body_scripts) by extensions ['ignore', 'ignore_ament_install']
[0.346s] Level 1:colcon.colcon_core.package_identification:_identify(src/whole-body-spot-nb/whole_body_scripts) by extension 'ignore'
[0.346s] Level 1:colcon.colcon_core.package_identification:_identify(src/whole-body-spot-nb/whole_body_scripts) by extension 'ignore_ament_install'
[0.346s] Level 1:colcon.colcon_core.package_identification:_identify(src/whole-body-spot-nb/whole_body_scripts) by extensions ['colcon_pkg']
[0.346s] Level 1:colcon.colcon_core.package_identification:_identify(src/whole-body-spot-nb/whole_body_scripts) by extension 'colcon_pkg'
[0.346s] Level 1:colcon.colcon_core.package_identification:_identify(src/whole-body-spot-nb/whole_body_scripts) by extensions ['colcon_meta']
[0.346s] Level 1:colcon.colcon_core.package_identification:_identify(src/whole-body-spot-nb/whole_body_scripts) by extension 'colcon_meta'
[0.346s] Level 1:colcon.colcon_core.package_identification:_identify(src/whole-body-spot-nb/whole_body_scripts) by extensions ['ros']
[0.346s] Level 1:colcon.colcon_core.package_identification:_identify(src/whole-body-spot-nb/whole_body_scripts) by extension 'ros'
[0.346s] DEBUG:colcon.colcon_core.package_identification:Package 'src/whole-body-spot-nb/whole_body_scripts' with type 'ros.ament_python' and name 'whole_body_scripts'
[0.346s] Level 1:colcon.colcon_core.package_discovery:discover_packages(recursive) using defaults
[0.346s] Level 1:colcon.colcon_core.package_discovery:discover_packages(ignore) discover
[0.346s] Level 1:colcon.colcon_core.package_discovery:discover_packages(ignore) using defaults
[0.346s] Level 1:colcon.colcon_core.package_discovery:discover_packages(path) discover
[0.346s] Level 1:colcon.colcon_core.package_discovery:discover_packages(path) using defaults
[0.367s] INFO:colcon.colcon_core.package_selection:Skipping package 'ros_babel_fish' in 'src/rviz-overlay-ros2/ros_babel_fish/ros_babel_fish'
[0.367s] INFO:colcon.colcon_core.package_selection:Skipping package 'qml_ros2_plugin' in 'src/rviz-overlay-ros2/qml_ros2_plugin'
[0.367s] INFO:colcon.colcon_core.package_selection:Skipping package 'nimblbot_rviz_overlay' in 'src/rviz-overlay-ros2/nimblbot_rviz_overlay'
[0.368s] Level 1:colcon.colcon_core.package_discovery:discover_packages(prefix_path) check parameters
[0.368s] Level 1:colcon.colcon_core.package_discovery:discover_packages(prefix_path) discover
[0.369s] WARNING:colcon.colcon_ros.prefix_path.ament:The path '/home/mtouri/ros2_ws_humble/install/rviz_manager_msgs' in the environment variable AMENT_PREFIX_PATH doesn't exist
[0.369s] WARNING:colcon.colcon_ros.prefix_path.ament:The path '/home/mtouri/ros2_ws_humble/install/rviz_manager' in the environment variable AMENT_PREFIX_PATH doesn't exist
[0.369s] WARNING:colcon.colcon_ros.prefix_path.ament:The path '/home/mtouri/ros2_ws_humble/install/ros_babel_fish_test_msgs' in the environment variable AMENT_PREFIX_PATH doesn't exist
[0.369s] WARNING:colcon.colcon_ros.prefix_path.ament:The path '/home/mtouri/ros2_ws_humble/install/nimblbot_control' in the environment variable AMENT_PREFIX_PATH doesn't exist
[0.369s] WARNING:colcon.colcon_ros.prefix_path.ament:The path '/home/mtouri/ros2_ws_humble/install/nimblbot_utils' in the environment variable AMENT_PREFIX_PATH doesn't exist
[0.369s] WARNING:colcon.colcon_ros.prefix_path.ament:The path '/home/mtouri/ros2_ws_humble/install/nimblbot_simulation_scenes' in the environment variable AMENT_PREFIX_PATH doesn't exist
[0.369s] WARNING:colcon.colcon_ros.prefix_path.ament:The path '/home/mtouri/ros2_ws_humble/install/nimblbot_path_follow' in the environment variable AMENT_PREFIX_PATH doesn't exist
[0.369s] WARNING:colcon.colcon_ros.prefix_path.ament:The path '/home/mtouri/ros2_ws_humble/install/nimblbot_bringup' in the environment variable AMENT_PREFIX_PATH doesn't exist
[0.369s] WARNING:colcon.colcon_ros.prefix_path.ament:The path '/home/mtouri/ros2_ws_humble/install/nimblbot_kinematics' in the environment variable AMENT_PREFIX_PATH doesn't exist
[0.369s] WARNING:colcon.colcon_ros.prefix_path.ament:The path '/home/mtouri/ros2_ws_humble/install/nimblbot_driver' in the environment variable AMENT_PREFIX_PATH doesn't exist
[0.369s] WARNING:colcon.colcon_ros.prefix_path.ament:The path '/home/mtouri/ros2_ws_humble/install/nimblbot_description' in the environment variable AMENT_PREFIX_PATH doesn't exist
[0.369s] WARNING:colcon.colcon_ros.prefix_path.ament:The path '/home/mtouri/ros2_ws_humble/install/circular_carrier_control' in the environment variable AMENT_PREFIX_PATH doesn't exist
[0.369s] WARNING:colcon.colcon_ros.prefix_path.ament:The path '/home/mtouri/ros2_ws_humble/install/nanotec_driver' in the environment variable AMENT_PREFIX_PATH doesn't exist
[0.369s] WARNING:colcon.colcon_ros.prefix_path.ament:The path '/home/mtouri/ros2_ws_humble/install/nanotec_msgs' in the environment variable AMENT_PREFIX_PATH doesn't exist
[0.369s] WARNING:colcon.colcon_ros.prefix_path.ament:The path '/home/mtouri/ros2_ws_humble/install/circular_carrier_msgs' in the environment variable AMENT_PREFIX_PATH doesn't exist
[0.369s] WARNING:colcon.colcon_ros.prefix_path.ament:The path '/home/mtouri/ros2_ws_humble/install/circular_carrier_bringup' in the environment variable AMENT_PREFIX_PATH doesn't exist
[0.369s] WARNING:colcon.colcon_ros.prefix_path.ament:The path '/home/mtouri/ros2_ws_humble/install/circular_carrier_description' in the environment variable AMENT_PREFIX_PATH doesn't exist
[0.370s] WARNING:colcon.colcon_ros.prefix_path.catkin:The path '/home/mtouri/ros2_ws_humble/install/rviz_manager_msgs' in the environment variable CMAKE_PREFIX_PATH doesn't exist
[0.370s] WARNING:colcon.colcon_ros.prefix_path.catkin:The path '/home/mtouri/ros2_ws_humble/install/ros_babel_fish_test_msgs' in the environment variable CMAKE_PREFIX_PATH doesn't exist
[0.370s] WARNING:colcon.colcon_ros.prefix_path.catkin:The path '/home/mtouri/ros2_ws_humble/install/nimblbot_bringup' in the environment variable CMAKE_PREFIX_PATH doesn't exist
[0.370s] WARNING:colcon.colcon_ros.prefix_path.catkin:The path '/home/mtouri/ros2_ws_humble/install/nimblbot_description' in the environment variable CMAKE_PREFIX_PATH doesn't exist
[0.370s] WARNING:colcon.colcon_ros.prefix_path.catkin:The path '/home/mtouri/ros2_ws_humble/install/nanotec_msgs' in the environment variable CMAKE_PREFIX_PATH doesn't exist
[0.370s] WARNING:colcon.colcon_ros.prefix_path.catkin:The path '/home/mtouri/ros2_ws_humble/install/circular_carrier_msgs' in the environment variable CMAKE_PREFIX_PATH doesn't exist
[0.370s] WARNING:colcon.colcon_ros.prefix_path.catkin:The path '/home/mtouri/ros2_ws_humble/install/circular_carrier_bringup' in the environment variable CMAKE_PREFIX_PATH doesn't exist
[0.370s] WARNING:colcon.colcon_ros.prefix_path.catkin:The path '/home/mtouri/ros2_ws_humble/install/circular_carrier_description' in the environment variable CMAKE_PREFIX_PATH doesn't exist
[0.371s] DEBUG:colcon.colcon_installed_package_information.package_discovery:Found 0 installed packages in /home/mtouri/ros2_ws_humble/install
[0.371s] DEBUG:colcon.colcon_installed_package_information.package_discovery:Found 13 installed packages in /home/mtouri/spot_ws/install
[0.372s] DEBUG:colcon.colcon_installed_package_information.package_discovery:Found 380 installed packages in /opt/ros/humble
[0.373s] Level 1:colcon.colcon_core.package_discovery:discover_packages(prefix_path) using defaults
[0.441s] Level 5:colcon.colcon_core.verb:set package 'circular_carrier_description' build argument 'cmake_args' from command line to 'None'
[0.441s] Level 5:colcon.colcon_core.verb:set package 'circular_carrier_description' build argument 'cmake_target' from command line to 'None'
[0.441s] Level 5:colcon.colcon_core.verb:set package 'circular_carrier_description' build argument 'cmake_target_skip_unavailable' from command line to 'False'
[0.441s] Level 5:colcon.colcon_core.verb:set package 'circular_carrier_description' build argument 'cmake_clean_cache' from command line to 'False'
[0.441s] Level 5:colcon.colcon_core.verb:set package 'circular_carrier_description' build argument 'cmake_clean_first' from command line to 'False'
[0.441s] Level 5:colcon.colcon_core.verb:set package 'circular_carrier_description' build argument 'cmake_force_configure' from command line to 'False'
[0.441s] Level 5:colcon.colcon_core.verb:set package 'circular_carrier_description' build argument 'ament_cmake_args' from command line to 'None'
[0.441s] Level 5:colcon.colcon_core.verb:set package 'circular_carrier_description' build argument 'catkin_cmake_args' from command line to 'None'
[0.441s] Level 5:colcon.colcon_core.verb:set package 'circular_carrier_description' build argument 'catkin_skip_building_tests' from command line to 'False'
[0.441s] DEBUG:colcon.colcon_core.verb:Building package 'circular_carrier_description' with the following arguments: {'ament_cmake_args': None, 'build_base': '/home/mtouri/ros2_ws_humble/build/circular_carrier_description', 'catkin_cmake_args': None, 'catkin_skip_building_tests': False, 'cmake_args': None, 'cmake_clean_cache': False, 'cmake_clean_first': False, 'cmake_force_configure': False, 'cmake_target': None, 'cmake_target_skip_unavailable': False, 'install_base': '/home/mtouri/ros2_ws_humble/install/circular_carrier_description', 'merge_install': False, 'path': '/home/mtouri/ros2_ws_humble/src/circular-carrier-ros2/circular_carrier_description', 'symlink_install': True, 'test_result_base': None}
[0.441s] Level 5:colcon.colcon_core.verb:set package 'circular_carrier_msgs' build argument 'cmake_args' from command line to 'None'
[0.441s] Level 5:colcon.colcon_core.verb:set package 'circular_carrier_msgs' build argument 'cmake_target' from command line to 'None'
[0.441s] Level 5:colcon.colcon_core.verb:set package 'circular_carrier_msgs' build argument 'cmake_target_skip_unavailable' from command line to 'False'
[0.441s] Level 5:colcon.colcon_core.verb:set package 'circular_carrier_msgs' build argument 'cmake_clean_cache' from command line to 'False'
[0.442s] Level 5:colcon.colcon_core.verb:set package 'circular_carrier_msgs' build argument 'cmake_clean_first' from command line to 'False'
[0.442s] Level 5:colcon.colcon_core.verb:set package 'circular_carrier_msgs' build argument 'cmake_force_configure' from command line to 'False'
[0.442s] Level 5:colcon.colcon_core.verb:set package 'circular_carrier_msgs' build argument 'ament_cmake_args' from command line to 'None'
[0.442s] Level 5:colcon.colcon_core.verb:set package 'circular_carrier_msgs' build argument 'catkin_cmake_args' from command line to 'None'
[0.442s] Level 5:colcon.colcon_core.verb:set package 'circular_carrier_msgs' build argument 'catkin_skip_building_tests' from command line to 'False'
[0.442s] DEBUG:colcon.colcon_core.verb:Building package 'circular_carrier_msgs' with the following arguments: {'ament_cmake_args': None, 'build_base': '/home/mtouri/ros2_ws_humble/build/circular_carrier_msgs', 'catkin_cmake_args': None, 'catkin_skip_building_tests': False, 'cmake_args': None, 'cmake_clean_cache': False, 'cmake_clean_first': False, 'cmake_force_configure': False, 'cmake_target': None, 'cmake_target_skip_unavailable': False, 'install_base': '/home/mtouri/ros2_ws_humble/install/circular_carrier_msgs', 'merge_install': False, 'path': '/home/mtouri/ros2_ws_humble/src/circular-carrier-ros2/circular_carrier_msgs', 'symlink_install': True, 'test_result_base': None}
[0.442s] Level 5:colcon.colcon_core.verb:set package 'hector_rviz_overlay' build argument 'cmake_args' from command line to 'None'
[0.442s] Level 5:colcon.colcon_core.verb:set package 'hector_rviz_overlay' build argument 'cmake_target' from command line to 'None'
[0.442s] Level 5:colcon.colcon_core.verb:set package 'hector_rviz_overlay' build argument 'cmake_target_skip_unavailable' from command line to 'False'
[0.442s] Level 5:colcon.colcon_core.verb:set package 'hector_rviz_overlay' build argument 'cmake_clean_cache' from command line to 'False'
[0.442s] Level 5:colcon.colcon_core.verb:set package 'hector_rviz_overlay' build argument 'cmake_clean_first' from command line to 'False'
[0.442s] Level 5:colcon.colcon_core.verb:set package 'hector_rviz_overlay' build argument 'cmake_force_configure' from command line to 'False'
[0.442s] Level 5:colcon.colcon_core.verb:set package 'hector_rviz_overlay' build argument 'ament_cmake_args' from command line to 'None'
[0.442s] Level 5:colcon.colcon_core.verb:set package 'hector_rviz_overlay' build argument 'catkin_cmake_args' from command line to 'None'
[0.442s] Level 5:colcon.colcon_core.verb:set package 'hector_rviz_overlay' build argument 'catkin_skip_building_tests' from command line to 'False'
[0.442s] DEBUG:colcon.colcon_core.verb:Building package 'hector_rviz_overlay' with the following arguments: {'ament_cmake_args': None, 'build_base': '/home/mtouri/ros2_ws_humble/build/hector_rviz_overlay', 'catkin_cmake_args': None, 'catkin_skip_building_tests': False, 'cmake_args': None, 'cmake_clean_cache': False, 'cmake_clean_first': False, 'cmake_force_configure': False, 'cmake_target': None, 'cmake_target_skip_unavailable': False, 'install_base': '/home/mtouri/ros2_ws_humble/install/hector_rviz_overlay', 'merge_install': False, 'path': '/home/mtouri/ros2_ws_humble/src/rviz-overlay-ros2/hector_rviz_overlay/hector_rviz_overlay', 'symlink_install': True, 'test_result_base': None}
[0.442s] Level 5:colcon.colcon_core.verb:set package 'nanotec_msgs' build argument 'cmake_args' from command line to 'None'
[0.442s] Level 5:colcon.colcon_core.verb:set package 'nanotec_msgs' build argument 'cmake_target' from command line to 'None'
[0.442s] Level 5:colcon.colcon_core.verb:set package 'nanotec_msgs' build argument 'cmake_target_skip_unavailable' from command line to 'False'
[0.442s] Level 5:colcon.colcon_core.verb:set package 'nanotec_msgs' build argument 'cmake_clean_cache' from command line to 'False'
[0.442s] Level 5:colcon.colcon_core.verb:set package 'nanotec_msgs' build argument 'cmake_clean_first' from command line to 'False'
[0.442s] Level 5:colcon.colcon_core.verb:set package 'nanotec_msgs' build argument 'cmake_force_configure' from command line to 'False'
[0.442s] Level 5:colcon.colcon_core.verb:set package 'nanotec_msgs' build argument 'ament_cmake_args' from command line to 'None'
[0.442s] Level 5:colcon.colcon_core.verb:set package 'nanotec_msgs' build argument 'catkin_cmake_args' from command line to 'None'
[0.442s] Level 5:colcon.colcon_core.verb:set package 'nanotec_msgs' build argument 'catkin_skip_building_tests' from command line to 'False'
[0.442s] DEBUG:colcon.colcon_core.verb:Building package 'nanotec_msgs' with the following arguments: {'ament_cmake_args': None, 'build_base': '/home/mtouri/ros2_ws_humble/build/nanotec_msgs', 'catkin_cmake_args': None, 'catkin_skip_building_tests': False, 'cmake_args': None, 'cmake_clean_cache': False, 'cmake_clean_first': False, 'cmake_force_configure': False, 'cmake_target': None, 'cmake_target_skip_unavailable': False, 'install_base': '/home/mtouri/ros2_ws_humble/install/nanotec_msgs', 'merge_install': False, 'path': '/home/mtouri/ros2_ws_humble/src/drivers-wrapper-ros2/nanotec-wrapper-ros2/nanotec_msgs', 'symlink_install': True, 'test_result_base': None}
[0.442s] Level 5:colcon.colcon_core.verb:set package 'nimblbot_description' build argument 'cmake_args' from command line to 'None'
[0.442s] Level 5:colcon.colcon_core.verb:set package 'nimblbot_description' build argument 'cmake_target' from command line to 'None'
[0.442s] Level 5:colcon.colcon_core.verb:set package 'nimblbot_description' build argument 'cmake_target_skip_unavailable' from command line to 'False'
[0.442s] Level 5:colcon.colcon_core.verb:set package 'nimblbot_description' build argument 'cmake_clean_cache' from command line to 'False'
[0.442s] Level 5:colcon.colcon_core.verb:set package 'nimblbot_description' build argument 'cmake_clean_first' from command line to 'False'
[0.442s] Level 5:colcon.colcon_core.verb:set package 'nimblbot_description' build argument 'cmake_force_configure' from command line to 'False'
[0.443s] Level 5:colcon.colcon_core.verb:set package 'nimblbot_description' build argument 'ament_cmake_args' from command line to 'None'
[0.443s] Level 5:colcon.colcon_core.verb:set package 'nimblbot_description' build argument 'catkin_cmake_args' from command line to 'None'
[0.443s] Level 5:colcon.colcon_core.verb:set package 'nimblbot_description' build argument 'catkin_skip_building_tests' from command line to 'False'
[0.443s] DEBUG:colcon.colcon_core.verb:Building package 'nimblbot_description' with the following arguments: {'ament_cmake_args': None, 'build_base': '/home/mtouri/ros2_ws_humble/build/nimblbot_description', 'catkin_cmake_args': None, 'catkin_skip_building_tests': False, 'cmake_args': None, 'cmake_clean_cache': False, 'cmake_clean_first': False, 'cmake_force_configure': False, 'cmake_target': None, 'cmake_target_skip_unavailable': False, 'install_base': '/home/mtouri/ros2_ws_humble/install/nimblbot_description', 'merge_install': False, 'path': '/home/mtouri/ros2_ws_humble/src/nimblbot-ros-2/nimblbot_description', 'symlink_install': True, 'test_result_base': None}
[0.443s] Level 5:colcon.colcon_core.verb:set package 'nimblbot_driver' build argument 'cmake_args' from command line to 'None'
[0.443s] Level 5:colcon.colcon_core.verb:set package 'nimblbot_driver' build argument 'cmake_target' from command line to 'None'
[0.443s] Level 5:colcon.colcon_core.verb:set package 'nimblbot_driver' build argument 'cmake_target_skip_unavailable' from command line to 'False'
[0.443s] Level 5:colcon.colcon_core.verb:set package 'nimblbot_driver' build argument 'cmake_clean_cache' from command line to 'False'
[0.443s] Level 5:colcon.colcon_core.verb:set package 'nimblbot_driver' build argument 'cmake_clean_first' from command line to 'False'
[0.443s] Level 5:colcon.colcon_core.verb:set package 'nimblbot_driver' build argument 'cmake_force_configure' from command line to 'False'
[0.443s] Level 5:colcon.colcon_core.verb:set package 'nimblbot_driver' build argument 'ament_cmake_args' from command line to 'None'
[0.443s] Level 5:colcon.colcon_core.verb:set package 'nimblbot_driver' build argument 'catkin_cmake_args' from command line to 'None'
[0.443s] Level 5:colcon.colcon_core.verb:set package 'nimblbot_driver' build argument 'catkin_skip_building_tests' from command line to 'False'
[0.443s] DEBUG:colcon.colcon_core.verb:Building package 'nimblbot_driver' with the following arguments: {'ament_cmake_args': None, 'build_base': '/home/mtouri/ros2_ws_humble/build/nimblbot_driver', 'catkin_cmake_args': None, 'catkin_skip_building_tests': False, 'cmake_args': None, 'cmake_clean_cache': False, 'cmake_clean_first': False, 'cmake_force_configure': False, 'cmake_target': None, 'cmake_target_skip_unavailable': False, 'install_base': '/home/mtouri/ros2_ws_humble/install/nimblbot_driver', 'merge_install': False, 'path': '/home/mtouri/ros2_ws_humble/src/nimblbot-ros-2/nimblbot_driver', 'symlink_install': True, 'test_result_base': None}
[0.443s] Level 5:colcon.colcon_core.verb:set package 'nimblbot_kinematics' build argument 'cmake_args' from command line to 'None'
[0.443s] Level 5:colcon.colcon_core.verb:set package 'nimblbot_kinematics' build argument 'cmake_target' from command line to 'None'
[0.443s] Level 5:colcon.colcon_core.verb:set package 'nimblbot_kinematics' build argument 'cmake_target_skip_unavailable' from command line to 'False'
[0.443s] Level 5:colcon.colcon_core.verb:set package 'nimblbot_kinematics' build argument 'cmake_clean_cache' from command line to 'False'
[0.443s] Level 5:colcon.colcon_core.verb:set package 'nimblbot_kinematics' build argument 'cmake_clean_first' from command line to 'False'
[0.443s] Level 5:colcon.colcon_core.verb:set package 'nimblbot_kinematics' build argument 'cmake_force_configure' from command line to 'False'
[0.443s] Level 5:colcon.colcon_core.verb:set package 'nimblbot_kinematics' build argument 'ament_cmake_args' from command line to 'None'
[0.443s] Level 5:colcon.colcon_core.verb:set package 'nimblbot_kinematics' build argument 'catkin_cmake_args' from command line to 'None'
[0.443s] Level 5:colcon.colcon_core.verb:set package 'nimblbot_kinematics' build argument 'catkin_skip_building_tests' from command line to 'False'
[0.443s] DEBUG:colcon.colcon_core.verb:Building package 'nimblbot_kinematics' with the following arguments: {'ament_cmake_args': None, 'build_base': '/home/mtouri/ros2_ws_humble/build/nimblbot_kinematics', 'catkin_cmake_args': None, 'catkin_skip_building_tests': False, 'cmake_args': None, 'cmake_clean_cache': False, 'cmake_clean_first': False, 'cmake_force_configure': False, 'cmake_target': None, 'cmake_target_skip_unavailable': False, 'install_base': '/home/mtouri/ros2_ws_humble/install/nimblbot_kinematics', 'merge_install': False, 'path': '/home/mtouri/ros2_ws_humble/src/nimblbot-ros-2/nimblbot_kinematics', 'symlink_install': True, 'test_result_base': None}
[0.443s] Level 5:colcon.colcon_core.verb:set package 'nimblbot_path_follow' build argument 'cmake_args' from command line to 'None'
[0.443s] Level 5:colcon.colcon_core.verb:set package 'nimblbot_path_follow' build argument 'cmake_target' from command line to 'None'
[0.443s] Level 5:colcon.colcon_core.verb:set package 'nimblbot_path_follow' build argument 'cmake_target_skip_unavailable' from command line to 'False'
[0.443s] Level 5:colcon.colcon_core.verb:set package 'nimblbot_path_follow' build argument 'cmake_clean_cache' from command line to 'False'
[0.443s] Level 5:colcon.colcon_core.verb:set package 'nimblbot_path_follow' build argument 'cmake_clean_first' from command line to 'False'
[0.443s] Level 5:colcon.colcon_core.verb:set package 'nimblbot_path_follow' build argument 'cmake_force_configure' from command line to 'False'
[0.443s] Level 5:colcon.colcon_core.verb:set package 'nimblbot_path_follow' build argument 'ament_cmake_args' from command line to 'None'
[0.443s] Level 5:colcon.colcon_core.verb:set package 'nimblbot_path_follow' build argument 'catkin_cmake_args' from command line to 'None'
[0.444s] Level 5:colcon.colcon_core.verb:set package 'nimblbot_path_follow' build argument 'catkin_skip_building_tests' from command line to 'False'
[0.444s] DEBUG:colcon.colcon_core.verb:Building package 'nimblbot_path_follow' with the following arguments: {'ament_cmake_args': None, 'build_base': '/home/mtouri/ros2_ws_humble/build/nimblbot_path_follow', 'catkin_cmake_args': None, 'catkin_skip_building_tests': False, 'cmake_args': None, 'cmake_clean_cache': False, 'cmake_clean_first': False, 'cmake_force_configure': False, 'cmake_target': None, 'cmake_target_skip_unavailable': False, 'install_base': '/home/mtouri/ros2_ws_humble/install/nimblbot_path_follow', 'merge_install': False, 'path': '/home/mtouri/ros2_ws_humble/src/nimblbot-ros-2/nimblbot_path_follow', 'symlink_install': True, 'test_result_base': None}
[0.444s] Level 5:colcon.colcon_core.verb:set package 'nimblbot_simulation_scenes' build argument 'cmake_args' from command line to 'None'
[0.444s] Level 5:colcon.colcon_core.verb:set package 'nimblbot_simulation_scenes' build argument 'cmake_target' from command line to 'None'
[0.444s] Level 5:colcon.colcon_core.verb:set package 'nimblbot_simulation_scenes' build argument 'cmake_target_skip_unavailable' from command line to 'False'
[0.444s] Level 5:colcon.colcon_core.verb:set package 'nimblbot_simulation_scenes' build argument 'cmake_clean_cache' from command line to 'False'
[0.444s] Level 5:colcon.colcon_core.verb:set package 'nimblbot_simulation_scenes' build argument 'cmake_clean_first' from command line to 'False'
[0.444s] Level 5:colcon.colcon_core.verb:set package 'nimblbot_simulation_scenes' build argument 'cmake_force_configure' from command line to 'False'
[0.444s] Level 5:colcon.colcon_core.verb:set package 'nimblbot_simulation_scenes' build argument 'ament_cmake_args' from command line to 'None'
[0.444s] Level 5:colcon.colcon_core.verb:set package 'nimblbot_simulation_scenes' build argument 'catkin_cmake_args' from command line to 'None'
[0.444s] Level 5:colcon.colcon_core.verb:set package 'nimblbot_simulation_scenes' build argument 'catkin_skip_building_tests' from command line to 'False'
[0.444s] DEBUG:colcon.colcon_core.verb:Building package 'nimblbot_simulation_scenes' with the following arguments: {'ament_cmake_args': None, 'build_base': '/home/mtouri/ros2_ws_humble/build/nimblbot_simulation_scenes', 'catkin_cmake_args': None, 'catkin_skip_building_tests': False, 'cmake_args': None, 'cmake_clean_cache': False, 'cmake_clean_first': False, 'cmake_force_configure': False, 'cmake_target': None, 'cmake_target_skip_unavailable': False, 'install_base': '/home/mtouri/ros2_ws_humble/install/nimblbot_simulation_scenes', 'merge_install': False, 'path': '/home/mtouri/ros2_ws_humble/src/nimblbot-ros-2/nimblbot_simulation_scenes', 'symlink_install': True, 'test_result_base': None}
[0.444s] Level 5:colcon.colcon_core.verb:set package 'nimblbot_utils' build argument 'cmake_args' from command line to 'None'
[0.444s] Level 5:colcon.colcon_core.verb:set package 'nimblbot_utils' build argument 'cmake_target' from command line to 'None'
[0.444s] Level 5:colcon.colcon_core.verb:set package 'nimblbot_utils' build argument 'cmake_target_skip_unavailable' from command line to 'False'
[0.444s] Level 5:colcon.colcon_core.verb:set package 'nimblbot_utils' build argument 'cmake_clean_cache' from command line to 'False'
[0.444s] Level 5:colcon.colcon_core.verb:set package 'nimblbot_utils' build argument 'cmake_clean_first' from command line to 'False'
[0.444s] Level 5:colcon.colcon_core.verb:set package 'nimblbot_utils' build argument 'cmake_force_configure' from command line to 'False'
[0.444s] Level 5:colcon.colcon_core.verb:set package 'nimblbot_utils' build argument 'ament_cmake_args' from command line to 'None'
[0.444s] Level 5:colcon.colcon_core.verb:set package 'nimblbot_utils' build argument 'catkin_cmake_args' from command line to 'None'
[0.444s] Level 5:colcon.colcon_core.verb:set package 'nimblbot_utils' build argument 'catkin_skip_building_tests' from command line to 'False'
[0.444s] DEBUG:colcon.colcon_core.verb:Building package 'nimblbot_utils' with the following arguments: {'ament_cmake_args': None, 'build_base': '/home/mtouri/ros2_ws_humble/build/nimblbot_utils', 'catkin_cmake_args': None, 'catkin_skip_building_tests': False, 'cmake_args': None, 'cmake_clean_cache': False, 'cmake_clean_first': False, 'cmake_force_configure': False, 'cmake_target': None, 'cmake_target_skip_unavailable': False, 'install_base': '/home/mtouri/ros2_ws_humble/install/nimblbot_utils', 'merge_install': False, 'path': '/home/mtouri/ros2_ws_humble/src/nimblbot-ros-2/nimblbot_utils', 'symlink_install': True, 'test_result_base': None}
[0.444s] Level 5:colcon.colcon_core.verb:set package 'ros_babel_fish_test_msgs' build argument 'cmake_args' from command line to 'None'
[0.444s] Level 5:colcon.colcon_core.verb:set package 'ros_babel_fish_test_msgs' build argument 'cmake_target' from command line to 'None'
[0.444s] Level 5:colcon.colcon_core.verb:set package 'ros_babel_fish_test_msgs' build argument 'cmake_target_skip_unavailable' from command line to 'False'
[0.444s] Level 5:colcon.colcon_core.verb:set package 'ros_babel_fish_test_msgs' build argument 'cmake_clean_cache' from command line to 'False'
[0.444s] Level 5:colcon.colcon_core.verb:set package 'ros_babel_fish_test_msgs' build argument 'cmake_clean_first' from command line to 'False'
[0.444s] Level 5:colcon.colcon_core.verb:set package 'ros_babel_fish_test_msgs' build argument 'cmake_force_configure' from command line to 'False'
[0.444s] Level 5:colcon.colcon_core.verb:set package 'ros_babel_fish_test_msgs' build argument 'ament_cmake_args' from command line to 'None'
[0.444s] Level 5:colcon.colcon_core.verb:set package 'ros_babel_fish_test_msgs' build argument 'catkin_cmake_args' from command line to 'None'
[0.444s] Level 5:colcon.colcon_core.verb:set package 'ros_babel_fish_test_msgs' build argument 'catkin_skip_building_tests' from command line to 'False'
[0.445s] DEBUG:colcon.colcon_core.verb:Building package 'ros_babel_fish_test_msgs' with the following arguments: {'ament_cmake_args': None, 'build_base': '/home/mtouri/ros2_ws_humble/build/ros_babel_fish_test_msgs', 'catkin_cmake_args': None, 'catkin_skip_building_tests': False, 'cmake_args': None, 'cmake_clean_cache': False, 'cmake_clean_first': False, 'cmake_force_configure': False, 'cmake_target': None, 'cmake_target_skip_unavailable': False, 'install_base': '/home/mtouri/ros2_ws_humble/install/ros_babel_fish_test_msgs', 'merge_install': False, 'path': '/home/mtouri/ros2_ws_humble/src/rviz-overlay-ros2/ros_babel_fish/ros_babel_fish_test_msgs', 'symlink_install': True, 'test_result_base': None}
[0.445s] Level 5:colcon.colcon_core.verb:set package 'rviz_manager' build argument 'cmake_args' from command line to 'None'
[0.445s] Level 5:colcon.colcon_core.verb:set package 'rviz_manager' build argument 'cmake_target' from command line to 'None'
[0.445s] Level 5:colcon.colcon_core.verb:set package 'rviz_manager' build argument 'cmake_target_skip_unavailable' from command line to 'False'
[0.445s] Level 5:colcon.colcon_core.verb:set package 'rviz_manager' build argument 'cmake_clean_cache' from command line to 'False'
[0.445s] Level 5:colcon.colcon_core.verb:set package 'rviz_manager' build argument 'cmake_clean_first' from command line to 'False'
[0.445s] Level 5:colcon.colcon_core.verb:set package 'rviz_manager' build argument 'cmake_force_configure' from command line to 'False'
[0.445s] Level 5:colcon.colcon_core.verb:set package 'rviz_manager' build argument 'ament_cmake_args' from command line to 'None'
[0.445s] Level 5:colcon.colcon_core.verb:set package 'rviz_manager' build argument 'catkin_cmake_args' from command line to 'None'
[0.445s] Level 5:colcon.colcon_core.verb:set package 'rviz_manager' build argument 'catkin_skip_building_tests' from command line to 'False'
[0.445s] DEBUG:colcon.colcon_core.verb:Building package 'rviz_manager' with the following arguments: {'ament_cmake_args': None, 'build_base': '/home/mtouri/ros2_ws_humble/build/rviz_manager', 'catkin_cmake_args': None, 'catkin_skip_building_tests': False, 'cmake_args': None, 'cmake_clean_cache': False, 'cmake_clean_first': False, 'cmake_force_configure': False, 'cmake_target': None, 'cmake_target_skip_unavailable': False, 'install_base': '/home/mtouri/ros2_ws_humble/install/rviz_manager', 'merge_install': False, 'path': '/home/mtouri/ros2_ws_humble/src/rviz-overlay-ros2/rviz_manager', 'symlink_install': True, 'test_result_base': None}
[0.445s] Level 5:colcon.colcon_core.verb:set package 'rviz_manager_msgs' build argument 'cmake_args' from command line to 'None'
[0.445s] Level 5:colcon.colcon_core.verb:set package 'rviz_manager_msgs' build argument 'cmake_target' from command line to 'None'
[0.445s] Level 5:colcon.colcon_core.verb:set package 'rviz_manager_msgs' build argument 'cmake_target_skip_unavailable' from command line to 'False'
[0.445s] Level 5:colcon.colcon_core.verb:set package 'rviz_manager_msgs' build argument 'cmake_clean_cache' from command line to 'False'
[0.445s] Level 5:colcon.colcon_core.verb:set package 'rviz_manager_msgs' build argument 'cmake_clean_first' from command line to 'False'
[0.445s] Level 5:colcon.colcon_core.verb:set package 'rviz_manager_msgs' build argument 'cmake_force_configure' from command line to 'False'
[0.445s] Level 5:colcon.colcon_core.verb:set package 'rviz_manager_msgs' build argument 'ament_cmake_args' from command line to 'None'
[0.445s] Level 5:colcon.colcon_core.verb:set package 'rviz_manager_msgs' build argument 'catkin_cmake_args' from command line to 'None'
[0.445s] Level 5:colcon.colcon_core.verb:set package 'rviz_manager_msgs' build argument 'catkin_skip_building_tests' from command line to 'False'
[0.445s] DEBUG:colcon.colcon_core.verb:Building package 'rviz_manager_msgs' with the following arguments: {'ament_cmake_args': None, 'build_base': '/home/mtouri/ros2_ws_humble/build/rviz_manager_msgs', 'catkin_cmake_args': None, 'catkin_skip_building_tests': False, 'cmake_args': None, 'cmake_clean_cache': False, 'cmake_clean_first': False, 'cmake_force_configure': False, 'cmake_target': None, 'cmake_target_skip_unavailable': False, 'install_base': '/home/mtouri/ros2_ws_humble/install/rviz_manager_msgs', 'merge_install': False, 'path': '/home/mtouri/ros2_ws_humble/src/rviz-overlay-ros2/rviz_manager_msgs', 'symlink_install': True, 'test_result_base': None}
[0.445s] Level 5:colcon.colcon_core.verb:set package 'whole_body_bringup' build argument 'cmake_args' from command line to 'None'
[0.445s] Level 5:colcon.colcon_core.verb:set package 'whole_body_bringup' build argument 'cmake_target' from command line to 'None'
[0.445s] Level 5:colcon.colcon_core.verb:set package 'whole_body_bringup' build argument 'cmake_target_skip_unavailable' from command line to 'False'
[0.445s] Level 5:colcon.colcon_core.verb:set package 'whole_body_bringup' build argument 'cmake_clean_cache' from command line to 'False'
[0.445s] Level 5:colcon.colcon_core.verb:set package 'whole_body_bringup' build argument 'cmake_clean_first' from command line to 'False'
[0.445s] Level 5:colcon.colcon_core.verb:set package 'whole_body_bringup' build argument 'cmake_force_configure' from command line to 'False'
[0.445s] Level 5:colcon.colcon_core.verb:set package 'whole_body_bringup' build argument 'ament_cmake_args' from command line to 'None'
[0.445s] Level 5:colcon.colcon_core.verb:set package 'whole_body_bringup' build argument 'catkin_cmake_args' from command line to 'None'
[0.445s] Level 5:colcon.colcon_core.verb:set package 'whole_body_bringup' build argument 'catkin_skip_building_tests' from command line to 'False'
[0.445s] DEBUG:colcon.colcon_core.verb:Building package 'whole_body_bringup' with the following arguments: {'ament_cmake_args': None, 'build_base': '/home/mtouri/ros2_ws_humble/build/whole_body_bringup', 'catkin_cmake_args': None, 'catkin_skip_building_tests': False, 'cmake_args': None, 'cmake_clean_cache': False, 'cmake_clean_first': False, 'cmake_force_configure': False, 'cmake_target': None, 'cmake_target_skip_unavailable': False, 'install_base': '/home/mtouri/ros2_ws_humble/install/whole_body_bringup', 'merge_install': False, 'path': '/home/mtouri/ros2_ws_humble/src/whole-body-spot-nb/whole_body_bringup', 'symlink_install': True, 'test_result_base': None}
[0.446s] Level 5:colcon.colcon_core.verb:set package 'whole_body_scripts' build argument 'cmake_args' from command line to 'None'
[0.446s] Level 5:colcon.colcon_core.verb:set package 'whole_body_scripts' build argument 'cmake_target' from command line to 'None'
[0.446s] Level 5:colcon.colcon_core.verb:set package 'whole_body_scripts' build argument 'cmake_target_skip_unavailable' from command line to 'False'
[0.446s] Level 5:colcon.colcon_core.verb:set package 'whole_body_scripts' build argument 'cmake_clean_cache' from command line to 'False'
[0.446s] Level 5:colcon.colcon_core.verb:set package 'whole_body_scripts' build argument 'cmake_clean_first' from command line to 'False'
[0.446s] Level 5:colcon.colcon_core.verb:set package 'whole_body_scripts' build argument 'cmake_force_configure' from command line to 'False'
[0.446s] Level 5:colcon.colcon_core.verb:set package 'whole_body_scripts' build argument 'ament_cmake_args' from command line to 'None'
[0.446s] Level 5:colcon.colcon_core.verb:set package 'whole_body_scripts' build argument 'catkin_cmake_args' from command line to 'None'
[0.446s] Level 5:colcon.colcon_core.verb:set package 'whole_body_scripts' build argument 'catkin_skip_building_tests' from command line to 'False'
[0.446s] DEBUG:colcon.colcon_core.verb:Building package 'whole_body_scripts' with the following arguments: {'ament_cmake_args': None, 'build_base': '/home/mtouri/ros2_ws_humble/build/whole_body_scripts', 'catkin_cmake_args': None, 'catkin_skip_building_tests': False, 'cmake_args': None, 'cmake_clean_cache': False, 'cmake_clean_first': False, 'cmake_force_configure': False, 'cmake_target': None, 'cmake_target_skip_unavailable': False, 'install_base': '/home/mtouri/ros2_ws_humble/install/whole_body_scripts', 'merge_install': False, 'path': '/home/mtouri/ros2_ws_humble/src/whole-body-spot-nb/whole_body_scripts', 'symlink_install': True, 'test_result_base': None}
[0.446s] Level 5:colcon.colcon_core.verb:set package 'circular_carrier_bringup' build argument 'cmake_args' from command line to 'None'
[0.446s] Level 5:colcon.colcon_core.verb:set package 'circular_carrier_bringup' build argument 'cmake_target' from command line to 'None'
[0.446s] Level 5:colcon.colcon_core.verb:set package 'circular_carrier_bringup' build argument 'cmake_target_skip_unavailable' from command line to 'False'
[0.446s] Level 5:colcon.colcon_core.verb:set package 'circular_carrier_bringup' build argument 'cmake_clean_cache' from command line to 'False'
[0.446s] Level 5:colcon.colcon_core.verb:set package 'circular_carrier_bringup' build argument 'cmake_clean_first' from command line to 'False'
[0.446s] Level 5:colcon.colcon_core.verb:set package 'circular_carrier_bringup' build argument 'cmake_force_configure' from command line to 'False'
[0.446s] Level 5:colcon.colcon_core.verb:set package 'circular_carrier_bringup' build argument 'ament_cmake_args' from command line to 'None'
[0.446s] Level 5:colcon.colcon_core.verb:set package 'circular_carrier_bringup' build argument 'catkin_cmake_args' from command line to 'None'
[0.446s] Level 5:colcon.colcon_core.verb:set package 'circular_carrier_bringup' build argument 'catkin_skip_building_tests' from command line to 'False'
[0.446s] DEBUG:colcon.colcon_core.verb:Building package 'circular_carrier_bringup' with the following arguments: {'ament_cmake_args': None, 'build_base': '/home/mtouri/ros2_ws_humble/build/circular_carrier_bringup', 'catkin_cmake_args': None, 'catkin_skip_building_tests': False, 'cmake_args': None, 'cmake_clean_cache': False, 'cmake_clean_first': False, 'cmake_force_configure': False, 'cmake_target': None, 'cmake_target_skip_unavailable': False, 'install_base': '/home/mtouri/ros2_ws_humble/install/circular_carrier_bringup', 'merge_install': False, 'path': '/home/mtouri/ros2_ws_humble/src/circular-carrier-ros2/circular_carrier_bringup', 'symlink_install': True, 'test_result_base': None}
[0.446s] Level 5:colcon.colcon_core.verb:set package 'nanotec_driver' build argument 'cmake_args' from command line to 'None'
[0.446s] Level 5:colcon.colcon_core.verb:set package 'nanotec_driver' build argument 'cmake_target' from command line to 'None'
[0.446s] Level 5:colcon.colcon_core.verb:set package 'nanotec_driver' build argument 'cmake_target_skip_unavailable' from command line to 'False'
[0.446s] Level 5:colcon.colcon_core.verb:set package 'nanotec_driver' build argument 'cmake_clean_cache' from command line to 'False'
[0.446s] Level 5:colcon.colcon_core.verb:set package 'nanotec_driver' build argument 'cmake_clean_first' from command line to 'False'
[0.446s] Level 5:colcon.colcon_core.verb:set package 'nanotec_driver' build argument 'cmake_force_configure' from command line to 'False'
[0.446s] Level 5:colcon.colcon_core.verb:set package 'nanotec_driver' build argument 'ament_cmake_args' from command line to 'None'
[0.446s] Level 5:colcon.colcon_core.verb:set package 'nanotec_driver' build argument 'catkin_cmake_args' from command line to 'None'
[0.446s] Level 5:colcon.colcon_core.verb:set package 'nanotec_driver' build argument 'catkin_skip_building_tests' from command line to 'False'
[0.446s] DEBUG:colcon.colcon_core.verb:Building package 'nanotec_driver' with the following arguments: {'ament_cmake_args': None, 'build_base': '/home/mtouri/ros2_ws_humble/build/nanotec_driver', 'catkin_cmake_args': None, 'catkin_skip_building_tests': False, 'cmake_args': None, 'cmake_clean_cache': False, 'cmake_clean_first': False, 'cmake_force_configure': False, 'cmake_target': None, 'cmake_target_skip_unavailable': False, 'install_base': '/home/mtouri/ros2_ws_humble/install/nanotec_driver', 'merge_install': False, 'path': '/home/mtouri/ros2_ws_humble/src/drivers-wrapper-ros2/nanotec-wrapper-ros2/nanotec_driver', 'symlink_install': True, 'test_result_base': None}
[0.447s] Level 5:colcon.colcon_core.verb:set package 'nimblbot_bringup' build argument 'cmake_args' from command line to 'None'
[0.447s] Level 5:colcon.colcon_core.verb:set package 'nimblbot_bringup' build argument 'cmake_target' from command line to 'None'
[0.447s] Level 5:colcon.colcon_core.verb:set package 'nimblbot_bringup' build argument 'cmake_target_skip_unavailable' from command line to 'False'
[0.447s] Level 5:colcon.colcon_core.verb:set package 'nimblbot_bringup' build argument 'cmake_clean_cache' from command line to 'False'
[0.447s] Level 5:colcon.colcon_core.verb:set package 'nimblbot_bringup' build argument 'cmake_clean_first' from command line to 'False'
[0.447s] Level 5:colcon.colcon_core.verb:set package 'nimblbot_bringup' build argument 'cmake_force_configure' from command line to 'False'
[0.447s] Level 5:colcon.colcon_core.verb:set package 'nimblbot_bringup' build argument 'ament_cmake_args' from command line to 'None'
[0.447s] Level 5:colcon.colcon_core.verb:set package 'nimblbot_bringup' build argument 'catkin_cmake_args' from command line to 'None'
[0.447s] Level 5:colcon.colcon_core.verb:set package 'nimblbot_bringup' build argument 'catkin_skip_building_tests' from command line to 'False'
[0.447s] DEBUG:colcon.colcon_core.verb:Building package 'nimblbot_bringup' with the following arguments: {'ament_cmake_args': None, 'build_base': '/home/mtouri/ros2_ws_humble/build/nimblbot_bringup', 'catkin_cmake_args': None, 'catkin_skip_building_tests': False, 'cmake_args': None, 'cmake_clean_cache': False, 'cmake_clean_first': False, 'cmake_force_configure': False, 'cmake_target': None, 'cmake_target_skip_unavailable': False, 'install_base': '/home/mtouri/ros2_ws_humble/install/nimblbot_bringup', 'merge_install': False, 'path': '/home/mtouri/ros2_ws_humble/src/nimblbot-ros-2/nimblbot_bringup', 'symlink_install': True, 'test_result_base': None}
[0.447s] Level 5:colcon.colcon_core.verb:set package 'nimblbot_control' build argument 'cmake_args' from command line to 'None'
[0.447s] Level 5:colcon.colcon_core.verb:set package 'nimblbot_control' build argument 'cmake_target' from command line to 'None'
[0.447s] Level 5:colcon.colcon_core.verb:set package 'nimblbot_control' build argument 'cmake_target_skip_unavailable' from command line to 'False'
[0.447s] Level 5:colcon.colcon_core.verb:set package 'nimblbot_control' build argument 'cmake_clean_cache' from command line to 'False'
[0.447s] Level 5:colcon.colcon_core.verb:set package 'nimblbot_control' build argument 'cmake_clean_first' from command line to 'False'
[0.447s] Level 5:colcon.colcon_core.verb:set package 'nimblbot_control' build argument 'cmake_force_configure' from command line to 'False'
[0.447s] Level 5:colcon.colcon_core.verb:set package 'nimblbot_control' build argument 'ament_cmake_args' from command line to 'None'
[0.447s] Level 5:colcon.colcon_core.verb:set package 'nimblbot_control' build argument 'catkin_cmake_args' from command line to 'None'
[0.447s] Level 5:colcon.colcon_core.verb:set package 'nimblbot_control' build argument 'catkin_skip_building_tests' from command line to 'False'
[0.447s] DEBUG:colcon.colcon_core.verb:Building package 'nimblbot_control' with the following arguments: {'ament_cmake_args': None, 'build_base': '/home/mtouri/ros2_ws_humble/build/nimblbot_control', 'catkin_cmake_args': None, 'catkin_skip_building_tests': False, 'cmake_args': None, 'cmake_clean_cache': False, 'cmake_clean_first': False, 'cmake_force_configure': False, 'cmake_target': None, 'cmake_target_skip_unavailable': False, 'install_base': '/home/mtouri/ros2_ws_humble/install/nimblbot_control', 'merge_install': False, 'path': '/home/mtouri/ros2_ws_humble/src/nimblbot-ros-2/nimblbot_control', 'symlink_install': True, 'test_result_base': None}
[0.447s] Level 5:colcon.colcon_core.verb:set package 'circular_carrier_control' build argument 'cmake_args' from command line to 'None'
[0.447s] Level 5:colcon.colcon_core.verb:set package 'circular_carrier_control' build argument 'cmake_target' from command line to 'None'
[0.447s] Level 5:colcon.colcon_core.verb:set package 'circular_carrier_control' build argument 'cmake_target_skip_unavailable' from command line to 'False'
[0.447s] Level 5:colcon.colcon_core.verb:set package 'circular_carrier_control' build argument 'cmake_clean_cache' from command line to 'False'
[0.447s] Level 5:colcon.colcon_core.verb:set package 'circular_carrier_control' build argument 'cmake_clean_first' from command line to 'False'
[0.447s] Level 5:colcon.colcon_core.verb:set package 'circular_carrier_control' build argument 'cmake_force_configure' from command line to 'False'
[0.447s] Level 5:colcon.colcon_core.verb:set package 'circular_carrier_control' build argument 'ament_cmake_args' from command line to 'None'
[0.447s] Level 5:colcon.colcon_core.verb:set package 'circular_carrier_control' build argument 'catkin_cmake_args' from command line to 'None'
[0.447s] Level 5:colcon.colcon_core.verb:set package 'circular_carrier_control' build argument 'catkin_skip_building_tests' from command line to 'False'
[0.447s] DEBUG:colcon.colcon_core.verb:Building package 'circular_carrier_control' with the following arguments: {'ament_cmake_args': None, 'build_base': '/home/mtouri/ros2_ws_humble/build/circular_carrier_control', 'catkin_cmake_args': None, 'catkin_skip_building_tests': False, 'cmake_args': None, 'cmake_clean_cache': False, 'cmake_clean_first': False, 'cmake_force_configure': False, 'cmake_target': None, 'cmake_target_skip_unavailable': False, 'install_base': '/home/mtouri/ros2_ws_humble/install/circular_carrier_control', 'merge_install': False, 'path': '/home/mtouri/ros2_ws_humble/src/circular-carrier-ros2/circular_carrier_control', 'symlink_install': True, 'test_result_base': None}
[0.447s] INFO:colcon.colcon_core.executor:Executing jobs using 'parallel' executor
[0.448s] DEBUG:colcon.colcon_parallel_executor.executor.parallel:run_until_complete
[0.449s] INFO:colcon.colcon_ros.task.ament_cmake.build:Building ROS package in '/home/mtouri/ros2_ws_humble/src/drivers-wrapper-ros2/nanotec-wrapper-ros2/nanotec_msgs' with build type 'ament_cmake'
[0.449s] INFO:colcon.colcon_cmake.task.cmake.build:Building CMake package in '/home/mtouri/ros2_ws_humble/src/drivers-wrapper-ros2/nanotec-wrapper-ros2/nanotec_msgs'
[0.452s] INFO:colcon.colcon_core.plugin_system:Skipping extension 'colcon_core.shell.bat': Not used on non-Windows systems
[0.452s] INFO:colcon.colcon_core.shell:Skip shell extension 'powershell' for command environment: Not usable outside of PowerShell
[0.452s] DEBUG:colcon.colcon_core.shell:Skip shell extension 'dsv' for command environment
[0.455s] INFO:colcon.colcon_ros.task.ament_cmake.build:Building ROS package in '/home/mtouri/ros2_ws_humble/src/circular-carrier-ros2/circular_carrier_description' with build type 'ament_cmake'
[0.455s] INFO:colcon.colcon_cmake.task.cmake.build:Building CMake package in '/home/mtouri/ros2_ws_humble/src/circular-carrier-ros2/circular_carrier_description'
[0.456s] INFO:colcon.colcon_core.shell:Skip shell extension 'powershell' for command environment: Not usable outside of PowerShell
[0.456s] DEBUG:colcon.colcon_core.shell:Skip shell extension 'dsv' for command environment
[0.459s] INFO:colcon.colcon_ros.task.ament_cmake.build:Building ROS package in '/home/mtouri/ros2_ws_humble/src/nimblbot-ros-2/nimblbot_description' with build type 'ament_cmake'
[0.459s] INFO:colcon.colcon_cmake.task.cmake.build:Building CMake package in '/home/mtouri/ros2_ws_humble/src/nimblbot-ros-2/nimblbot_description'
[0.460s] INFO:colcon.colcon_core.shell:Skip shell extension 'powershell' for command environment: Not usable outside of PowerShell
[0.460s] DEBUG:colcon.colcon_core.shell:Skip shell extension 'dsv' for command environment
[0.463s] INFO:colcon.colcon_ros.task.ament_python.build:Building ROS package in '/home/mtouri/ros2_ws_humble/src/nimblbot-ros-2/nimblbot_driver' with build type 'ament_python'
[0.463s] Level 1:colcon.colcon_core.shell:create_environment_hook('nimblbot_driver', 'ament_prefix_path')
[0.463s] INFO:colcon.colcon_core.shell:Creating environment hook '/home/mtouri/ros2_ws_humble/install/nimblbot_driver/share/nimblbot_driver/hook/ament_prefix_path.ps1'
[0.464s] INFO:colcon.colcon_core.shell:Creating environment descriptor '/home/mtouri/ros2_ws_humble/install/nimblbot_driver/share/nimblbot_driver/hook/ament_prefix_path.dsv'
[0.464s] INFO:colcon.colcon_core.shell:Creating environment hook '/home/mtouri/ros2_ws_humble/install/nimblbot_driver/share/nimblbot_driver/hook/ament_prefix_path.sh'
[0.465s] INFO:colcon.colcon_core.shell:Skip shell extension 'powershell' for command environment: Not usable outside of PowerShell
[0.465s] DEBUG:colcon.colcon_core.shell:Skip shell extension 'dsv' for command environment
[0.468s] INFO:colcon.colcon_ros.task.ament_python.build:Building ROS package in '/home/mtouri/ros2_ws_humble/src/nimblbot-ros-2/nimblbot_kinematics' with build type 'ament_python'
[0.468s] Level 1:colcon.colcon_core.shell:create_environment_hook('nimblbot_kinematics', 'ament_prefix_path')
[0.468s] INFO:colcon.colcon_core.shell:Creating environment hook '/home/mtouri/ros2_ws_humble/install/nimblbot_kinematics/share/nimblbot_kinematics/hook/ament_prefix_path.ps1'
[0.468s] INFO:colcon.colcon_core.shell:Creating environment descriptor '/home/mtouri/ros2_ws_humble/install/nimblbot_kinematics/share/nimblbot_kinematics/hook/ament_prefix_path.dsv'
[0.468s] INFO:colcon.colcon_core.shell:Creating environment hook '/home/mtouri/ros2_ws_humble/install/nimblbot_kinematics/share/nimblbot_kinematics/hook/ament_prefix_path.sh'
[0.469s] INFO:colcon.colcon_core.shell:Skip shell extension 'powershell' for command environment: Not usable outside of PowerShell
[0.469s] DEBUG:colcon.colcon_core.shell:Skip shell extension 'dsv' for command environment
[0.472s] INFO:colcon.colcon_ros.task.ament_python.build:Building ROS package in '/home/mtouri/ros2_ws_humble/src/nimblbot-ros-2/nimblbot_utils' with build type 'ament_python'
[0.472s] Level 1:colcon.colcon_core.shell:create_environment_hook('nimblbot_utils', 'ament_prefix_path')
[0.472s] INFO:colcon.colcon_core.shell:Creating environment hook '/home/mtouri/ros2_ws_humble/install/nimblbot_utils/share/nimblbot_utils/hook/ament_prefix_path.ps1'
[0.472s] INFO:colcon.colcon_core.shell:Creating environment descriptor '/home/mtouri/ros2_ws_humble/install/nimblbot_utils/share/nimblbot_utils/hook/ament_prefix_path.dsv'
[0.473s] INFO:colcon.colcon_core.shell:Creating environment hook '/home/mtouri/ros2_ws_humble/install/nimblbot_utils/share/nimblbot_utils/hook/ament_prefix_path.sh'
[0.473s] INFO:colcon.colcon_core.shell:Skip shell extension 'powershell' for command environment: Not usable outside of PowerShell
[0.473s] DEBUG:colcon.colcon_core.shell:Skip shell extension 'dsv' for command environment
[0.476s] INFO:colcon.colcon_ros.task.ament_cmake.build:Building ROS package in '/home/mtouri/ros2_ws_humble/src/circular-carrier-ros2/circular_carrier_msgs' with build type 'ament_cmake'
[0.476s] INFO:colcon.colcon_cmake.task.cmake.build:Building CMake package in '/home/mtouri/ros2_ws_humble/src/circular-carrier-ros2/circular_carrier_msgs'
[0.476s] INFO:colcon.colcon_core.shell:Skip shell extension 'powershell' for command environment: Not usable outside of PowerShell
[0.476s] DEBUG:colcon.colcon_core.shell:Skip shell extension 'dsv' for command environment
[0.479s] INFO:colcon.colcon_ros.task.ament_cmake.build:Building ROS package in '/home/mtouri/ros2_ws_humble/src/rviz-overlay-ros2/hector_rviz_overlay/hector_rviz_overlay' with build type 'ament_cmake'
[0.480s] INFO:colcon.colcon_cmake.task.cmake.build:Building CMake package in '/home/mtouri/ros2_ws_humble/src/rviz-overlay-ros2/hector_rviz_overlay/hector_rviz_overlay'
[0.480s] INFO:colcon.colcon_core.shell:Skip shell extension 'powershell' for command environment: Not usable outside of PowerShell
[0.480s] DEBUG:colcon.colcon_core.shell:Skip shell extension 'dsv' for command environment
[0.483s] INFO:colcon.colcon_ros.task.ament_python.build:Building ROS package in '/home/mtouri/ros2_ws_humble/src/nimblbot-ros-2/nimblbot_path_follow' with build type 'ament_python'
[0.483s] Level 1:colcon.colcon_core.shell:create_environment_hook('nimblbot_path_follow', 'ament_prefix_path')
[0.483s] INFO:colcon.colcon_core.shell:Creating environment hook '/home/mtouri/ros2_ws_humble/install/nimblbot_path_follow/share/nimblbot_path_follow/hook/ament_prefix_path.ps1'
[0.483s] INFO:colcon.colcon_core.shell:Creating environment descriptor '/home/mtouri/ros2_ws_humble/install/nimblbot_path_follow/share/nimblbot_path_follow/hook/ament_prefix_path.dsv'
[0.484s] INFO:colcon.colcon_core.shell:Creating environment hook '/home/mtouri/ros2_ws_humble/install/nimblbot_path_follow/share/nimblbot_path_follow/hook/ament_prefix_path.sh'
[0.484s] INFO:colcon.colcon_core.shell:Skip shell extension 'powershell' for command environment: Not usable outside of PowerShell
[0.484s] DEBUG:colcon.colcon_core.shell:Skip shell extension 'dsv' for command environment
[0.488s] INFO:colcon.colcon_ros.task.ament_python.build:Building ROS package in '/home/mtouri/ros2_ws_humble/src/nimblbot-ros-2/nimblbot_simulation_scenes' with build type 'ament_python'
[0.488s] Level 1:colcon.colcon_core.shell:create_environment_hook('nimblbot_simulation_scenes', 'ament_prefix_path')
[0.488s] INFO:colcon.colcon_core.shell:Creating environment hook '/home/mtouri/ros2_ws_humble/install/nimblbot_simulation_scenes/share/nimblbot_simulation_scenes/hook/ament_prefix_path.ps1'
[0.489s] INFO:colcon.colcon_core.shell:Creating environment descriptor '/home/mtouri/ros2_ws_humble/install/nimblbot_simulation_scenes/share/nimblbot_simulation_scenes/hook/ament_prefix_path.dsv'
[0.489s] INFO:colcon.colcon_core.shell:Creating environment hook '/home/mtouri/ros2_ws_humble/install/nimblbot_simulation_scenes/share/nimblbot_simulation_scenes/hook/ament_prefix_path.sh'
[0.489s] INFO:colcon.colcon_core.shell:Skip shell extension 'powershell' for command environment: Not usable outside of PowerShell
[0.489s] DEBUG:colcon.colcon_core.shell:Skip shell extension 'dsv' for command environment
[0.493s] INFO:colcon.colcon_ros.task.ament_cmake.build:Building ROS package in '/home/mtouri/ros2_ws_humble/src/rviz-overlay-ros2/ros_babel_fish/ros_babel_fish_test_msgs' with build type 'ament_cmake'
[0.493s] INFO:colcon.colcon_cmake.task.cmake.build:Building CMake package in '/home/mtouri/ros2_ws_humble/src/rviz-overlay-ros2/ros_babel_fish/ros_babel_fish_test_msgs'
[0.493s] INFO:colcon.colcon_core.shell:Skip shell extension 'powershell' for command environment: Not usable outside of PowerShell
[0.493s] DEBUG:colcon.colcon_core.shell:Skip shell extension 'dsv' for command environment
[0.496s] INFO:colcon.colcon_ros.task.ament_python.build:Building ROS package in '/home/mtouri/ros2_ws_humble/src/rviz-overlay-ros2/rviz_manager' with build type 'ament_python'
[0.496s] Level 1:colcon.colcon_core.shell:create_environment_hook('rviz_manager', 'ament_prefix_path')
[0.496s] INFO:colcon.colcon_core.shell:Creating environment hook '/home/mtouri/ros2_ws_humble/install/rviz_manager/share/rviz_manager/hook/ament_prefix_path.ps1'
[0.497s] INFO:colcon.colcon_core.shell:Creating environment descriptor '/home/mtouri/ros2_ws_humble/install/rviz_manager/share/rviz_manager/hook/ament_prefix_path.dsv'
[0.497s] INFO:colcon.colcon_core.shell:Creating environment hook '/home/mtouri/ros2_ws_humble/install/rviz_manager/share/rviz_manager/hook/ament_prefix_path.sh'
[0.497s] INFO:colcon.colcon_core.shell:Skip shell extension 'powershell' for command environment: Not usable outside of PowerShell
[0.497s] DEBUG:colcon.colcon_core.shell:Skip shell extension 'dsv' for command environment
[0.500s] INFO:colcon.colcon_ros.task.ament_cmake.build:Building ROS package in '/home/mtouri/ros2_ws_humble/src/rviz-overlay-ros2/rviz_manager_msgs' with build type 'ament_cmake'
[0.500s] INFO:colcon.colcon_cmake.task.cmake.build:Building CMake package in '/home/mtouri/ros2_ws_humble/src/rviz-overlay-ros2/rviz_manager_msgs'
[0.501s] INFO:colcon.colcon_core.shell:Skip shell extension 'powershell' for command environment: Not usable outside of PowerShell
[0.501s] DEBUG:colcon.colcon_core.shell:Skip shell extension 'dsv' for command environment
[0.504s] INFO:colcon.colcon_ros.task.ament_python.build:Building ROS package in '/home/mtouri/ros2_ws_humble/src/whole-body-spot-nb/whole_body_bringup' with build type 'ament_python'
[0.504s] Level 1:colcon.colcon_core.shell:create_environment_hook('whole_body_bringup', 'ament_prefix_path')
[0.504s] INFO:colcon.colcon_core.shell:Creating environment hook '/home/mtouri/ros2_ws_humble/install/whole_body_bringup/share/whole_body_bringup/hook/ament_prefix_path.ps1'
[0.504s] INFO:colcon.colcon_core.shell:Creating environment descriptor '/home/mtouri/ros2_ws_humble/install/whole_body_bringup/share/whole_body_bringup/hook/ament_prefix_path.dsv'
[0.505s] INFO:colcon.colcon_core.shell:Creating environment hook '/home/mtouri/ros2_ws_humble/install/whole_body_bringup/share/whole_body_bringup/hook/ament_prefix_path.sh'
[0.505s] INFO:colcon.colcon_core.shell:Skip shell extension 'powershell' for command environment: Not usable outside of PowerShell
[0.505s] DEBUG:colcon.colcon_core.shell:Skip shell extension 'dsv' for command environment
[0.508s] INFO:colcon.colcon_ros.task.ament_python.build:Building ROS package in '/home/mtouri/ros2_ws_humble/src/whole-body-spot-nb/whole_body_scripts' with build type 'ament_python'
[0.508s] Level 1:colcon.colcon_core.shell:create_environment_hook('whole_body_scripts', 'ament_prefix_path')
[0.508s] INFO:colcon.colcon_core.shell:Creating environment hook '/home/mtouri/ros2_ws_humble/install/whole_body_scripts/share/whole_body_scripts/hook/ament_prefix_path.ps1'
[0.509s] INFO:colcon.colcon_core.shell:Creating environment descriptor '/home/mtouri/ros2_ws_humble/install/whole_body_scripts/share/whole_body_scripts/hook/ament_prefix_path.dsv'
[0.509s] INFO:colcon.colcon_core.shell:Creating environment hook '/home/mtouri/ros2_ws_humble/install/whole_body_scripts/share/whole_body_scripts/hook/ament_prefix_path.sh'
[0.509s] INFO:colcon.colcon_core.shell:Skip shell extension 'powershell' for command environment: Not usable outside of PowerShell
[0.509s] DEBUG:colcon.colcon_core.shell:Skip shell extension 'dsv' for command environment
[0.517s] DEBUG:colcon.colcon_core.event_handler.log_command:Invoking command in '/home/mtouri/ros2_ws_humble/build/nanotec_msgs': CMAKE_PREFIX_PATH=${CMAKE_PREFIX_PATH}:/home/mtouri/spot_ws/install/synchros2_tutorials_example:/home/mtouri/spot_ws/install/spot_examples:/home/mtouri/spot_ws/install/spot_common:/home/mtouri/spot_ws/install/synchros2:/home/mtouri/ros2_ws_humble/install/rviz_manager:/home/mtouri/ros2_ws_humble/install/nimblbot_control:/home/mtouri/ros2_ws_humble/install/nimblbot_utils:/home/mtouri/ros2_ws_humble/install/nimblbot_simulation_scenes:/home/mtouri/ros2_ws_humble/install/nimblbot_path_follow:/home/mtouri/ros2_ws_humble/install/nimblbot_kinematics:/home/mtouri/ros2_ws_humble/install/nimblbot_driver:/home/mtouri/ros2_ws_humble/install/circular_carrier_control:/home/mtouri/ros2_ws_humble/install/nanotec_driver:/opt/ros/humble /usr/bin/cmake /home/mtouri/ros2_ws_humble/src/drivers-wrapper-ros2/nanotec-wrapper-ros2/nanotec_msgs -DAMENT_CMAKE_SYMLINK_INSTALL=1 -DCMAKE_INSTALL_PREFIX=/home/mtouri/ros2_ws_humble/install/nanotec_msgs
[0.520s] DEBUG:colcon.colcon_core.event_handler.log_command:Invoking command in '/home/mtouri/ros2_ws_humble/build/circular_carrier_description': CMAKE_PREFIX_PATH=${CMAKE_PREFIX_PATH}:/home/mtouri/spot_ws/install/synchros2_tutorials_example:/home/mtouri/spot_ws/install/spot_examples:/home/mtouri/spot_ws/install/spot_common:/home/mtouri/spot_ws/install/synchros2:/home/mtouri/ros2_ws_humble/install/rviz_manager:/home/mtouri/ros2_ws_humble/install/nimblbot_control:/home/mtouri/ros2_ws_humble/install/nimblbot_utils:/home/mtouri/ros2_ws_humble/install/nimblbot_simulation_scenes:/home/mtouri/ros2_ws_humble/install/nimblbot_path_follow:/home/mtouri/ros2_ws_humble/install/nimblbot_kinematics:/home/mtouri/ros2_ws_humble/install/nimblbot_driver:/home/mtouri/ros2_ws_humble/install/circular_carrier_control:/home/mtouri/ros2_ws_humble/install/nanotec_driver:/opt/ros/humble /usr/bin/cmake /home/mtouri/ros2_ws_humble/src/circular-carrier-ros2/circular_carrier_description -DAMENT_CMAKE_SYMLINK_INSTALL=1 -DCMAKE_INSTALL_PREFIX=/home/mtouri/ros2_ws_humble/install/circular_carrier_description
[0.522s] DEBUG:colcon.colcon_core.event_handler.log_command:Invoking command in '/home/mtouri/ros2_ws_humble/build/nimblbot_description': CMAKE_PREFIX_PATH=${CMAKE_PREFIX_PATH}:/home/mtouri/spot_ws/install/synchros2_tutorials_example:/home/mtouri/spot_ws/install/spot_examples:/home/mtouri/spot_ws/install/spot_common:/home/mtouri/spot_ws/install/synchros2:/home/mtouri/ros2_ws_humble/install/rviz_manager:/home/mtouri/ros2_ws_humble/install/nimblbot_control:/home/mtouri/ros2_ws_humble/install/nimblbot_utils:/home/mtouri/ros2_ws_humble/install/nimblbot_simulation_scenes:/home/mtouri/ros2_ws_humble/install/nimblbot_path_follow:/home/mtouri/ros2_ws_humble/install/nimblbot_kinematics:/home/mtouri/ros2_ws_humble/install/nimblbot_driver:/home/mtouri/ros2_ws_humble/install/circular_carrier_control:/home/mtouri/ros2_ws_humble/install/nanotec_driver:/opt/ros/humble /usr/bin/cmake /home/mtouri/ros2_ws_humble/src/nimblbot-ros-2/nimblbot_description -DAMENT_CMAKE_SYMLINK_INSTALL=1 -DCMAKE_INSTALL_PREFIX=/home/mtouri/ros2_ws_humble/install/nimblbot_description
[0.798s] INFO:colcon.colcon_core.task.python.build:Building Python package in '/home/mtouri/ros2_ws_humble/src/nimblbot-ros-2/nimblbot_driver'
[0.798s] INFO:colcon.colcon_core.shell:Skip shell extension 'powershell' for command environment: Not usable outside of PowerShell
[0.798s] DEBUG:colcon.colcon_core.shell:Skip shell extension 'dsv' for command environment
[1.086s] INFO:colcon.colcon_core.task.python.build:Building Python package in '/home/mtouri/ros2_ws_humble/src/nimblbot-ros-2/nimblbot_kinematics'
[1.086s] INFO:colcon.colcon_core.shell:Skip shell extension 'powershell' for command environment: Not usable outside of PowerShell
[1.086s] DEBUG:colcon.colcon_core.shell:Skip shell extension 'dsv' for command environment
[1.350s] INFO:colcon.colcon_core.task.python.build:Building Python package in '/home/mtouri/ros2_ws_humble/src/nimblbot-ros-2/nimblbot_utils'
[1.350s] INFO:colcon.colcon_core.shell:Skip shell extension 'powershell' for command environment: Not usable outside of PowerShell
[1.350s] DEBUG:colcon.colcon_core.shell:Skip shell extension 'dsv' for command environment
[1.357s] DEBUG:colcon.colcon_core.event_handler.log_command:Invoking command in '/home/mtouri/ros2_ws_humble/build/circular_carrier_msgs': CMAKE_PREFIX_PATH=${CMAKE_PREFIX_PATH}:/home/mtouri/spot_ws/install/synchros2_tutorials_example:/home/mtouri/spot_ws/install/spot_examples:/home/mtouri/spot_ws/install/spot_common:/home/mtouri/spot_ws/install/synchros2:/home/mtouri/ros2_ws_humble/install/rviz_manager:/home/mtouri/ros2_ws_humble/install/nimblbot_control:/home/mtouri/ros2_ws_humble/install/nimblbot_utils:/home/mtouri/ros2_ws_humble/install/nimblbot_simulation_scenes:/home/mtouri/ros2_ws_humble/install/nimblbot_path_follow:/home/mtouri/ros2_ws_humble/install/nimblbot_kinematics:/home/mtouri/ros2_ws_humble/install/nimblbot_driver:/home/mtouri/ros2_ws_humble/install/circular_carrier_control:/home/mtouri/ros2_ws_humble/install/nanotec_driver:/opt/ros/humble /usr/bin/cmake /home/mtouri/ros2_ws_humble/src/circular-carrier-ros2/circular_carrier_msgs -DAMENT_CMAKE_SYMLINK_INSTALL=1 -DCMAKE_INSTALL_PREFIX=/home/mtouri/ros2_ws_humble/install/circular_carrier_msgs
[1.359s] DEBUG:colcon.colcon_core.event_handler.log_command:Invoking command in '/home/mtouri/ros2_ws_humble/build/hector_rviz_overlay': CMAKE_PREFIX_PATH=${CMAKE_PREFIX_PATH}:/home/mtouri/spot_ws/install/synchros2_tutorials_example:/home/mtouri/spot_ws/install/spot_examples:/home/mtouri/spot_ws/install/spot_common:/home/mtouri/spot_ws/install/synchros2:/home/mtouri/ros2_ws_humble/install/rviz_manager:/home/mtouri/ros2_ws_humble/install/nimblbot_control:/home/mtouri/ros2_ws_humble/install/nimblbot_utils:/home/mtouri/ros2_ws_humble/install/nimblbot_simulation_scenes:/home/mtouri/ros2_ws_humble/install/nimblbot_path_follow:/home/mtouri/ros2_ws_humble/install/nimblbot_kinematics:/home/mtouri/ros2_ws_humble/install/nimblbot_driver:/home/mtouri/ros2_ws_humble/install/circular_carrier_control:/home/mtouri/ros2_ws_humble/install/nanotec_driver:/opt/ros/humble /usr/bin/cmake /home/mtouri/ros2_ws_humble/src/rviz-overlay-ros2/hector_rviz_overlay/hector_rviz_overlay -DAMENT_CMAKE_SYMLINK_INSTALL=1 -DCMAKE_INSTALL_PREFIX=/home/mtouri/ros2_ws_humble/install/hector_rviz_overlay
[1.637s] INFO:colcon.colcon_core.task.python.build:Building Python package in '/home/mtouri/ros2_ws_humble/src/nimblbot-ros-2/nimblbot_path_follow'
[1.638s] INFO:colcon.colcon_core.shell:Skip shell extension 'powershell' for command environment: Not usable outside of PowerShell
[1.638s] DEBUG:colcon.colcon_core.shell:Skip shell extension 'dsv' for command environment
[1.927s] INFO:colcon.colcon_core.task.python.build:Building Python package in '/home/mtouri/ros2_ws_humble/src/nimblbot-ros-2/nimblbot_simulation_scenes'
[1.928s] INFO:colcon.colcon_core.shell:Skip shell extension 'powershell' for command environment: Not usable outside of PowerShell
[1.928s] DEBUG:colcon.colcon_core.shell:Skip shell extension 'dsv' for command environment
[1.935s] DEBUG:colcon.colcon_core.event_handler.log_command:Invoking command in '/home/mtouri/ros2_ws_humble/build/ros_babel_fish_test_msgs': CMAKE_PREFIX_PATH=${CMAKE_PREFIX_PATH}:/home/mtouri/spot_ws/install/synchros2_tutorials_example:/home/mtouri/spot_ws/install/spot_examples:/home/mtouri/spot_ws/install/spot_common:/home/mtouri/spot_ws/install/synchros2:/home/mtouri/ros2_ws_humble/install/rviz_manager:/home/mtouri/ros2_ws_humble/install/nimblbot_control:/home/mtouri/ros2_ws_humble/install/nimblbot_utils:/home/mtouri/ros2_ws_humble/install/nimblbot_simulation_scenes:/home/mtouri/ros2_ws_humble/install/nimblbot_path_follow:/home/mtouri/ros2_ws_humble/install/nimblbot_kinematics:/home/mtouri/ros2_ws_humble/install/nimblbot_driver:/home/mtouri/ros2_ws_humble/install/circular_carrier_control:/home/mtouri/ros2_ws_humble/install/nanotec_driver:/opt/ros/humble /usr/bin/cmake /home/mtouri/ros2_ws_humble/src/rviz-overlay-ros2/ros_babel_fish/ros_babel_fish_test_msgs -DAMENT_CMAKE_SYMLINK_INSTALL=1 -DCMAKE_INSTALL_PREFIX=/home/mtouri/ros2_ws_humble/install/ros_babel_fish_test_msgs
[2.216s] INFO:colcon.colcon_core.task.python.build:Building Python package in '/home/mtouri/ros2_ws_humble/src/rviz-overlay-ros2/rviz_manager'
[2.217s] INFO:colcon.colcon_core.shell:Skip shell extension 'powershell' for command environment: Not usable outside of PowerShell
[2.217s] DEBUG:colcon.colcon_core.shell:Skip shell extension 'dsv' for command environment
[2.224s] DEBUG:colcon.colcon_core.event_handler.log_command:Invoking command in '/home/mtouri/ros2_ws_humble/build/rviz_manager_msgs': CMAKE_PREFIX_PATH=${CMAKE_PREFIX_PATH}:/home/mtouri/spot_ws/install/synchros2_tutorials_example:/home/mtouri/spot_ws/install/spot_examples:/home/mtouri/spot_ws/install/spot_common:/home/mtouri/spot_ws/install/synchros2:/home/mtouri/ros2_ws_humble/install/rviz_manager:/home/mtouri/ros2_ws_humble/install/nimblbot_control:/home/mtouri/ros2_ws_humble/install/nimblbot_utils:/home/mtouri/ros2_ws_humble/install/nimblbot_simulation_scenes:/home/mtouri/ros2_ws_humble/install/nimblbot_path_follow:/home/mtouri/ros2_ws_humble/install/nimblbot_kinematics:/home/mtouri/ros2_ws_humble/install/nimblbot_driver:/home/mtouri/ros2_ws_humble/install/circular_carrier_control:/home/mtouri/ros2_ws_humble/install/nanotec_driver:/opt/ros/humble /usr/bin/cmake /home/mtouri/ros2_ws_humble/src/rviz-overlay-ros2/rviz_manager_msgs -DAMENT_CMAKE_SYMLINK_INSTALL=1 -DCMAKE_INSTALL_PREFIX=/home/mtouri/ros2_ws_humble/install/rviz_manager_msgs
[2.499s] INFO:colcon.colcon_core.task.python.build:Building Python package in '/home/mtouri/ros2_ws_humble/src/whole-body-spot-nb/whole_body_bringup'
[2.500s] INFO:colcon.colcon_core.shell:Skip shell extension 'powershell' for command environment: Not usable outside of PowerShell
[2.500s] DEBUG:colcon.colcon_core.shell:Skip shell extension 'dsv' for command environment
[2.780s] INFO:colcon.colcon_core.task.python.build:Building Python package in '/home/mtouri/ros2_ws_humble/src/whole-body-spot-nb/whole_body_scripts'
[2.781s] INFO:colcon.colcon_core.shell:Skip shell extension 'powershell' for command environment: Not usable outside of PowerShell
[2.781s] DEBUG:colcon.colcon_core.shell:Skip shell extension 'dsv' for command environment
[2.786s] DEBUG:colcon.colcon_core.event_handler.log_command:Invoked command in '/home/mtouri/ros2_ws_humble/build/circular_carrier_description' returned '0': CMAKE_PREFIX_PATH=${CMAKE_PREFIX_PATH}:/home/mtouri/spot_ws/install/synchros2_tutorials_example:/home/mtouri/spot_ws/install/spot_examples:/home/mtouri/spot_ws/install/spot_common:/home/mtouri/spot_ws/install/synchros2:/home/mtouri/ros2_ws_humble/install/rviz_manager:/home/mtouri/ros2_ws_humble/install/nimblbot_control:/home/mtouri/ros2_ws_humble/install/nimblbot_utils:/home/mtouri/ros2_ws_humble/install/nimblbot_simulation_scenes:/home/mtouri/ros2_ws_humble/install/nimblbot_path_follow:/home/mtouri/ros2_ws_humble/install/nimblbot_kinematics:/home/mtouri/ros2_ws_humble/install/nimblbot_driver:/home/mtouri/ros2_ws_humble/install/circular_carrier_control:/home/mtouri/ros2_ws_humble/install/nanotec_driver:/opt/ros/humble /usr/bin/cmake /home/mtouri/ros2_ws_humble/src/circular-carrier-ros2/circular_carrier_description -DAMENT_CMAKE_SYMLINK_INSTALL=1 -DCMAKE_INSTALL_PREFIX=/home/mtouri/ros2_ws_humble/install/circular_carrier_description
[2.788s] DEBUG:colcon.colcon_core.event_handler.log_command:Invoking command in '/home/mtouri/ros2_ws_humble/build/circular_carrier_description': CMAKE_PREFIX_PATH=${CMAKE_PREFIX_PATH}:/home/mtouri/spot_ws/install/synchros2_tutorials_example:/home/mtouri/spot_ws/install/spot_examples:/home/mtouri/spot_ws/install/spot_common:/home/mtouri/spot_ws/install/synchros2:/home/mtouri/ros2_ws_humble/install/rviz_manager:/home/mtouri/ros2_ws_humble/install/nimblbot_control:/home/mtouri/ros2_ws_humble/install/nimblbot_utils:/home/mtouri/ros2_ws_humble/install/nimblbot_simulation_scenes:/home/mtouri/ros2_ws_humble/install/nimblbot_path_follow:/home/mtouri/ros2_ws_humble/install/nimblbot_kinematics:/home/mtouri/ros2_ws_humble/install/nimblbot_driver:/home/mtouri/ros2_ws_humble/install/circular_carrier_control:/home/mtouri/ros2_ws_humble/install/nanotec_driver:/opt/ros/humble /usr/bin/cmake --build /home/mtouri/ros2_ws_humble/build/circular_carrier_description -- -j16 -l16
[2.788s] DEBUG:colcon.colcon_core.event_handler.log_command:Invoked command in '/home/mtouri/ros2_ws_humble/build/nimblbot_description' returned '0': CMAKE_PREFIX_PATH=${CMAKE_PREFIX_PATH}:/home/mtouri/spot_ws/install/synchros2_tutorials_example:/home/mtouri/spot_ws/install/spot_examples:/home/mtouri/spot_ws/install/spot_common:/home/mtouri/spot_ws/install/synchros2:/home/mtouri/ros2_ws_humble/install/rviz_manager:/home/mtouri/ros2_ws_humble/install/nimblbot_control:/home/mtouri/ros2_ws_humble/install/nimblbot_utils:/home/mtouri/ros2_ws_humble/install/nimblbot_simulation_scenes:/home/mtouri/ros2_ws_humble/install/nimblbot_path_follow:/home/mtouri/ros2_ws_humble/install/nimblbot_kinematics:/home/mtouri/ros2_ws_humble/install/nimblbot_driver:/home/mtouri/ros2_ws_humble/install/circular_carrier_control:/home/mtouri/ros2_ws_humble/install/nanotec_driver:/opt/ros/humble /usr/bin/cmake /home/mtouri/ros2_ws_humble/src/nimblbot-ros-2/nimblbot_description -DAMENT_CMAKE_SYMLINK_INSTALL=1 -DCMAKE_INSTALL_PREFIX=/home/mtouri/ros2_ws_humble/install/nimblbot_description
[2.790s] DEBUG:colcon.colcon_core.event_handler.log_command:Invoking command in '/home/mtouri/ros2_ws_humble/build/nimblbot_description': CMAKE_PREFIX_PATH=${CMAKE_PREFIX_PATH}:/home/mtouri/spot_ws/install/synchros2_tutorials_example:/home/mtouri/spot_ws/install/spot_examples:/home/mtouri/spot_ws/install/spot_common:/home/mtouri/spot_ws/install/synchros2:/home/mtouri/ros2_ws_humble/install/rviz_manager:/home/mtouri/ros2_ws_humble/install/nimblbot_control:/home/mtouri/ros2_ws_humble/install/nimblbot_utils:/home/mtouri/ros2_ws_humble/install/nimblbot_simulation_scenes:/home/mtouri/ros2_ws_humble/install/nimblbot_path_follow:/home/mtouri/ros2_ws_humble/install/nimblbot_kinematics:/home/mtouri/ros2_ws_humble/install/nimblbot_driver:/home/mtouri/ros2_ws_humble/install/circular_carrier_control:/home/mtouri/ros2_ws_humble/install/nanotec_driver:/opt/ros/humble /usr/bin/cmake --build /home/mtouri/ros2_ws_humble/build/nimblbot_description -- -j16 -l16
[2.790s] DEBUG:colcon.colcon_core.event_handler.log_command:Invoked command in '/home/mtouri/ros2_ws_humble/build/circular_carrier_msgs' returned '0': CMAKE_PREFIX_PATH=${CMAKE_PREFIX_PATH}:/home/mtouri/spot_ws/install/synchros2_tutorials_example:/home/mtouri/spot_ws/install/spot_examples:/home/mtouri/spot_ws/install/spot_common:/home/mtouri/spot_ws/install/synchros2:/home/mtouri/ros2_ws_humble/install/rviz_manager:/home/mtouri/ros2_ws_humble/install/nimblbot_control:/home/mtouri/ros2_ws_humble/install/nimblbot_utils:/home/mtouri/ros2_ws_humble/install/nimblbot_simulation_scenes:/home/mtouri/ros2_ws_humble/install/nimblbot_path_follow:/home/mtouri/ros2_ws_humble/install/nimblbot_kinematics:/home/mtouri/ros2_ws_humble/install/nimblbot_driver:/home/mtouri/ros2_ws_humble/install/circular_carrier_control:/home/mtouri/ros2_ws_humble/install/nanotec_driver:/opt/ros/humble /usr/bin/cmake /home/mtouri/ros2_ws_humble/src/circular-carrier-ros2/circular_carrier_msgs -DAMENT_CMAKE_SYMLINK_INSTALL=1 -DCMAKE_INSTALL_PREFIX=/home/mtouri/ros2_ws_humble/install/circular_carrier_msgs
[2.792s] DEBUG:colcon.colcon_core.event_handler.log_command:Invoking command in '/home/mtouri/ros2_ws_humble/build/circular_carrier_msgs': CMAKE_PREFIX_PATH=${CMAKE_PREFIX_PATH}:/home/mtouri/spot_ws/install/synchros2_tutorials_example:/home/mtouri/spot_ws/install/spot_examples:/home/mtouri/spot_ws/install/spot_common:/home/mtouri/spot_ws/install/synchros2:/home/mtouri/ros2_ws_humble/install/rviz_manager:/home/mtouri/ros2_ws_humble/install/nimblbot_control:/home/mtouri/ros2_ws_humble/install/nimblbot_utils:/home/mtouri/ros2_ws_humble/install/nimblbot_simulation_scenes:/home/mtouri/ros2_ws_humble/install/nimblbot_path_follow:/home/mtouri/ros2_ws_humble/install/nimblbot_kinematics:/home/mtouri/ros2_ws_humble/install/nimblbot_driver:/home/mtouri/ros2_ws_humble/install/circular_carrier_control:/home/mtouri/ros2_ws_humble/install/nanotec_driver:/opt/ros/humble /usr/bin/cmake --build /home/mtouri/ros2_ws_humble/build/circular_carrier_msgs -- -j16 -l16
[2.792s] DEBUG:colcon.colcon_core.event_handler.log_command:Invoked command in '/home/mtouri/ros2_ws_humble/build/nanotec_msgs' returned '0': CMAKE_PREFIX_PATH=${CMAKE_PREFIX_PATH}:/home/mtouri/spot_ws/install/synchros2_tutorials_example:/home/mtouri/spot_ws/install/spot_examples:/home/mtouri/spot_ws/install/spot_common:/home/mtouri/spot_ws/install/synchros2:/home/mtouri/ros2_ws_humble/install/rviz_manager:/home/mtouri/ros2_ws_humble/install/nimblbot_control:/home/mtouri/ros2_ws_humble/install/nimblbot_utils:/home/mtouri/ros2_ws_humble/install/nimblbot_simulation_scenes:/home/mtouri/ros2_ws_humble/install/nimblbot_path_follow:/home/mtouri/ros2_ws_humble/install/nimblbot_kinematics:/home/mtouri/ros2_ws_humble/install/nimblbot_driver:/home/mtouri/ros2_ws_humble/install/circular_carrier_control:/home/mtouri/ros2_ws_humble/install/nanotec_driver:/opt/ros/humble /usr/bin/cmake /home/mtouri/ros2_ws_humble/src/drivers-wrapper-ros2/nanotec-wrapper-ros2/nanotec_msgs -DAMENT_CMAKE_SYMLINK_INSTALL=1 -DCMAKE_INSTALL_PREFIX=/home/mtouri/ros2_ws_humble/install/nanotec_msgs
[2.794s] DEBUG:colcon.colcon_core.event_handler.log_command:Invoking command in '/home/mtouri/ros2_ws_humble/build/nanotec_msgs': CMAKE_PREFIX_PATH=${CMAKE_PREFIX_PATH}:/home/mtouri/spot_ws/install/synchros2_tutorials_example:/home/mtouri/spot_ws/install/spot_examples:/home/mtouri/spot_ws/install/spot_common:/home/mtouri/spot_ws/install/synchros2:/home/mtouri/ros2_ws_humble/install/rviz_manager:/home/mtouri/ros2_ws_humble/install/nimblbot_control:/home/mtouri/ros2_ws_humble/install/nimblbot_utils:/home/mtouri/ros2_ws_humble/install/nimblbot_simulation_scenes:/home/mtouri/ros2_ws_humble/install/nimblbot_path_follow:/home/mtouri/ros2_ws_humble/install/nimblbot_kinematics:/home/mtouri/ros2_ws_humble/install/nimblbot_driver:/home/mtouri/ros2_ws_humble/install/circular_carrier_control:/home/mtouri/ros2_ws_humble/install/nanotec_driver:/opt/ros/humble /usr/bin/cmake --build /home/mtouri/ros2_ws_humble/build/nanotec_msgs -- -j16 -l16
[2.848s] DEBUG:colcon.colcon_core.event_handler.log_command:Invoked command in '/home/mtouri/ros2_ws_humble/build/circular_carrier_description' returned '0': CMAKE_PREFIX_PATH=${CMAKE_PREFIX_PATH}:/home/mtouri/spot_ws/install/synchros2_tutorials_example:/home/mtouri/spot_ws/install/spot_examples:/home/mtouri/spot_ws/install/spot_common:/home/mtouri/spot_ws/install/synchros2:/home/mtouri/ros2_ws_humble/install/rviz_manager:/home/mtouri/ros2_ws_humble/install/nimblbot_control:/home/mtouri/ros2_ws_humble/install/nimblbot_utils:/home/mtouri/ros2_ws_humble/install/nimblbot_simulation_scenes:/home/mtouri/ros2_ws_humble/install/nimblbot_path_follow:/home/mtouri/ros2_ws_humble/install/nimblbot_kinematics:/home/mtouri/ros2_ws_humble/install/nimblbot_driver:/home/mtouri/ros2_ws_humble/install/circular_carrier_control:/home/mtouri/ros2_ws_humble/install/nanotec_driver:/opt/ros/humble /usr/bin/cmake --build /home/mtouri/ros2_ws_humble/build/circular_carrier_description -- -j16 -l16
[2.873s] DEBUG:colcon.colcon_core.event_handler.log_command:Invoking command in '/home/mtouri/ros2_ws_humble/build/circular_carrier_description': CMAKE_PREFIX_PATH=${CMAKE_PREFIX_PATH}:/home/mtouri/spot_ws/install/synchros2_tutorials_example:/home/mtouri/spot_ws/install/spot_examples:/home/mtouri/spot_ws/install/spot_common:/home/mtouri/spot_ws/install/synchros2:/home/mtouri/ros2_ws_humble/install/rviz_manager:/home/mtouri/ros2_ws_humble/install/nimblbot_control:/home/mtouri/ros2_ws_humble/install/nimblbot_utils:/home/mtouri/ros2_ws_humble/install/nimblbot_simulation_scenes:/home/mtouri/ros2_ws_humble/install/nimblbot_path_follow:/home/mtouri/ros2_ws_humble/install/nimblbot_kinematics:/home/mtouri/ros2_ws_humble/install/nimblbot_driver:/home/mtouri/ros2_ws_humble/install/circular_carrier_control:/home/mtouri/ros2_ws_humble/install/nanotec_driver:/opt/ros/humble /usr/bin/cmake --install /home/mtouri/ros2_ws_humble/build/circular_carrier_description
[2.874s] DEBUG:colcon.colcon_core.event_handler.log_command:Invoked command in '/home/mtouri/ros2_ws_humble/build/circular_carrier_msgs' returned '0': CMAKE_PREFIX_PATH=${CMAKE_PREFIX_PATH}:/home/mtouri/spot_ws/install/synchros2_tutorials_example:/home/mtouri/spot_ws/install/spot_examples:/home/mtouri/spot_ws/install/spot_common:/home/mtouri/spot_ws/install/synchros2:/home/mtouri/ros2_ws_humble/install/rviz_manager:/home/mtouri/ros2_ws_humble/install/nimblbot_control:/home/mtouri/ros2_ws_humble/install/nimblbot_utils:/home/mtouri/ros2_ws_humble/install/nimblbot_simulation_scenes:/home/mtouri/ros2_ws_humble/install/nimblbot_path_follow:/home/mtouri/ros2_ws_humble/install/nimblbot_kinematics:/home/mtouri/ros2_ws_humble/install/nimblbot_driver:/home/mtouri/ros2_ws_humble/install/circular_carrier_control:/home/mtouri/ros2_ws_humble/install/nanotec_driver:/opt/ros/humble /usr/bin/cmake --build /home/mtouri/ros2_ws_humble/build/circular_carrier_msgs -- -j16 -l16
[2.883s] DEBUG:colcon.colcon_core.event_handler.log_command:Invoking command in '/home/mtouri/ros2_ws_humble/build/circular_carrier_msgs': CMAKE_PREFIX_PATH=${CMAKE_PREFIX_PATH}:/home/mtouri/spot_ws/install/synchros2_tutorials_example:/home/mtouri/spot_ws/install/spot_examples:/home/mtouri/spot_ws/install/spot_common:/home/mtouri/spot_ws/install/synchros2:/home/mtouri/ros2_ws_humble/install/rviz_manager:/home/mtouri/ros2_ws_humble/install/nimblbot_control:/home/mtouri/ros2_ws_humble/install/nimblbot_utils:/home/mtouri/ros2_ws_humble/install/nimblbot_simulation_scenes:/home/mtouri/ros2_ws_humble/install/nimblbot_path_follow:/home/mtouri/ros2_ws_humble/install/nimblbot_kinematics:/home/mtouri/ros2_ws_humble/install/nimblbot_driver:/home/mtouri/ros2_ws_humble/install/circular_carrier_control:/home/mtouri/ros2_ws_humble/install/nanotec_driver:/opt/ros/humble /usr/bin/cmake --install /home/mtouri/ros2_ws_humble/build/circular_carrier_msgs
[3.323s] Level 1:colcon.colcon_core.environment:create_environment_scripts_only(circular_carrier_msgs)
[3.324s] DEBUG:colcon.colcon_core.event_handler.log_command:Invoked command in '/home/mtouri/ros2_ws_humble/build/circular_carrier_msgs' returned '0': CMAKE_PREFIX_PATH=${CMAKE_PREFIX_PATH}:/home/mtouri/spot_ws/install/synchros2_tutorials_example:/home/mtouri/spot_ws/install/spot_examples:/home/mtouri/spot_ws/install/spot_common:/home/mtouri/spot_ws/install/synchros2:/home/mtouri/ros2_ws_humble/install/rviz_manager:/home/mtouri/ros2_ws_humble/install/nimblbot_control:/home/mtouri/ros2_ws_humble/install/nimblbot_utils:/home/mtouri/ros2_ws_humble/install/nimblbot_simulation_scenes:/home/mtouri/ros2_ws_humble/install/nimblbot_path_follow:/home/mtouri/ros2_ws_humble/install/nimblbot_kinematics:/home/mtouri/ros2_ws_humble/install/nimblbot_driver:/home/mtouri/ros2_ws_humble/install/circular_carrier_control:/home/mtouri/ros2_ws_humble/install/nanotec_driver:/opt/ros/humble /usr/bin/cmake --install /home/mtouri/ros2_ws_humble/build/circular_carrier_msgs
[3.335s] Level 1:colcon.colcon_core.environment:checking '/home/mtouri/ros2_ws_humble/install/circular_carrier_msgs' for CMake module files
[3.335s] Level 1:colcon.colcon_core.environment:checking '/home/mtouri/ros2_ws_humble/install/circular_carrier_msgs' for CMake config files
[3.336s] Level 1:colcon.colcon_core.shell:create_environment_hook('circular_carrier_msgs', 'cmake_prefix_path')
[3.336s] INFO:colcon.colcon_core.shell:Creating environment hook '/home/mtouri/ros2_ws_humble/install/circular_carrier_msgs/share/circular_carrier_msgs/hook/cmake_prefix_path.ps1'
[3.337s] INFO:colcon.colcon_core.shell:Creating environment descriptor '/home/mtouri/ros2_ws_humble/install/circular_carrier_msgs/share/circular_carrier_msgs/hook/cmake_prefix_path.dsv'
[3.337s] INFO:colcon.colcon_core.shell:Creating environment hook '/home/mtouri/ros2_ws_humble/install/circular_carrier_msgs/share/circular_carrier_msgs/hook/cmake_prefix_path.sh'
[3.344s] Level 1:colcon.colcon_core.environment:checking '/home/mtouri/ros2_ws_humble/install/circular_carrier_msgs/bin'
[3.344s] Level 1:colcon.colcon_core.environment:checking '/home/mtouri/ros2_ws_humble/install/circular_carrier_msgs/lib/pkgconfig/circular_carrier_msgs.pc'
[3.345s] Level 1:colcon.colcon_core.environment:checking '/home/mtouri/ros2_ws_humble/install/circular_carrier_msgs/lib/python3.10/site-packages'
[3.345s] Level 1:colcon.colcon_core.environment:checking '/home/mtouri/ros2_ws_humble/install/circular_carrier_msgs/bin'
[3.346s] INFO:colcon.colcon_core.shell:Creating package script '/home/mtouri/ros2_ws_humble/install/circular_carrier_msgs/share/circular_carrier_msgs/package.ps1'
[3.350s] INFO:colcon.colcon_core.shell:Creating package descriptor '/home/mtouri/ros2_ws_humble/install/circular_carrier_msgs/share/circular_carrier_msgs/package.dsv'
[3.355s] INFO:colcon.colcon_core.shell:Creating package script '/home/mtouri/ros2_ws_humble/install/circular_carrier_msgs/share/circular_carrier_msgs/package.sh'
[3.356s] INFO:colcon.colcon_core.shell:Creating package script '/home/mtouri/ros2_ws_humble/install/circular_carrier_msgs/share/circular_carrier_msgs/package.bash'
[3.357s] INFO:colcon.colcon_core.shell:Creating package script '/home/mtouri/ros2_ws_humble/install/circular_carrier_msgs/share/circular_carrier_msgs/package.zsh'
[3.362s] Level 1:colcon.colcon_core.environment:create_file_with_runtime_dependencies(/home/mtouri/ros2_ws_humble/install/circular_carrier_msgs/share/colcon-core/packages/circular_carrier_msgs)
[3.364s] Level 1:colcon.colcon_core.environment:create_environment_scripts_only(circular_carrier_msgs)
[3.364s] Level 1:colcon.colcon_core.environment:checking '/home/mtouri/ros2_ws_humble/install/circular_carrier_msgs' for CMake module files
[3.365s] Level 1:colcon.colcon_core.environment:checking '/home/mtouri/ros2_ws_humble/install/circular_carrier_msgs' for CMake config files
[3.365s] Level 1:colcon.colcon_core.shell:create_environment_hook('circular_carrier_msgs', 'cmake_prefix_path')
[3.365s] INFO:colcon.colcon_core.shell:Creating environment hook '/home/mtouri/ros2_ws_humble/install/circular_carrier_msgs/share/circular_carrier_msgs/hook/cmake_prefix_path.ps1'
[3.367s] INFO:colcon.colcon_core.shell:Creating environment descriptor '/home/mtouri/ros2_ws_humble/install/circular_carrier_msgs/share/circular_carrier_msgs/hook/cmake_prefix_path.dsv'
[3.367s] INFO:colcon.colcon_core.shell:Creating environment hook '/home/mtouri/ros2_ws_humble/install/circular_carrier_msgs/share/circular_carrier_msgs/hook/cmake_prefix_path.sh'
[3.368s] Level 1:colcon.colcon_core.environment:checking '/home/mtouri/ros2_ws_humble/install/circular_carrier_msgs/bin'
[3.368s] Level 1:colcon.colcon_core.environment:checking '/home/mtouri/ros2_ws_humble/install/circular_carrier_msgs/lib/pkgconfig/circular_carrier_msgs.pc'
[3.368s] Level 1:colcon.colcon_core.environment:checking '/home/mtouri/ros2_ws_humble/install/circular_carrier_msgs/lib/python3.10/site-packages'
[3.369s] Level 1:colcon.colcon_core.environment:checking '/home/mtouri/ros2_ws_humble/install/circular_carrier_msgs/bin'
[3.369s] INFO:colcon.colcon_core.shell:Creating package script '/home/mtouri/ros2_ws_humble/install/circular_carrier_msgs/share/circular_carrier_msgs/package.ps1'
[3.376s] INFO:colcon.colcon_core.shell:Creating package descriptor '/home/mtouri/ros2_ws_humble/install/circular_carrier_msgs/share/circular_carrier_msgs/package.dsv'
[3.377s] INFO:colcon.colcon_core.shell:Creating package script '/home/mtouri/ros2_ws_humble/install/circular_carrier_msgs/share/circular_carrier_msgs/package.sh'
[3.378s] INFO:colcon.colcon_core.shell:Creating package script '/home/mtouri/ros2_ws_humble/install/circular_carrier_msgs/share/circular_carrier_msgs/package.bash'
[3.378s] INFO:colcon.colcon_core.shell:Creating package script '/home/mtouri/ros2_ws_humble/install/circular_carrier_msgs/share/circular_carrier_msgs/package.zsh'
[3.381s] Level 1:colcon.colcon_core.environment:create_file_with_runtime_dependencies(/home/mtouri/ros2_ws_humble/install/circular_carrier_msgs/share/colcon-core/packages/circular_carrier_msgs)
[3.593s] DEBUG:colcon.colcon_core.event_handler.log_command:Invoking command in '/home/mtouri/ros2_ws_humble/build/nimblbot_path_follow': PYTHONPATH=/home/mtouri/ros2_ws_humble/build/nimblbot_path_follow/prefix_override:/usr/lib/python3/dist-packages/colcon_core/task/python/colcon_distutils_commands:/home/mtouri/ros2_ws_humble/install/nimblbot_path_follow/lib/python3.10/site-packages:${PYTHONPATH} /usr/bin/python3 -W ignore:setup.py install is deprecated -W ignore:easy_install command is deprecated setup.py develop --editable --build-directory /home/mtouri/ros2_ws_humble/build/nimblbot_path_follow/build --no-deps symlink_data
[3.616s] DEBUG:colcon.colcon_core.event_handler.log_command:Invoked command in '/home/mtouri/ros2_ws_humble/build/nimblbot_description' returned '0': CMAKE_PREFIX_PATH=${CMAKE_PREFIX_PATH}:/home/mtouri/spot_ws/install/synchros2_tutorials_example:/home/mtouri/spot_ws/install/spot_examples:/home/mtouri/spot_ws/install/spot_common:/home/mtouri/spot_ws/install/synchros2:/home/mtouri/ros2_ws_humble/install/rviz_manager:/home/mtouri/ros2_ws_humble/install/nimblbot_control:/home/mtouri/ros2_ws_humble/install/nimblbot_utils:/home/mtouri/ros2_ws_humble/install/nimblbot_simulation_scenes:/home/mtouri/ros2_ws_humble/install/nimblbot_path_follow:/home/mtouri/ros2_ws_humble/install/nimblbot_kinematics:/home/mtouri/ros2_ws_humble/install/nimblbot_driver:/home/mtouri/ros2_ws_humble/install/circular_carrier_control:/home/mtouri/ros2_ws_humble/install/nanotec_driver:/opt/ros/humble /usr/bin/cmake --build /home/mtouri/ros2_ws_humble/build/nimblbot_description -- -j16 -l16
[3.617s] DEBUG:colcon.colcon_core.event_handler.log_command:Invoking command in '/home/mtouri/ros2_ws_humble/build/nimblbot_description': CMAKE_PREFIX_PATH=${CMAKE_PREFIX_PATH}:/home/mtouri/spot_ws/install/synchros2_tutorials_example:/home/mtouri/spot_ws/install/spot_examples:/home/mtouri/spot_ws/install/spot_common:/home/mtouri/spot_ws/install/synchros2:/home/mtouri/ros2_ws_humble/install/rviz_manager:/home/mtouri/ros2_ws_humble/install/nimblbot_control:/home/mtouri/ros2_ws_humble/install/nimblbot_utils:/home/mtouri/ros2_ws_humble/install/nimblbot_simulation_scenes:/home/mtouri/ros2_ws_humble/install/nimblbot_path_follow:/home/mtouri/ros2_ws_humble/install/nimblbot_kinematics:/home/mtouri/ros2_ws_humble/install/nimblbot_driver:/home/mtouri/ros2_ws_humble/install/circular_carrier_control:/home/mtouri/ros2_ws_humble/install/nanotec_driver:/opt/ros/humble /usr/bin/cmake --install /home/mtouri/ros2_ws_humble/build/nimblbot_description
[3.621s] DEBUG:colcon.colcon_core.event_handler.log_command:Invoking command in '/home/mtouri/ros2_ws_humble/build/nimblbot_driver': PYTHONPATH=/home/mtouri/ros2_ws_humble/build/nimblbot_driver/prefix_override:/usr/lib/python3/dist-packages/colcon_core/task/python/colcon_distutils_commands:/home/mtouri/ros2_ws_humble/install/nimblbot_driver/lib/python3.10/site-packages:${PYTHONPATH} /usr/bin/python3 -W ignore:setup.py install is deprecated -W ignore:easy_install command is deprecated setup.py develop --editable --build-directory /home/mtouri/ros2_ws_humble/build/nimblbot_driver/build --no-deps symlink_data
[3.625s] DEBUG:colcon.colcon_core.event_handler.log_command:Invoking command in '/home/mtouri/ros2_ws_humble/build/rviz_manager': PYTHONPATH=/home/mtouri/ros2_ws_humble/build/rviz_manager/prefix_override:/usr/lib/python3/dist-packages/colcon_core/task/python/colcon_distutils_commands:/home/mtouri/ros2_ws_humble/install/rviz_manager/lib/python3.10/site-packages:${PYTHONPATH} /usr/bin/python3 -W ignore:setup.py install is deprecated -W ignore:easy_install command is deprecated setup.py develop --editable --build-directory /home/mtouri/ros2_ws_humble/build/rviz_manager/build --no-deps symlink_data
[3.646s] DEBUG:colcon.colcon_core.event_handler.log_command:Invoking command in '/home/mtouri/ros2_ws_humble/build/nimblbot_simulation_scenes': PYTHONPATH=/home/mtouri/ros2_ws_humble/build/nimblbot_simulation_scenes/prefix_override:/usr/lib/python3/dist-packages/colcon_core/task/python/colcon_distutils_commands:/home/mtouri/ros2_ws_humble/install/nimblbot_simulation_scenes/lib/python3.10/site-packages:${PYTHONPATH} /usr/bin/python3 -W ignore:setup.py install is deprecated -W ignore:easy_install command is deprecated setup.py develop --editable --build-directory /home/mtouri/ros2_ws_humble/build/nimblbot_simulation_scenes/build --no-deps symlink_data
[3.657s] DEBUG:colcon.colcon_core.event_handler.log_command:Invoking command in '/home/mtouri/ros2_ws_humble/build/nimblbot_utils': PYTHONPATH=/home/mtouri/ros2_ws_humble/build/nimblbot_utils/prefix_override:/usr/lib/python3/dist-packages/colcon_core/task/python/colcon_distutils_commands:/home/mtouri/ros2_ws_humble/install/nimblbot_utils/lib/python3.10/site-packages:${PYTHONPATH} /usr/bin/python3 -W ignore:setup.py install is deprecated -W ignore:easy_install command is deprecated setup.py develop --editable --build-directory /home/mtouri/ros2_ws_humble/build/nimblbot_utils/build --no-deps symlink_data
[3.660s] DEBUG:colcon.colcon_core.event_handler.log_command:Invoking command in '/home/mtouri/ros2_ws_humble/build/nimblbot_kinematics': PYTHONPATH=/home/mtouri/ros2_ws_humble/build/nimblbot_kinematics/prefix_override:/usr/lib/python3/dist-packages/colcon_core/task/python/colcon_distutils_commands:/home/mtouri/ros2_ws_humble/install/nimblbot_kinematics/lib/python3.10/site-packages:${PYTHONPATH} /usr/bin/python3 -W ignore:setup.py install is deprecated -W ignore:easy_install command is deprecated setup.py develop --editable --build-directory /home/mtouri/ros2_ws_humble/build/nimblbot_kinematics/build --no-deps symlink_data
[3.696s] DEBUG:colcon.colcon_core.event_handler.log_command:Invoking command in '/home/mtouri/ros2_ws_humble/build/whole_body_scripts': PYTHONPATH=/home/mtouri/ros2_ws_humble/build/whole_body_scripts/prefix_override:/usr/lib/python3/dist-packages/colcon_core/task/python/colcon_distutils_commands:/home/mtouri/ros2_ws_humble/install/whole_body_scripts/lib/python3.10/site-packages:${PYTHONPATH} /usr/bin/python3 -W ignore:setup.py install is deprecated -W ignore:easy_install command is deprecated setup.py develop --editable --build-directory /home/mtouri/ros2_ws_humble/build/whole_body_scripts/build --no-deps symlink_data
[3.835s] Level 1:colcon.colcon_core.environment:create_environment_scripts_only(circular_carrier_description)
[3.836s] Level 1:colcon.colcon_core.environment:checking '/home/mtouri/ros2_ws_humble/install/circular_carrier_description' for CMake module files
[3.838s] DEBUG:colcon.colcon_core.event_handler.log_command:Invoked command in '/home/mtouri/ros2_ws_humble/build/circular_carrier_description' returned '0': CMAKE_PREFIX_PATH=${CMAKE_PREFIX_PATH}:/home/mtouri/spot_ws/install/synchros2_tutorials_example:/home/mtouri/spot_ws/install/spot_examples:/home/mtouri/spot_ws/install/spot_common:/home/mtouri/spot_ws/install/synchros2:/home/mtouri/ros2_ws_humble/install/rviz_manager:/home/mtouri/ros2_ws_humble/install/nimblbot_control:/home/mtouri/ros2_ws_humble/install/nimblbot_utils:/home/mtouri/ros2_ws_humble/install/nimblbot_simulation_scenes:/home/mtouri/ros2_ws_humble/install/nimblbot_path_follow:/home/mtouri/ros2_ws_humble/install/nimblbot_kinematics:/home/mtouri/ros2_ws_humble/install/nimblbot_driver:/home/mtouri/ros2_ws_humble/install/circular_carrier_control:/home/mtouri/ros2_ws_humble/install/nanotec_driver:/opt/ros/humble /usr/bin/cmake --install /home/mtouri/ros2_ws_humble/build/circular_carrier_description
[3.839s] Level 1:colcon.colcon_core.environment:checking '/home/mtouri/ros2_ws_humble/install/circular_carrier_description' for CMake config files
[3.839s] Level 1:colcon.colcon_core.shell:create_environment_hook('circular_carrier_description', 'cmake_prefix_path')
[3.840s] INFO:colcon.colcon_core.shell:Creating environment hook '/home/mtouri/ros2_ws_humble/install/circular_carrier_description/share/circular_carrier_description/hook/cmake_prefix_path.ps1'
[3.841s] INFO:colcon.colcon_core.shell:Creating environment descriptor '/home/mtouri/ros2_ws_humble/install/circular_carrier_description/share/circular_carrier_description/hook/cmake_prefix_path.dsv'
[3.841s] INFO:colcon.colcon_core.shell:Creating environment hook '/home/mtouri/ros2_ws_humble/install/circular_carrier_description/share/circular_carrier_description/hook/cmake_prefix_path.sh'
[3.842s] Level 1:colcon.colcon_core.environment:checking '/home/mtouri/ros2_ws_humble/install/circular_carrier_description/bin'
[3.842s] Level 1:colcon.colcon_core.environment:checking '/home/mtouri/ros2_ws_humble/install/circular_carrier_description/lib/pkgconfig/circular_carrier_description.pc'
[3.842s] Level 1:colcon.colcon_core.environment:checking '/home/mtouri/ros2_ws_humble/install/circular_carrier_description/lib/python3.10/site-packages'
[3.843s] Level 1:colcon.colcon_core.environment:checking '/home/mtouri/ros2_ws_humble/install/circular_carrier_description/bin'
[3.843s] INFO:colcon.colcon_core.shell:Creating package script '/home/mtouri/ros2_ws_humble/install/circular_carrier_description/share/circular_carrier_description/package.ps1'
[3.844s] INFO:colcon.colcon_core.shell:Creating package descriptor '/home/mtouri/ros2_ws_humble/install/circular_carrier_description/share/circular_carrier_description/package.dsv'
[3.844s] INFO:colcon.colcon_core.shell:Creating package script '/home/mtouri/ros2_ws_humble/install/circular_carrier_description/share/circular_carrier_description/package.sh'
[3.845s] INFO:colcon.colcon_core.shell:Creating package script '/home/mtouri/ros2_ws_humble/install/circular_carrier_description/share/circular_carrier_description/package.bash'
[3.845s] INFO:colcon.colcon_core.shell:Creating package script '/home/mtouri/ros2_ws_humble/install/circular_carrier_description/share/circular_carrier_description/package.zsh'
[3.846s] Level 1:colcon.colcon_core.environment:create_file_with_runtime_dependencies(/home/mtouri/ros2_ws_humble/install/circular_carrier_description/share/colcon-core/packages/circular_carrier_description)
[3.847s] Level 1:colcon.colcon_core.environment:create_environment_scripts_only(circular_carrier_description)
[3.847s] Level 1:colcon.colcon_core.environment:checking '/home/mtouri/ros2_ws_humble/install/circular_carrier_description' for CMake module files
[3.848s] Level 1:colcon.colcon_core.environment:checking '/home/mtouri/ros2_ws_humble/install/circular_carrier_description' for CMake config files
[3.848s] Level 1:colcon.colcon_core.shell:create_environment_hook('circular_carrier_description', 'cmake_prefix_path')
[3.848s] INFO:colcon.colcon_core.shell:Creating environment hook '/home/mtouri/ros2_ws_humble/install/circular_carrier_description/share/circular_carrier_description/hook/cmake_prefix_path.ps1'
[3.849s] INFO:colcon.colcon_core.shell:Creating environment descriptor '/home/mtouri/ros2_ws_humble/install/circular_carrier_description/share/circular_carrier_description/hook/cmake_prefix_path.dsv'
[3.850s] INFO:colcon.colcon_core.shell:Creating environment hook '/home/mtouri/ros2_ws_humble/install/circular_carrier_description/share/circular_carrier_description/hook/cmake_prefix_path.sh'
[3.850s] Level 1:colcon.colcon_core.environment:checking '/home/mtouri/ros2_ws_humble/install/circular_carrier_description/bin'
[3.850s] Level 1:colcon.colcon_core.environment:checking '/home/mtouri/ros2_ws_humble/install/circular_carrier_description/lib/pkgconfig/circular_carrier_description.pc'
[3.851s] Level 1:colcon.colcon_core.environment:checking '/home/mtouri/ros2_ws_humble/install/circular_carrier_description/lib/python3.10/site-packages'
[3.851s] Level 1:colcon.colcon_core.environment:checking '/home/mtouri/ros2_ws_humble/install/circular_carrier_description/bin'
[3.852s] INFO:colcon.colcon_core.shell:Creating package script '/home/mtouri/ros2_ws_humble/install/circular_carrier_description/share/circular_carrier_description/package.ps1'
[3.853s] INFO:colcon.colcon_core.shell:Creating package descriptor '/home/mtouri/ros2_ws_humble/install/circular_carrier_description/share/circular_carrier_description/package.dsv'
[3.853s] INFO:colcon.colcon_core.shell:Creating package script '/home/mtouri/ros2_ws_humble/install/circular_carrier_description/share/circular_carrier_description/package.sh'
[3.854s] INFO:colcon.colcon_core.shell:Creating package script '/home/mtouri/ros2_ws_humble/install/circular_carrier_description/share/circular_carrier_description/package.bash'
[3.854s] INFO:colcon.colcon_core.shell:Creating package script '/home/mtouri/ros2_ws_humble/install/circular_carrier_description/share/circular_carrier_description/package.zsh'
[3.855s] Level 1:colcon.colcon_core.environment:create_file_with_runtime_dependencies(/home/mtouri/ros2_ws_humble/install/circular_carrier_description/share/colcon-core/packages/circular_carrier_description)
[3.856s] INFO:colcon.colcon_ros.task.ament_cmake.build:Building ROS package in '/home/mtouri/ros2_ws_humble/src/circular-carrier-ros2/circular_carrier_bringup' with build type 'ament_cmake'
[3.857s] INFO:colcon.colcon_cmake.task.cmake.build:Building CMake package in '/home/mtouri/ros2_ws_humble/src/circular-carrier-ros2/circular_carrier_bringup'
[3.857s] INFO:colcon.colcon_core.shell:Skip shell extension 'powershell' for command environment: Not usable outside of PowerShell
[3.857s] DEBUG:colcon.colcon_core.shell:Skip shell extension 'dsv' for command environment
[3.895s] DEBUG:colcon.colcon_core.event_handler.log_command:Invoking command in '/home/mtouri/ros2_ws_humble/build/whole_body_bringup': PYTHONPATH=/home/mtouri/ros2_ws_humble/build/whole_body_bringup/prefix_override:/usr/lib/python3/dist-packages/colcon_core/task/python/colcon_distutils_commands:/home/mtouri/ros2_ws_humble/install/whole_body_bringup/lib/python3.10/site-packages:${PYTHONPATH} /usr/bin/python3 -W ignore:setup.py install is deprecated -W ignore:easy_install command is deprecated setup.py develop --editable --build-directory /home/mtouri/ros2_ws_humble/build/whole_body_bringup/build --no-deps symlink_data
[3.896s] DEBUG:colcon.colcon_core.event_handler.log_command:Invoking command in '/home/mtouri/ros2_ws_humble/build/circular_carrier_bringup': CMAKE_PREFIX_PATH=/home/mtouri/ros2_ws_humble/install/circular_carrier_description:/home/mtouri/spot_ws/install/synchros2_tutorials_interfaces_example:/home/mtouri/spot_ws/install/spot_driver:/home/mtouri/spot_ws/install/spot_ros2_control:/home/mtouri/spot_ws/install/spot_rviz_plugins:/home/mtouri/spot_ws/install/spot_hardware_interface:/home/mtouri/spot_ws/install/spot_controllers:/home/mtouri/spot_ws/install/spot_msgs:/home/mtouri/spot_ws/install/spot_description:/home/mtouri/ros2_ws_humble/install/rviz_manager_msgs:/home/mtouri/ros2_ws_humble/install/ros_babel_fish_test_msgs:/home/mtouri/ros2_ws_humble/install/nimblbot_bringup:/home/mtouri/ros2_ws_humble/install/nimblbot_description:/home/mtouri/ros2_ws_humble/install/nanotec_msgs:/home/mtouri/ros2_ws_humble/install/circular_carrier_msgs:/home/mtouri/ros2_ws_humble/install/circular_carrier_bringup:/home/mtouri/spot_ws/install/synchros2_tutorials_example:/home/mtouri/spot_ws/install/spot_examples:/home/mtouri/spot_ws/install/spot_common:/home/mtouri/spot_ws/install/synchros2:/home/mtouri/ros2_ws_humble/install/rviz_manager:/home/mtouri/ros2_ws_humble/install/nimblbot_control:/home/mtouri/ros2_ws_humble/install/nimblbot_utils:/home/mtouri/ros2_ws_humble/install/nimblbot_simulation_scenes:/home/mtouri/ros2_ws_humble/install/nimblbot_path_follow:/home/mtouri/ros2_ws_humble/install/nimblbot_kinematics:/home/mtouri/ros2_ws_humble/install/nimblbot_driver:/home/mtouri/ros2_ws_humble/install/circular_carrier_control:/home/mtouri/ros2_ws_humble/install/nanotec_driver:/opt/ros/humble /usr/bin/cmake /home/mtouri/ros2_ws_humble/src/circular-carrier-ros2/circular_carrier_bringup -DAMENT_CMAKE_SYMLINK_INSTALL=1 -DCMAKE_INSTALL_PREFIX=/home/mtouri/ros2_ws_humble/install/circular_carrier_bringup
[4.743s] Level 1:colcon.colcon_core.shell:create_environment_hook('nimblbot_path_follow', 'pythonpath_develop')
[4.744s] INFO:colcon.colcon_core.shell:Creating environment hook '/home/mtouri/ros2_ws_humble/build/nimblbot_path_follow/share/nimblbot_path_follow/hook/pythonpath_develop.ps1'
[4.744s] DEBUG:colcon.colcon_core.event_handler.log_command:Invoked command in '/home/mtouri/ros2_ws_humble/build/nimblbot_path_follow' returned '0': PYTHONPATH=/home/mtouri/ros2_ws_humble/build/nimblbot_path_follow/prefix_override:/usr/lib/python3/dist-packages/colcon_core/task/python/colcon_distutils_commands:/home/mtouri/ros2_ws_humble/install/nimblbot_path_follow/lib/python3.10/site-packages:${PYTHONPATH} /usr/bin/python3 -W ignore:setup.py install is deprecated -W ignore:easy_install command is deprecated setup.py develop --editable --build-directory /home/mtouri/ros2_ws_humble/build/nimblbot_path_follow/build --no-deps symlink_data
[4.748s] INFO:colcon.colcon_core.shell:Creating environment descriptor '/home/mtouri/ros2_ws_humble/build/nimblbot_path_follow/share/nimblbot_path_follow/hook/pythonpath_develop.dsv'
[4.749s] INFO:colcon.colcon_core.shell:Creating environment hook '/home/mtouri/ros2_ws_humble/build/nimblbot_path_follow/share/nimblbot_path_follow/hook/pythonpath_develop.sh'
[4.750s] Level 1:colcon.colcon_core.environment:checking '/home/mtouri/ros2_ws_humble/install/nimblbot_path_follow' for CMake module files
[4.750s] Level 1:colcon.colcon_core.environment:checking '/home/mtouri/ros2_ws_humble/install/nimblbot_path_follow' for CMake config files
[4.754s] Level 1:colcon.colcon_core.environment:checking '/home/mtouri/ros2_ws_humble/install/nimblbot_path_follow/lib'
[4.754s] Level 1:colcon.colcon_core.environment:checking '/home/mtouri/ros2_ws_humble/install/nimblbot_path_follow/bin'
[4.754s] Level 1:colcon.colcon_core.environment:checking '/home/mtouri/ros2_ws_humble/install/nimblbot_path_follow/lib/pkgconfig/nimblbot_path_follow.pc'
[4.755s] Level 1:colcon.colcon_core.environment:checking '/home/mtouri/ros2_ws_humble/install/nimblbot_path_follow/lib/python3.10/site-packages'
[4.755s] Level 1:colcon.colcon_core.shell:create_environment_hook('nimblbot_path_follow', 'pythonpath')
[4.755s] INFO:colcon.colcon_core.shell:Creating environment hook '/home/mtouri/ros2_ws_humble/install/nimblbot_path_follow/share/nimblbot_path_follow/hook/pythonpath.ps1'
[4.756s] INFO:colcon.colcon_core.shell:Creating environment descriptor '/home/mtouri/ros2_ws_humble/install/nimblbot_path_follow/share/nimblbot_path_follow/hook/pythonpath.dsv'
[4.756s] INFO:colcon.colcon_core.shell:Creating environment hook '/home/mtouri/ros2_ws_humble/install/nimblbot_path_follow/share/nimblbot_path_follow/hook/pythonpath.sh'
[4.760s] Level 1:colcon.colcon_core.environment:checking '/home/mtouri/ros2_ws_humble/install/nimblbot_path_follow/bin'
[4.761s] Level 1:colcon.colcon_core.environment:create_environment_scripts_only(nimblbot_path_follow)
[4.762s] INFO:colcon.colcon_core.shell:Creating package script '/home/mtouri/ros2_ws_humble/install/nimblbot_path_follow/share/nimblbot_path_follow/package.ps1'
[4.763s] INFO:colcon.colcon_core.shell:Creating package descriptor '/home/mtouri/ros2_ws_humble/install/nimblbot_path_follow/share/nimblbot_path_follow/package.dsv'
[4.766s] INFO:colcon.colcon_core.shell:Creating package script '/home/mtouri/ros2_ws_humble/install/nimblbot_path_follow/share/nimblbot_path_follow/package.sh'
[4.768s] INFO:colcon.colcon_core.shell:Creating package script '/home/mtouri/ros2_ws_humble/install/nimblbot_path_follow/share/nimblbot_path_follow/package.bash'
[4.769s] INFO:colcon.colcon_core.shell:Creating package script '/home/mtouri/ros2_ws_humble/install/nimblbot_path_follow/share/nimblbot_path_follow/package.zsh'
[4.769s] Level 1:colcon.colcon_core.environment:create_file_with_runtime_dependencies(/home/mtouri/ros2_ws_humble/install/nimblbot_path_follow/share/colcon-core/packages/nimblbot_path_follow)
[4.800s] Level 1:colcon.colcon_core.shell:create_environment_hook('nimblbot_simulation_scenes', 'pythonpath_develop')
[4.800s] INFO:colcon.colcon_core.shell:Creating environment hook '/home/mtouri/ros2_ws_humble/build/nimblbot_simulation_scenes/share/nimblbot_simulation_scenes/hook/pythonpath_develop.ps1'
[4.801s] INFO:colcon.colcon_core.shell:Creating environment descriptor '/home/mtouri/ros2_ws_humble/build/nimblbot_simulation_scenes/share/nimblbot_simulation_scenes/hook/pythonpath_develop.dsv'
[4.802s] INFO:colcon.colcon_core.shell:Creating environment hook '/home/mtouri/ros2_ws_humble/build/nimblbot_simulation_scenes/share/nimblbot_simulation_scenes/hook/pythonpath_develop.sh'
[4.806s] DEBUG:colcon.colcon_core.event_handler.log_command:Invoked command in '/home/mtouri/ros2_ws_humble/build/nimblbot_simulation_scenes' returned '0': PYTHONPATH=/home/mtouri/ros2_ws_humble/build/nimblbot_simulation_scenes/prefix_override:/usr/lib/python3/dist-packages/colcon_core/task/python/colcon_distutils_commands:/home/mtouri/ros2_ws_humble/install/nimblbot_simulation_scenes/lib/python3.10/site-packages:${PYTHONPATH} /usr/bin/python3 -W ignore:setup.py install is deprecated -W ignore:easy_install command is deprecated setup.py develop --editable --build-directory /home/mtouri/ros2_ws_humble/build/nimblbot_simulation_scenes/build --no-deps symlink_data
[4.807s] Level 1:colcon.colcon_core.environment:checking '/home/mtouri/ros2_ws_humble/install/nimblbot_simulation_scenes' for CMake module files
[4.808s] Level 1:colcon.colcon_core.environment:checking '/home/mtouri/ros2_ws_humble/install/nimblbot_simulation_scenes' for CMake config files
[4.809s] Level 1:colcon.colcon_core.environment:checking '/home/mtouri/ros2_ws_humble/install/nimblbot_simulation_scenes/lib'
[4.809s] Level 1:colcon.colcon_core.environment:checking '/home/mtouri/ros2_ws_humble/install/nimblbot_simulation_scenes/bin'
[4.809s] Level 1:colcon.colcon_core.environment:checking '/home/mtouri/ros2_ws_humble/install/nimblbot_simulation_scenes/lib/pkgconfig/nimblbot_simulation_scenes.pc'
[4.813s] Level 1:colcon.colcon_core.environment:checking '/home/mtouri/ros2_ws_humble/install/nimblbot_simulation_scenes/lib/python3.10/site-packages'
[4.813s] Level 1:colcon.colcon_core.shell:create_environment_hook('nimblbot_simulation_scenes', 'pythonpath')
[4.814s] INFO:colcon.colcon_core.shell:Creating environment hook '/home/mtouri/ros2_ws_humble/install/nimblbot_simulation_scenes/share/nimblbot_simulation_scenes/hook/pythonpath.ps1'
[4.815s] INFO:colcon.colcon_core.shell:Creating environment descriptor '/home/mtouri/ros2_ws_humble/install/nimblbot_simulation_scenes/share/nimblbot_simulation_scenes/hook/pythonpath.dsv'
[4.815s] INFO:colcon.colcon_core.shell:Creating environment hook '/home/mtouri/ros2_ws_humble/install/nimblbot_simulation_scenes/share/nimblbot_simulation_scenes/hook/pythonpath.sh'
[4.819s] Level 1:colcon.colcon_core.environment:checking '/home/mtouri/ros2_ws_humble/install/nimblbot_simulation_scenes/bin'
[4.819s] Level 1:colcon.colcon_core.environment:create_environment_scripts_only(nimblbot_simulation_scenes)
[4.820s] INFO:colcon.colcon_core.shell:Creating package script '/home/mtouri/ros2_ws_humble/install/nimblbot_simulation_scenes/share/nimblbot_simulation_scenes/package.ps1'
[4.823s] INFO:colcon.colcon_core.shell:Creating package descriptor '/home/mtouri/ros2_ws_humble/install/nimblbot_simulation_scenes/share/nimblbot_simulation_scenes/package.dsv'
[4.824s] INFO:colcon.colcon_core.shell:Creating package script '/home/mtouri/ros2_ws_humble/install/nimblbot_simulation_scenes/share/nimblbot_simulation_scenes/package.sh'
[4.824s] INFO:colcon.colcon_core.shell:Creating package script '/home/mtouri/ros2_ws_humble/install/nimblbot_simulation_scenes/share/nimblbot_simulation_scenes/package.bash'
[4.828s] INFO:colcon.colcon_core.shell:Creating package script '/home/mtouri/ros2_ws_humble/install/nimblbot_simulation_scenes/share/nimblbot_simulation_scenes/package.zsh'
[4.829s] Level 1:colcon.colcon_core.environment:create_file_with_runtime_dependencies(/home/mtouri/ros2_ws_humble/install/nimblbot_simulation_scenes/share/colcon-core/packages/nimblbot_simulation_scenes)
[4.921s] Level 1:colcon.colcon_core.shell:create_environment_hook('nimblbot_kinematics', 'pythonpath_develop')
[4.922s] INFO:colcon.colcon_core.shell:Creating environment hook '/home/mtouri/ros2_ws_humble/build/nimblbot_kinematics/share/nimblbot_kinematics/hook/pythonpath_develop.ps1'
[4.923s] DEBUG:colcon.colcon_core.event_handler.log_command:Invoked command in '/home/mtouri/ros2_ws_humble/build/nimblbot_kinematics' returned '0': PYTHONPATH=/home/mtouri/ros2_ws_humble/build/nimblbot_kinematics/prefix_override:/usr/lib/python3/dist-packages/colcon_core/task/python/colcon_distutils_commands:/home/mtouri/ros2_ws_humble/install/nimblbot_kinematics/lib/python3.10/site-packages:${PYTHONPATH} /usr/bin/python3 -W ignore:setup.py install is deprecated -W ignore:easy_install command is deprecated setup.py develop --editable --build-directory /home/mtouri/ros2_ws_humble/build/nimblbot_kinematics/build --no-deps symlink_data
[4.924s] INFO:colcon.colcon_core.shell:Creating environment descriptor '/home/mtouri/ros2_ws_humble/build/nimblbot_kinematics/share/nimblbot_kinematics/hook/pythonpath_develop.dsv'
[4.925s] INFO:colcon.colcon_core.shell:Creating environment hook '/home/mtouri/ros2_ws_humble/build/nimblbot_kinematics/share/nimblbot_kinematics/hook/pythonpath_develop.sh'
[4.926s] Level 1:colcon.colcon_core.environment:checking '/home/mtouri/ros2_ws_humble/install/nimblbot_kinematics' for CMake module files
[4.926s] Level 1:colcon.colcon_core.environment:checking '/home/mtouri/ros2_ws_humble/install/nimblbot_kinematics' for CMake config files
[4.927s] Level 1:colcon.colcon_core.environment:checking '/home/mtouri/ros2_ws_humble/install/nimblbot_kinematics/lib'
[4.927s] Level 1:colcon.colcon_core.environment:checking '/home/mtouri/ros2_ws_humble/install/nimblbot_kinematics/bin'
[4.927s] Level 1:colcon.colcon_core.environment:checking '/home/mtouri/ros2_ws_humble/install/nimblbot_kinematics/lib/pkgconfig/nimblbot_kinematics.pc'
[4.927s] Level 1:colcon.colcon_core.environment:checking '/home/mtouri/ros2_ws_humble/install/nimblbot_kinematics/lib/python3.10/site-packages'
[4.927s] Level 1:colcon.colcon_core.shell:create_environment_hook('nimblbot_kinematics', 'pythonpath')
[4.928s] INFO:colcon.colcon_core.shell:Creating environment hook '/home/mtouri/ros2_ws_humble/install/nimblbot_kinematics/share/nimblbot_kinematics/hook/pythonpath.ps1'
[4.928s] INFO:colcon.colcon_core.shell:Creating environment descriptor '/home/mtouri/ros2_ws_humble/install/nimblbot_kinematics/share/nimblbot_kinematics/hook/pythonpath.dsv'
[4.929s] INFO:colcon.colcon_core.shell:Creating environment hook '/home/mtouri/ros2_ws_humble/install/nimblbot_kinematics/share/nimblbot_kinematics/hook/pythonpath.sh'
[4.930s] Level 1:colcon.colcon_core.environment:checking '/home/mtouri/ros2_ws_humble/install/nimblbot_kinematics/bin'
[4.930s] Level 1:colcon.colcon_core.environment:create_environment_scripts_only(nimblbot_kinematics)
[4.930s] INFO:colcon.colcon_core.shell:Creating package script '/home/mtouri/ros2_ws_humble/install/nimblbot_kinematics/share/nimblbot_kinematics/package.ps1'
[4.932s] INFO:colcon.colcon_core.shell:Creating package descriptor '/home/mtouri/ros2_ws_humble/install/nimblbot_kinematics/share/nimblbot_kinematics/package.dsv'
[4.932s] INFO:colcon.colcon_core.shell:Creating package script '/home/mtouri/ros2_ws_humble/install/nimblbot_kinematics/share/nimblbot_kinematics/package.sh'
[4.933s] INFO:colcon.colcon_core.shell:Creating package script '/home/mtouri/ros2_ws_humble/install/nimblbot_kinematics/share/nimblbot_kinematics/package.bash'
[4.933s] INFO:colcon.colcon_core.shell:Creating package script '/home/mtouri/ros2_ws_humble/install/nimblbot_kinematics/share/nimblbot_kinematics/package.zsh'
[4.934s] Level 1:colcon.colcon_core.environment:create_file_with_runtime_dependencies(/home/mtouri/ros2_ws_humble/install/nimblbot_kinematics/share/colcon-core/packages/nimblbot_kinematics)
[5.004s] Level 1:colcon.colcon_core.shell:create_environment_hook('nimblbot_utils', 'pythonpath_develop')
[5.005s] INFO:colcon.colcon_core.shell:Creating environment hook '/home/mtouri/ros2_ws_humble/build/nimblbot_utils/share/nimblbot_utils/hook/pythonpath_develop.ps1'
[5.006s] INFO:colcon.colcon_core.shell:Creating environment descriptor '/home/mtouri/ros2_ws_humble/build/nimblbot_utils/share/nimblbot_utils/hook/pythonpath_develop.dsv'
[5.006s] INFO:colcon.colcon_core.shell:Creating environment hook '/home/mtouri/ros2_ws_humble/build/nimblbot_utils/share/nimblbot_utils/hook/pythonpath_develop.sh'
[5.007s] Level 1:colcon.colcon_core.environment:checking '/home/mtouri/ros2_ws_humble/install/nimblbot_utils' for CMake module files
[5.008s] Level 1:colcon.colcon_core.environment:checking '/home/mtouri/ros2_ws_humble/install/nimblbot_utils' for CMake config files
[5.008s] Level 1:colcon.colcon_core.environment:checking '/home/mtouri/ros2_ws_humble/install/nimblbot_utils/lib'
[5.008s] Level 1:colcon.colcon_core.environment:checking '/home/mtouri/ros2_ws_humble/install/nimblbot_utils/bin'
[5.008s] Level 1:colcon.colcon_core.environment:checking '/home/mtouri/ros2_ws_humble/install/nimblbot_utils/lib/pkgconfig/nimblbot_utils.pc'
[5.009s] Level 1:colcon.colcon_core.environment:checking '/home/mtouri/ros2_ws_humble/install/nimblbot_utils/lib/python3.10/site-packages'
[5.009s] Level 1:colcon.colcon_core.shell:create_environment_hook('nimblbot_utils', 'pythonpath')
[5.009s] INFO:colcon.colcon_core.shell:Creating environment hook '/home/mtouri/ros2_ws_humble/install/nimblbot_utils/share/nimblbot_utils/hook/pythonpath.ps1'
[5.011s] INFO:colcon.colcon_core.shell:Creating environment descriptor '/home/mtouri/ros2_ws_humble/install/nimblbot_utils/share/nimblbot_utils/hook/pythonpath.dsv'
[5.011s] DEBUG:colcon.colcon_core.event_handler.log_command:Invoked command in '/home/mtouri/ros2_ws_humble/build/nimblbot_utils' returned '0': PYTHONPATH=/home/mtouri/ros2_ws_humble/build/nimblbot_utils/prefix_override:/usr/lib/python3/dist-packages/colcon_core/task/python/colcon_distutils_commands:/home/mtouri/ros2_ws_humble/install/nimblbot_utils/lib/python3.10/site-packages:${PYTHONPATH} /usr/bin/python3 -W ignore:setup.py install is deprecated -W ignore:easy_install command is deprecated setup.py develop --editable --build-directory /home/mtouri/ros2_ws_humble/build/nimblbot_utils/build --no-deps symlink_data
[5.012s] INFO:colcon.colcon_core.shell:Creating environment hook '/home/mtouri/ros2_ws_humble/install/nimblbot_utils/share/nimblbot_utils/hook/pythonpath.sh'
[5.013s] Level 1:colcon.colcon_core.environment:checking '/home/mtouri/ros2_ws_humble/install/nimblbot_utils/bin'
[5.013s] Level 1:colcon.colcon_core.environment:create_environment_scripts_only(nimblbot_utils)
[5.014s] INFO:colcon.colcon_core.shell:Creating package script '/home/mtouri/ros2_ws_humble/install/nimblbot_utils/share/nimblbot_utils/package.ps1'
[5.014s] INFO:colcon.colcon_core.shell:Creating package descriptor '/home/mtouri/ros2_ws_humble/install/nimblbot_utils/share/nimblbot_utils/package.dsv'
[5.015s] INFO:colcon.colcon_core.shell:Creating package script '/home/mtouri/ros2_ws_humble/install/nimblbot_utils/share/nimblbot_utils/package.sh'
[5.015s] INFO:colcon.colcon_core.shell:Creating package script '/home/mtouri/ros2_ws_humble/install/nimblbot_utils/share/nimblbot_utils/package.bash'
[5.016s] INFO:colcon.colcon_core.shell:Creating package script '/home/mtouri/ros2_ws_humble/install/nimblbot_utils/share/nimblbot_utils/package.zsh'
[5.016s] Level 1:colcon.colcon_core.environment:create_file_with_runtime_dependencies(/home/mtouri/ros2_ws_humble/install/nimblbot_utils/share/colcon-core/packages/nimblbot_utils)
[5.017s] INFO:colcon.colcon_ros.task.ament_python.build:Building ROS package in '/home/mtouri/ros2_ws_humble/src/nimblbot-ros-2/nimblbot_control' with build type 'ament_python'
[5.017s] Level 1:colcon.colcon_core.shell:create_environment_hook('nimblbot_control', 'ament_prefix_path')
[5.017s] INFO:colcon.colcon_core.shell:Creating environment hook '/home/mtouri/ros2_ws_humble/install/nimblbot_control/share/nimblbot_control/hook/ament_prefix_path.ps1'
[5.018s] INFO:colcon.colcon_core.shell:Creating environment descriptor '/home/mtouri/ros2_ws_humble/install/nimblbot_control/share/nimblbot_control/hook/ament_prefix_path.dsv'
[5.018s] INFO:colcon.colcon_core.shell:Creating environment hook '/home/mtouri/ros2_ws_humble/install/nimblbot_control/share/nimblbot_control/hook/ament_prefix_path.sh'
[5.019s] INFO:colcon.colcon_core.shell:Skip shell extension 'powershell' for command environment: Not usable outside of PowerShell
[5.019s] DEBUG:colcon.colcon_core.shell:Skip shell extension 'dsv' for command environment
[5.026s] Level 1:colcon.colcon_core.shell:create_environment_hook('whole_body_scripts', 'pythonpath_develop')
[5.026s] INFO:colcon.colcon_core.shell:Creating environment hook '/home/mtouri/ros2_ws_humble/build/whole_body_scripts/share/whole_body_scripts/hook/pythonpath_develop.ps1'
[5.028s] INFO:colcon.colcon_core.shell:Creating environment descriptor '/home/mtouri/ros2_ws_humble/build/whole_body_scripts/share/whole_body_scripts/hook/pythonpath_develop.dsv'
[5.028s] INFO:colcon.colcon_core.shell:Creating environment hook '/home/mtouri/ros2_ws_humble/build/whole_body_scripts/share/whole_body_scripts/hook/pythonpath_develop.sh'
[5.027s] DEBUG:colcon.colcon_core.event_handler.log_command:Invoked command in '/home/mtouri/ros2_ws_humble/build/whole_body_scripts' returned '0': PYTHONPATH=/home/mtouri/ros2_ws_humble/build/whole_body_scripts/prefix_override:/usr/lib/python3/dist-packages/colcon_core/task/python/colcon_distutils_commands:/home/mtouri/ros2_ws_humble/install/whole_body_scripts/lib/python3.10/site-packages:${PYTHONPATH} /usr/bin/python3 -W ignore:setup.py install is deprecated -W ignore:easy_install command is deprecated setup.py develop --editable --build-directory /home/mtouri/ros2_ws_humble/build/whole_body_scripts/build --no-deps symlink_data
[5.029s] Level 1:colcon.colcon_core.environment:checking '/home/mtouri/ros2_ws_humble/install/whole_body_scripts' for CMake module files
[5.032s] Level 1:colcon.colcon_core.environment:checking '/home/mtouri/ros2_ws_humble/install/whole_body_scripts' for CMake config files
[5.032s] Level 1:colcon.colcon_core.environment:checking '/home/mtouri/ros2_ws_humble/install/whole_body_scripts/lib'
[5.032s] Level 1:colcon.colcon_core.environment:checking '/home/mtouri/ros2_ws_humble/install/whole_body_scripts/bin'
[5.033s] Level 1:colcon.colcon_core.environment:checking '/home/mtouri/ros2_ws_humble/install/whole_body_scripts/lib/pkgconfig/whole_body_scripts.pc'
[5.033s] Level 1:colcon.colcon_core.environment:checking '/home/mtouri/ros2_ws_humble/install/whole_body_scripts/lib/python3.10/site-packages'
[5.033s] Level 1:colcon.colcon_core.shell:create_environment_hook('whole_body_scripts', 'pythonpath')
[5.033s] INFO:colcon.colcon_core.shell:Creating environment hook '/home/mtouri/ros2_ws_humble/install/whole_body_scripts/share/whole_body_scripts/hook/pythonpath.ps1'
[5.034s] INFO:colcon.colcon_core.shell:Creating environment descriptor '/home/mtouri/ros2_ws_humble/install/whole_body_scripts/share/whole_body_scripts/hook/pythonpath.dsv'
[5.034s] INFO:colcon.colcon_core.shell:Creating environment hook '/home/mtouri/ros2_ws_humble/install/whole_body_scripts/share/whole_body_scripts/hook/pythonpath.sh'
[5.035s] Level 1:colcon.colcon_core.environment:checking '/home/mtouri/ros2_ws_humble/install/whole_body_scripts/bin'
[5.035s] Level 1:colcon.colcon_core.environment:create_environment_scripts_only(whole_body_scripts)
[5.036s] INFO:colcon.colcon_core.shell:Creating package script '/home/mtouri/ros2_ws_humble/install/whole_body_scripts/share/whole_body_scripts/package.ps1'
[5.036s] INFO:colcon.colcon_core.shell:Creating package descriptor '/home/mtouri/ros2_ws_humble/install/whole_body_scripts/share/whole_body_scripts/package.dsv'
[5.037s] INFO:colcon.colcon_core.shell:Creating package script '/home/mtouri/ros2_ws_humble/install/whole_body_scripts/share/whole_body_scripts/package.sh'
[5.037s] INFO:colcon.colcon_core.shell:Creating package script '/home/mtouri/ros2_ws_humble/install/whole_body_scripts/share/whole_body_scripts/package.bash'
[5.038s] INFO:colcon.colcon_core.shell:Creating package script '/home/mtouri/ros2_ws_humble/install/whole_body_scripts/share/whole_body_scripts/package.zsh'
[5.038s] Level 1:colcon.colcon_core.environment:create_file_with_runtime_dependencies(/home/mtouri/ros2_ws_humble/install/whole_body_scripts/share/colcon-core/packages/whole_body_scripts)
[5.363s] INFO:colcon.colcon_core.task.python.build:Building Python package in '/home/mtouri/ros2_ws_humble/src/nimblbot-ros-2/nimblbot_control'
[5.364s] INFO:colcon.colcon_core.shell:Skip shell extension 'powershell' for command environment: Not usable outside of PowerShell
[5.364s] DEBUG:colcon.colcon_core.shell:Skip shell extension 'dsv' for command environment
[5.371s] DEBUG:colcon.colcon_core.event_handler.log_command:Invoked command in '/home/mtouri/ros2_ws_humble/build/hector_rviz_overlay' returned '0': CMAKE_PREFIX_PATH=${CMAKE_PREFIX_PATH}:/home/mtouri/spot_ws/install/synchros2_tutorials_example:/home/mtouri/spot_ws/install/spot_examples:/home/mtouri/spot_ws/install/spot_common:/home/mtouri/spot_ws/install/synchros2:/home/mtouri/ros2_ws_humble/install/rviz_manager:/home/mtouri/ros2_ws_humble/install/nimblbot_control:/home/mtouri/ros2_ws_humble/install/nimblbot_utils:/home/mtouri/ros2_ws_humble/install/nimblbot_simulation_scenes:/home/mtouri/ros2_ws_humble/install/nimblbot_path_follow:/home/mtouri/ros2_ws_humble/install/nimblbot_kinematics:/home/mtouri/ros2_ws_humble/install/nimblbot_driver:/home/mtouri/ros2_ws_humble/install/circular_carrier_control:/home/mtouri/ros2_ws_humble/install/nanotec_driver:/opt/ros/humble /usr/bin/cmake /home/mtouri/ros2_ws_humble/src/rviz-overlay-ros2/hector_rviz_overlay/hector_rviz_overlay -DAMENT_CMAKE_SYMLINK_INSTALL=1 -DCMAKE_INSTALL_PREFIX=/home/mtouri/ros2_ws_humble/install/hector_rviz_overlay
[5.373s] DEBUG:colcon.colcon_core.event_handler.log_command:Invoking command in '/home/mtouri/ros2_ws_humble/build/hector_rviz_overlay': CMAKE_PREFIX_PATH=${CMAKE_PREFIX_PATH}:/home/mtouri/spot_ws/install/synchros2_tutorials_example:/home/mtouri/spot_ws/install/spot_examples:/home/mtouri/spot_ws/install/spot_common:/home/mtouri/spot_ws/install/synchros2:/home/mtouri/ros2_ws_humble/install/rviz_manager:/home/mtouri/ros2_ws_humble/install/nimblbot_control:/home/mtouri/ros2_ws_humble/install/nimblbot_utils:/home/mtouri/ros2_ws_humble/install/nimblbot_simulation_scenes:/home/mtouri/ros2_ws_humble/install/nimblbot_path_follow:/home/mtouri/ros2_ws_humble/install/nimblbot_kinematics:/home/mtouri/ros2_ws_humble/install/nimblbot_driver:/home/mtouri/ros2_ws_humble/install/circular_carrier_control:/home/mtouri/ros2_ws_humble/install/nanotec_driver:/opt/ros/humble /usr/bin/cmake --build /home/mtouri/ros2_ws_humble/build/hector_rviz_overlay -- -j16 -l16
[5.373s] Level 1:colcon.colcon_core.shell:create_environment_hook('nimblbot_driver', 'pythonpath_develop')
[5.373s] INFO:colcon.colcon_core.shell:Creating environment hook '/home/mtouri/ros2_ws_humble/build/nimblbot_driver/share/nimblbot_driver/hook/pythonpath_develop.ps1'
[5.374s] DEBUG:colcon.colcon_core.event_handler.log_command:Invoked command in '/home/mtouri/ros2_ws_humble/build/nimblbot_driver' returned '0': PYTHONPATH=/home/mtouri/ros2_ws_humble/build/nimblbot_driver/prefix_override:/usr/lib/python3/dist-packages/colcon_core/task/python/colcon_distutils_commands:/home/mtouri/ros2_ws_humble/install/nimblbot_driver/lib/python3.10/site-packages:${PYTHONPATH} /usr/bin/python3 -W ignore:setup.py install is deprecated -W ignore:easy_install command is deprecated setup.py develop --editable --build-directory /home/mtouri/ros2_ws_humble/build/nimblbot_driver/build --no-deps symlink_data
[5.374s] INFO:colcon.colcon_core.shell:Creating environment descriptor '/home/mtouri/ros2_ws_humble/build/nimblbot_driver/share/nimblbot_driver/hook/pythonpath_develop.dsv'
[5.374s] INFO:colcon.colcon_core.shell:Creating environment hook '/home/mtouri/ros2_ws_humble/build/nimblbot_driver/share/nimblbot_driver/hook/pythonpath_develop.sh'
[5.375s] Level 1:colcon.colcon_core.environment:checking '/home/mtouri/ros2_ws_humble/install/nimblbot_driver' for CMake module files
[5.375s] Level 1:colcon.colcon_core.environment:checking '/home/mtouri/ros2_ws_humble/install/nimblbot_driver' for CMake config files
[5.376s] Level 1:colcon.colcon_core.environment:checking '/home/mtouri/ros2_ws_humble/install/nimblbot_driver/lib'
[5.376s] Level 1:colcon.colcon_core.environment:checking '/home/mtouri/ros2_ws_humble/install/nimblbot_driver/bin'
[5.376s] Level 1:colcon.colcon_core.environment:checking '/home/mtouri/ros2_ws_humble/install/nimblbot_driver/lib/pkgconfig/nimblbot_driver.pc'
[5.376s] Level 1:colcon.colcon_core.environment:checking '/home/mtouri/ros2_ws_humble/install/nimblbot_driver/lib/python3.10/site-packages'
[5.376s] Level 1:colcon.colcon_core.shell:create_environment_hook('nimblbot_driver', 'pythonpath')
[5.376s] INFO:colcon.colcon_core.shell:Creating environment hook '/home/mtouri/ros2_ws_humble/install/nimblbot_driver/share/nimblbot_driver/hook/pythonpath.ps1'
[5.376s] INFO:colcon.colcon_core.shell:Creating environment descriptor '/home/mtouri/ros2_ws_humble/install/nimblbot_driver/share/nimblbot_driver/hook/pythonpath.dsv'
[5.377s] INFO:colcon.colcon_core.shell:Creating environment hook '/home/mtouri/ros2_ws_humble/install/nimblbot_driver/share/nimblbot_driver/hook/pythonpath.sh'
[5.377s] Level 1:colcon.colcon_core.environment:checking '/home/mtouri/ros2_ws_humble/install/nimblbot_driver/bin'
[5.377s] Level 1:colcon.colcon_core.environment:create_environment_scripts_only(nimblbot_driver)
[5.377s] INFO:colcon.colcon_core.shell:Creating package script '/home/mtouri/ros2_ws_humble/install/nimblbot_driver/share/nimblbot_driver/package.ps1'
[5.378s] INFO:colcon.colcon_core.shell:Creating package descriptor '/home/mtouri/ros2_ws_humble/install/nimblbot_driver/share/nimblbot_driver/package.dsv'
[5.378s] INFO:colcon.colcon_core.shell:Creating package script '/home/mtouri/ros2_ws_humble/install/nimblbot_driver/share/nimblbot_driver/package.sh'
[5.378s] INFO:colcon.colcon_core.shell:Creating package script '/home/mtouri/ros2_ws_humble/install/nimblbot_driver/share/nimblbot_driver/package.bash'
[5.379s] INFO:colcon.colcon_core.shell:Creating package script '/home/mtouri/ros2_ws_humble/install/nimblbot_driver/share/nimblbot_driver/package.zsh'
[5.379s] Level 1:colcon.colcon_core.environment:create_file_with_runtime_dependencies(/home/mtouri/ros2_ws_humble/install/nimblbot_driver/share/colcon-core/packages/nimblbot_driver)
[5.379s] Level 1:colcon.colcon_core.shell:create_environment_hook('rviz_manager', 'pythonpath_develop')
[5.379s] INFO:colcon.colcon_core.shell:Creating environment hook '/home/mtouri/ros2_ws_humble/build/rviz_manager/share/rviz_manager/hook/pythonpath_develop.ps1'
[5.380s] INFO:colcon.colcon_core.shell:Creating environment descriptor '/home/mtouri/ros2_ws_humble/build/rviz_manager/share/rviz_manager/hook/pythonpath_develop.dsv'
[5.380s] DEBUG:colcon.colcon_core.event_handler.log_command:Invoked command in '/home/mtouri/ros2_ws_humble/build/rviz_manager' returned '0': PYTHONPATH=/home/mtouri/ros2_ws_humble/build/rviz_manager/prefix_override:/usr/lib/python3/dist-packages/colcon_core/task/python/colcon_distutils_commands:/home/mtouri/ros2_ws_humble/install/rviz_manager/lib/python3.10/site-packages:${PYTHONPATH} /usr/bin/python3 -W ignore:setup.py install is deprecated -W ignore:easy_install command is deprecated setup.py develop --editable --build-directory /home/mtouri/ros2_ws_humble/build/rviz_manager/build --no-deps symlink_data
[5.381s] INFO:colcon.colcon_core.shell:Creating environment hook '/home/mtouri/ros2_ws_humble/build/rviz_manager/share/rviz_manager/hook/pythonpath_develop.sh'
[5.381s] Level 1:colcon.colcon_core.environment:checking '/home/mtouri/ros2_ws_humble/install/rviz_manager' for CMake module files
[5.381s] Level 1:colcon.colcon_core.environment:checking '/home/mtouri/ros2_ws_humble/install/rviz_manager' for CMake config files
[5.382s] Level 1:colcon.colcon_core.environment:checking '/home/mtouri/ros2_ws_humble/install/rviz_manager/lib'
[5.382s] Level 1:colcon.colcon_core.environment:checking '/home/mtouri/ros2_ws_humble/install/rviz_manager/bin'
[5.382s] Level 1:colcon.colcon_core.environment:checking '/home/mtouri/ros2_ws_humble/install/rviz_manager/lib/pkgconfig/rviz_manager.pc'
[5.382s] Level 1:colcon.colcon_core.environment:checking '/home/mtouri/ros2_ws_humble/install/rviz_manager/lib/python3.10/site-packages'
[5.382s] Level 1:colcon.colcon_core.shell:create_environment_hook('rviz_manager', 'pythonpath')
[5.382s] INFO:colcon.colcon_core.shell:Creating environment hook '/home/mtouri/ros2_ws_humble/install/rviz_manager/share/rviz_manager/hook/pythonpath.ps1'
[5.382s] INFO:colcon.colcon_core.shell:Creating environment descriptor '/home/mtouri/ros2_ws_humble/install/rviz_manager/share/rviz_manager/hook/pythonpath.dsv'
[5.383s] INFO:colcon.colcon_core.shell:Creating environment hook '/home/mtouri/ros2_ws_humble/install/rviz_manager/share/rviz_manager/hook/pythonpath.sh'
[5.383s] Level 1:colcon.colcon_core.environment:checking '/home/mtouri/ros2_ws_humble/install/rviz_manager/bin'
[5.383s] Level 1:colcon.colcon_core.environment:create_environment_scripts_only(rviz_manager)
[5.383s] INFO:colcon.colcon_core.shell:Creating package script '/home/mtouri/ros2_ws_humble/install/rviz_manager/share/rviz_manager/package.ps1'
[5.384s] INFO:colcon.colcon_core.shell:Creating package descriptor '/home/mtouri/ros2_ws_humble/install/rviz_manager/share/rviz_manager/package.dsv'
[5.384s] INFO:colcon.colcon_core.shell:Creating package script '/home/mtouri/ros2_ws_humble/install/rviz_manager/share/rviz_manager/package.sh'
[5.384s] INFO:colcon.colcon_core.shell:Creating package script '/home/mtouri/ros2_ws_humble/install/rviz_manager/share/rviz_manager/package.bash'
[5.385s] INFO:colcon.colcon_core.shell:Creating package script '/home/mtouri/ros2_ws_humble/install/rviz_manager/share/rviz_manager/package.zsh'
[5.385s] Level 1:colcon.colcon_core.environment:create_file_with_runtime_dependencies(/home/mtouri/ros2_ws_humble/install/rviz_manager/share/colcon-core/packages/rviz_manager)
[5.385s] Level 1:colcon.colcon_core.shell:create_environment_hook('whole_body_bringup', 'pythonpath_develop')
[5.385s] INFO:colcon.colcon_core.shell:Creating environment hook '/home/mtouri/ros2_ws_humble/build/whole_body_bringup/share/whole_body_bringup/hook/pythonpath_develop.ps1'
[5.386s] INFO:colcon.colcon_core.shell:Creating environment descriptor '/home/mtouri/ros2_ws_humble/build/whole_body_bringup/share/whole_body_bringup/hook/pythonpath_develop.dsv'
[5.386s] DEBUG:colcon.colcon_core.event_handler.log_command:Invoked command in '/home/mtouri/ros2_ws_humble/build/whole_body_bringup' returned '0': PYTHONPATH=/home/mtouri/ros2_ws_humble/build/whole_body_bringup/prefix_override:/usr/lib/python3/dist-packages/colcon_core/task/python/colcon_distutils_commands:/home/mtouri/ros2_ws_humble/install/whole_body_bringup/lib/python3.10/site-packages:${PYTHONPATH} /usr/bin/python3 -W ignore:setup.py install is deprecated -W ignore:easy_install command is deprecated setup.py develop --editable --build-directory /home/mtouri/ros2_ws_humble/build/whole_body_bringup/build --no-deps symlink_data
[5.386s] INFO:colcon.colcon_core.shell:Creating environment hook '/home/mtouri/ros2_ws_humble/build/whole_body_bringup/share/whole_body_bringup/hook/pythonpath_develop.sh'
[5.387s] Level 1:colcon.colcon_core.environment:checking '/home/mtouri/ros2_ws_humble/install/whole_body_bringup' for CMake module files
[5.387s] Level 1:colcon.colcon_core.environment:checking '/home/mtouri/ros2_ws_humble/install/whole_body_bringup' for CMake config files
[5.388s] Level 1:colcon.colcon_core.environment:checking '/home/mtouri/ros2_ws_humble/install/whole_body_bringup/lib'
[5.388s] Level 1:colcon.colcon_core.environment:checking '/home/mtouri/ros2_ws_humble/install/whole_body_bringup/bin'
[5.388s] Level 1:colcon.colcon_core.environment:checking '/home/mtouri/ros2_ws_humble/install/whole_body_bringup/lib/pkgconfig/whole_body_bringup.pc'
[5.388s] Level 1:colcon.colcon_core.environment:checking '/home/mtouri/ros2_ws_humble/install/whole_body_bringup/lib/python3.10/site-packages'
[5.388s] Level 1:colcon.colcon_core.shell:create_environment_hook('whole_body_bringup', 'pythonpath')
[5.388s] INFO:colcon.colcon_core.shell:Creating environment hook '/home/mtouri/ros2_ws_humble/install/whole_body_bringup/share/whole_body_bringup/hook/pythonpath.ps1'
[5.388s] INFO:colcon.colcon_core.shell:Creating environment descriptor '/home/mtouri/ros2_ws_humble/install/whole_body_bringup/share/whole_body_bringup/hook/pythonpath.dsv'
[5.389s] INFO:colcon.colcon_core.shell:Creating environment hook '/home/mtouri/ros2_ws_humble/install/whole_body_bringup/share/whole_body_bringup/hook/pythonpath.sh'
[5.389s] Level 1:colcon.colcon_core.environment:checking '/home/mtouri/ros2_ws_humble/install/whole_body_bringup/bin'
[5.389s] Level 1:colcon.colcon_core.environment:create_environment_scripts_only(whole_body_bringup)
[5.389s] INFO:colcon.colcon_core.shell:Creating package script '/home/mtouri/ros2_ws_humble/install/whole_body_bringup/share/whole_body_bringup/package.ps1'
[5.390s] INFO:colcon.colcon_core.shell:Creating package descriptor '/home/mtouri/ros2_ws_humble/install/whole_body_bringup/share/whole_body_bringup/package.dsv'
[5.390s] INFO:colcon.colcon_core.shell:Creating package script '/home/mtouri/ros2_ws_humble/install/whole_body_bringup/share/whole_body_bringup/package.sh'
[5.391s] INFO:colcon.colcon_core.shell:Creating package script '/home/mtouri/ros2_ws_humble/install/whole_body_bringup/share/whole_body_bringup/package.bash'
[5.391s] INFO:colcon.colcon_core.shell:Creating package script '/home/mtouri/ros2_ws_humble/install/whole_body_bringup/share/whole_body_bringup/package.zsh'
[5.391s] Level 1:colcon.colcon_core.environment:create_file_with_runtime_dependencies(/home/mtouri/ros2_ws_humble/install/whole_body_bringup/share/colcon-core/packages/whole_body_bringup)
[5.391s] Level 1:colcon.colcon_core.environment:create_environment_scripts_only(nimblbot_description)
[5.392s] Level 1:colcon.colcon_core.environment:checking '/home/mtouri/ros2_ws_humble/install/nimblbot_description' for CMake module files
[5.393s] DEBUG:colcon.colcon_core.event_handler.log_command:Invoked command in '/home/mtouri/ros2_ws_humble/build/nimblbot_description' returned '0': CMAKE_PREFIX_PATH=${CMAKE_PREFIX_PATH}:/home/mtouri/spot_ws/install/synchros2_tutorials_example:/home/mtouri/spot_ws/install/spot_examples:/home/mtouri/spot_ws/install/spot_common:/home/mtouri/spot_ws/install/synchros2:/home/mtouri/ros2_ws_humble/install/rviz_manager:/home/mtouri/ros2_ws_humble/install/nimblbot_control:/home/mtouri/ros2_ws_humble/install/nimblbot_utils:/home/mtouri/ros2_ws_humble/install/nimblbot_simulation_scenes:/home/mtouri/ros2_ws_humble/install/nimblbot_path_follow:/home/mtouri/ros2_ws_humble/install/nimblbot_kinematics:/home/mtouri/ros2_ws_humble/install/nimblbot_driver:/home/mtouri/ros2_ws_humble/install/circular_carrier_control:/home/mtouri/ros2_ws_humble/install/nanotec_driver:/opt/ros/humble /usr/bin/cmake --install /home/mtouri/ros2_ws_humble/build/nimblbot_description
[5.393s] Level 1:colcon.colcon_core.environment:checking '/home/mtouri/ros2_ws_humble/install/nimblbot_description' for CMake config files
[5.393s] Level 1:colcon.colcon_core.shell:create_environment_hook('nimblbot_description', 'cmake_prefix_path')
[5.393s] INFO:colcon.colcon_core.shell:Creating environment hook '/home/mtouri/ros2_ws_humble/install/nimblbot_description/share/nimblbot_description/hook/cmake_prefix_path.ps1'
[5.394s] INFO:colcon.colcon_core.shell:Creating environment descriptor '/home/mtouri/ros2_ws_humble/install/nimblbot_description/share/nimblbot_description/hook/cmake_prefix_path.dsv'
[5.394s] INFO:colcon.colcon_core.shell:Creating environment hook '/home/mtouri/ros2_ws_humble/install/nimblbot_description/share/nimblbot_description/hook/cmake_prefix_path.sh'
[5.394s] Level 1:colcon.colcon_core.environment:checking '/home/mtouri/ros2_ws_humble/install/nimblbot_description/bin'
[5.394s] Level 1:colcon.colcon_core.environment:checking '/home/mtouri/ros2_ws_humble/install/nimblbot_description/lib/pkgconfig/nimblbot_description.pc'
[5.395s] Level 1:colcon.colcon_core.environment:checking '/home/mtouri/ros2_ws_humble/install/nimblbot_description/lib/python3.10/site-packages'
[5.395s] Level 1:colcon.colcon_core.environment:checking '/home/mtouri/ros2_ws_humble/install/nimblbot_description/bin'
[5.395s] INFO:colcon.colcon_core.shell:Creating package script '/home/mtouri/ros2_ws_humble/install/nimblbot_description/share/nimblbot_description/package.ps1'
[5.395s] INFO:colcon.colcon_core.shell:Creating package descriptor '/home/mtouri/ros2_ws_humble/install/nimblbot_description/share/nimblbot_description/package.dsv'
[5.396s] INFO:colcon.colcon_core.shell:Creating package script '/home/mtouri/ros2_ws_humble/install/nimblbot_description/share/nimblbot_description/package.sh'
[5.396s] INFO:colcon.colcon_core.shell:Creating package script '/home/mtouri/ros2_ws_humble/install/nimblbot_description/share/nimblbot_description/package.bash'
[5.396s] INFO:colcon.colcon_core.shell:Creating package script '/home/mtouri/ros2_ws_humble/install/nimblbot_description/share/nimblbot_description/package.zsh'
[5.396s] Level 1:colcon.colcon_core.environment:create_file_with_runtime_dependencies(/home/mtouri/ros2_ws_humble/install/nimblbot_description/share/colcon-core/packages/nimblbot_description)
[5.397s] Level 1:colcon.colcon_core.environment:create_environment_scripts_only(nimblbot_description)
[5.397s] Level 1:colcon.colcon_core.environment:checking '/home/mtouri/ros2_ws_humble/install/nimblbot_description' for CMake module files
[5.397s] Level 1:colcon.colcon_core.environment:checking '/home/mtouri/ros2_ws_humble/install/nimblbot_description' for CMake config files
[5.398s] Level 1:colcon.colcon_core.shell:create_environment_hook('nimblbot_description', 'cmake_prefix_path')
[5.398s] INFO:colcon.colcon_core.shell:Creating environment hook '/home/mtouri/ros2_ws_humble/install/nimblbot_description/share/nimblbot_description/hook/cmake_prefix_path.ps1'
[5.398s] INFO:colcon.colcon_core.shell:Creating environment descriptor '/home/mtouri/ros2_ws_humble/install/nimblbot_description/share/nimblbot_description/hook/cmake_prefix_path.dsv'
[5.398s] INFO:colcon.colcon_core.shell:Creating environment hook '/home/mtouri/ros2_ws_humble/install/nimblbot_description/share/nimblbot_description/hook/cmake_prefix_path.sh'
[5.399s] Level 1:colcon.colcon_core.environment:checking '/home/mtouri/ros2_ws_humble/install/nimblbot_description/bin'
[5.399s] Level 1:colcon.colcon_core.environment:checking '/home/mtouri/ros2_ws_humble/install/nimblbot_description/lib/pkgconfig/nimblbot_description.pc'
[5.399s] Level 1:colcon.colcon_core.environment:checking '/home/mtouri/ros2_ws_humble/install/nimblbot_description/lib/python3.10/site-packages'
[5.399s] Level 1:colcon.colcon_core.environment:checking '/home/mtouri/ros2_ws_humble/install/nimblbot_description/bin'
[5.399s] INFO:colcon.colcon_core.shell:Creating package script '/home/mtouri/ros2_ws_humble/install/nimblbot_description/share/nimblbot_description/package.ps1'
[5.400s] INFO:colcon.colcon_core.shell:Creating package descriptor '/home/mtouri/ros2_ws_humble/install/nimblbot_description/share/nimblbot_description/package.dsv'
[5.400s] INFO:colcon.colcon_core.shell:Creating package script '/home/mtouri/ros2_ws_humble/install/nimblbot_description/share/nimblbot_description/package.sh'
[5.401s] INFO:colcon.colcon_core.shell:Creating package script '/home/mtouri/ros2_ws_humble/install/nimblbot_description/share/nimblbot_description/package.bash'
[5.401s] INFO:colcon.colcon_core.shell:Creating package script '/home/mtouri/ros2_ws_humble/install/nimblbot_description/share/nimblbot_description/package.zsh'
[5.401s] Level 1:colcon.colcon_core.environment:create_file_with_runtime_dependencies(/home/mtouri/ros2_ws_humble/install/nimblbot_description/share/colcon-core/packages/nimblbot_description)
[5.403s] DEBUG:colcon.colcon_core.event_handler.log_command:Invoked command in '/home/mtouri/ros2_ws_humble/build/ros_babel_fish_test_msgs' returned '0': CMAKE_PREFIX_PATH=${CMAKE_PREFIX_PATH}:/home/mtouri/spot_ws/install/synchros2_tutorials_example:/home/mtouri/spot_ws/install/spot_examples:/home/mtouri/spot_ws/install/spot_common:/home/mtouri/spot_ws/install/synchros2:/home/mtouri/ros2_ws_humble/install/rviz_manager:/home/mtouri/ros2_ws_humble/install/nimblbot_control:/home/mtouri/ros2_ws_humble/install/nimblbot_utils:/home/mtouri/ros2_ws_humble/install/nimblbot_simulation_scenes:/home/mtouri/ros2_ws_humble/install/nimblbot_path_follow:/home/mtouri/ros2_ws_humble/install/nimblbot_kinematics:/home/mtouri/ros2_ws_humble/install/nimblbot_driver:/home/mtouri/ros2_ws_humble/install/circular_carrier_control:/home/mtouri/ros2_ws_humble/install/nanotec_driver:/opt/ros/humble /usr/bin/cmake /home/mtouri/ros2_ws_humble/src/rviz-overlay-ros2/ros_babel_fish/ros_babel_fish_test_msgs -DAMENT_CMAKE_SYMLINK_INSTALL=1 -DCMAKE_INSTALL_PREFIX=/home/mtouri/ros2_ws_humble/install/ros_babel_fish_test_msgs
[5.405s] DEBUG:colcon.colcon_core.event_handler.log_command:Invoking command in '/home/mtouri/ros2_ws_humble/build/ros_babel_fish_test_msgs': CMAKE_PREFIX_PATH=${CMAKE_PREFIX_PATH}:/home/mtouri/spot_ws/install/synchros2_tutorials_example:/home/mtouri/spot_ws/install/spot_examples:/home/mtouri/spot_ws/install/spot_common:/home/mtouri/spot_ws/install/synchros2:/home/mtouri/ros2_ws_humble/install/rviz_manager:/home/mtouri/ros2_ws_humble/install/nimblbot_control:/home/mtouri/ros2_ws_humble/install/nimblbot_utils:/home/mtouri/ros2_ws_humble/install/nimblbot_simulation_scenes:/home/mtouri/ros2_ws_humble/install/nimblbot_path_follow:/home/mtouri/ros2_ws_humble/install/nimblbot_kinematics:/home/mtouri/ros2_ws_humble/install/nimblbot_driver:/home/mtouri/ros2_ws_humble/install/circular_carrier_control:/home/mtouri/ros2_ws_humble/install/nanotec_driver:/opt/ros/humble /usr/bin/cmake --build /home/mtouri/ros2_ws_humble/build/ros_babel_fish_test_msgs -- -j16 -l16
[5.405s] DEBUG:colcon.colcon_core.event_handler.log_command:Invoked command in '/home/mtouri/ros2_ws_humble/build/rviz_manager_msgs' returned '0': CMAKE_PREFIX_PATH=${CMAKE_PREFIX_PATH}:/home/mtouri/spot_ws/install/synchros2_tutorials_example:/home/mtouri/spot_ws/install/spot_examples:/home/mtouri/spot_ws/install/spot_common:/home/mtouri/spot_ws/install/synchros2:/home/mtouri/ros2_ws_humble/install/rviz_manager:/home/mtouri/ros2_ws_humble/install/nimblbot_control:/home/mtouri/ros2_ws_humble/install/nimblbot_utils:/home/mtouri/ros2_ws_humble/install/nimblbot_simulation_scenes:/home/mtouri/ros2_ws_humble/install/nimblbot_path_follow:/home/mtouri/ros2_ws_humble/install/nimblbot_kinematics:/home/mtouri/ros2_ws_humble/install/nimblbot_driver:/home/mtouri/ros2_ws_humble/install/circular_carrier_control:/home/mtouri/ros2_ws_humble/install/nanotec_driver:/opt/ros/humble /usr/bin/cmake /home/mtouri/ros2_ws_humble/src/rviz-overlay-ros2/rviz_manager_msgs -DAMENT_CMAKE_SYMLINK_INSTALL=1 -DCMAKE_INSTALL_PREFIX=/home/mtouri/ros2_ws_humble/install/rviz_manager_msgs
[5.406s] DEBUG:colcon.colcon_core.event_handler.log_command:Invoking command in '/home/mtouri/ros2_ws_humble/build/rviz_manager_msgs': CMAKE_PREFIX_PATH=${CMAKE_PREFIX_PATH}:/home/mtouri/spot_ws/install/synchros2_tutorials_example:/home/mtouri/spot_ws/install/spot_examples:/home/mtouri/spot_ws/install/spot_common:/home/mtouri/spot_ws/install/synchros2:/home/mtouri/ros2_ws_humble/install/rviz_manager:/home/mtouri/ros2_ws_humble/install/nimblbot_control:/home/mtouri/ros2_ws_humble/install/nimblbot_utils:/home/mtouri/ros2_ws_humble/install/nimblbot_simulation_scenes:/home/mtouri/ros2_ws_humble/install/nimblbot_path_follow:/home/mtouri/ros2_ws_humble/install/nimblbot_kinematics:/home/mtouri/ros2_ws_humble/install/nimblbot_driver:/home/mtouri/ros2_ws_humble/install/circular_carrier_control:/home/mtouri/ros2_ws_humble/install/nanotec_driver:/opt/ros/humble /usr/bin/cmake --build /home/mtouri/ros2_ws_humble/build/rviz_manager_msgs -- -j16 -l16
[5.408s] DEBUG:colcon.colcon_core.event_handler.log_command:Invoked command in '/home/mtouri/ros2_ws_humble/build/circular_carrier_bringup' returned '0': CMAKE_PREFIX_PATH=/home/mtouri/ros2_ws_humble/install/circular_carrier_description:/home/mtouri/spot_ws/install/synchros2_tutorials_interfaces_example:/home/mtouri/spot_ws/install/spot_driver:/home/mtouri/spot_ws/install/spot_ros2_control:/home/mtouri/spot_ws/install/spot_rviz_plugins:/home/mtouri/spot_ws/install/spot_hardware_interface:/home/mtouri/spot_ws/install/spot_controllers:/home/mtouri/spot_ws/install/spot_msgs:/home/mtouri/spot_ws/install/spot_description:/home/mtouri/ros2_ws_humble/install/rviz_manager_msgs:/home/mtouri/ros2_ws_humble/install/ros_babel_fish_test_msgs:/home/mtouri/ros2_ws_humble/install/nimblbot_bringup:/home/mtouri/ros2_ws_humble/install/nimblbot_description:/home/mtouri/ros2_ws_humble/install/nanotec_msgs:/home/mtouri/ros2_ws_humble/install/circular_carrier_msgs:/home/mtouri/ros2_ws_humble/install/circular_carrier_bringup:/home/mtouri/spot_ws/install/synchros2_tutorials_example:/home/mtouri/spot_ws/install/spot_examples:/home/mtouri/spot_ws/install/spot_common:/home/mtouri/spot_ws/install/synchros2:/home/mtouri/ros2_ws_humble/install/rviz_manager:/home/mtouri/ros2_ws_humble/install/nimblbot_control:/home/mtouri/ros2_ws_humble/install/nimblbot_utils:/home/mtouri/ros2_ws_humble/install/nimblbot_simulation_scenes:/home/mtouri/ros2_ws_humble/install/nimblbot_path_follow:/home/mtouri/ros2_ws_humble/install/nimblbot_kinematics:/home/mtouri/ros2_ws_humble/install/nimblbot_driver:/home/mtouri/ros2_ws_humble/install/circular_carrier_control:/home/mtouri/ros2_ws_humble/install/nanotec_driver:/opt/ros/humble /usr/bin/cmake /home/mtouri/ros2_ws_humble/src/circular-carrier-ros2/circular_carrier_bringup -DAMENT_CMAKE_SYMLINK_INSTALL=1 -DCMAKE_INSTALL_PREFIX=/home/mtouri/ros2_ws_humble/install/circular_carrier_bringup
[5.409s] DEBUG:colcon.colcon_core.event_handler.log_command:Invoking command in '/home/mtouri/ros2_ws_humble/build/circular_carrier_bringup': CMAKE_PREFIX_PATH=/home/mtouri/ros2_ws_humble/install/circular_carrier_description:/home/mtouri/spot_ws/install/synchros2_tutorials_interfaces_example:/home/mtouri/spot_ws/install/spot_driver:/home/mtouri/spot_ws/install/spot_ros2_control:/home/mtouri/spot_ws/install/spot_rviz_plugins:/home/mtouri/spot_ws/install/spot_hardware_interface:/home/mtouri/spot_ws/install/spot_controllers:/home/mtouri/spot_ws/install/spot_msgs:/home/mtouri/spot_ws/install/spot_description:/home/mtouri/ros2_ws_humble/install/rviz_manager_msgs:/home/mtouri/ros2_ws_humble/install/ros_babel_fish_test_msgs:/home/mtouri/ros2_ws_humble/install/nimblbot_bringup:/home/mtouri/ros2_ws_humble/install/nimblbot_description:/home/mtouri/ros2_ws_humble/install/nanotec_msgs:/home/mtouri/ros2_ws_humble/install/circular_carrier_msgs:/home/mtouri/ros2_ws_humble/install/circular_carrier_bringup:/home/mtouri/spot_ws/install/synchros2_tutorials_example:/home/mtouri/spot_ws/install/spot_examples:/home/mtouri/spot_ws/install/spot_common:/home/mtouri/spot_ws/install/synchros2:/home/mtouri/ros2_ws_humble/install/rviz_manager:/home/mtouri/ros2_ws_humble/install/nimblbot_control:/home/mtouri/ros2_ws_humble/install/nimblbot_utils:/home/mtouri/ros2_ws_humble/install/nimblbot_simulation_scenes:/home/mtouri/ros2_ws_humble/install/nimblbot_path_follow:/home/mtouri/ros2_ws_humble/install/nimblbot_kinematics:/home/mtouri/ros2_ws_humble/install/nimblbot_driver:/home/mtouri/ros2_ws_humble/install/circular_carrier_control:/home/mtouri/ros2_ws_humble/install/nanotec_driver:/opt/ros/humble /usr/bin/cmake --build /home/mtouri/ros2_ws_humble/build/circular_carrier_bringup -- -j16 -l16
[5.409s] INFO:colcon.colcon_ros.task.ament_cmake.build:Building ROS package in '/home/mtouri/ros2_ws_humble/src/nimblbot-ros-2/nimblbot_bringup' with build type 'ament_cmake'
[5.410s] INFO:colcon.colcon_cmake.task.cmake.build:Building CMake package in '/home/mtouri/ros2_ws_humble/src/nimblbot-ros-2/nimblbot_bringup'
[5.410s] INFO:colcon.colcon_core.shell:Skip shell extension 'powershell' for command environment: Not usable outside of PowerShell
[5.410s] DEBUG:colcon.colcon_core.shell:Skip shell extension 'dsv' for command environment
[5.428s] DEBUG:colcon.colcon_core.event_handler.log_command:Invoking command in '/home/mtouri/ros2_ws_humble/build/nimblbot_bringup': AMENT_PREFIX_PATH=/home/mtouri/ros2_ws_humble/install/nimblbot_kinematics:/home/mtouri/ros2_ws_humble/install/nimblbot_driver:/home/mtouri/spot_ws/install/synchros2_tutorials_example:/home/mtouri/spot_ws/install/synchros2_tutorials_interfaces_example:/home/mtouri/spot_ws/install/spot_driver:/home/mtouri/spot_ws/install/spot_ros2_control:/home/mtouri/spot_ws/install/spot_examples:/home/mtouri/spot_ws/install/spot_common:/home/mtouri/spot_ws/install/synchros2:/home/mtouri/spot_ws/install/spot_rviz_plugins:/home/mtouri/spot_ws/install/spot_hardware_interface:/home/mtouri/spot_ws/install/spot_controllers:/home/mtouri/spot_ws/install/spot_msgs:/home/mtouri/spot_ws/install/spot_description:/home/mtouri/ros2_ws_humble/install/rviz_manager_msgs:/home/mtouri/ros2_ws_humble/install/rviz_manager:/home/mtouri/ros2_ws_humble/install/ros_babel_fish_test_msgs:/home/mtouri/ros2_ws_humble/install/nimblbot_control:/home/mtouri/ros2_ws_humble/install/nimblbot_utils:/home/mtouri/ros2_ws_humble/install/nimblbot_simulation_scenes:/home/mtouri/ros2_ws_humble/install/nimblbot_path_follow:/home/mtouri/ros2_ws_humble/install/nimblbot_bringup:/home/mtouri/ros2_ws_humble/install/nimblbot_description:/home/mtouri/ros2_ws_humble/install/circular_carrier_control:/home/mtouri/ros2_ws_humble/install/nanotec_driver:/home/mtouri/ros2_ws_humble/install/nanotec_msgs:/home/mtouri/ros2_ws_humble/install/circular_carrier_msgs:/home/mtouri/ros2_ws_humble/install/circular_carrier_bringup:/home/mtouri/ros2_ws_humble/install/circular_carrier_description:/opt/ros/humble CMAKE_PREFIX_PATH=/home/mtouri/ros2_ws_humble/install/nimblbot_description:/home/mtouri/spot_ws/install/synchros2_tutorials_interfaces_example:/home/mtouri/spot_ws/install/spot_driver:/home/mtouri/spot_ws/install/spot_ros2_control:/home/mtouri/spot_ws/install/spot_rviz_plugins:/home/mtouri/spot_ws/install/spot_hardware_interface:/home/mtouri/spot_ws/install/spot_controllers:/home/mtouri/spot_ws/install/spot_msgs:/home/mtouri/spot_ws/install/spot_description:/home/mtouri/ros2_ws_humble/install/rviz_manager_msgs:/home/mtouri/ros2_ws_humble/install/ros_babel_fish_test_msgs:/home/mtouri/ros2_ws_humble/install/nimblbot_bringup:/home/mtouri/ros2_ws_humble/install/nanotec_msgs:/home/mtouri/ros2_ws_humble/install/circular_carrier_msgs:/home/mtouri/ros2_ws_humble/install/circular_carrier_bringup:/home/mtouri/ros2_ws_humble/install/circular_carrier_description:/home/mtouri/spot_ws/install/synchros2_tutorials_example:/home/mtouri/spot_ws/install/spot_examples:/home/mtouri/spot_ws/install/spot_common:/home/mtouri/spot_ws/install/synchros2:/home/mtouri/ros2_ws_humble/install/rviz_manager:/home/mtouri/ros2_ws_humble/install/nimblbot_control:/home/mtouri/ros2_ws_humble/install/nimblbot_utils:/home/mtouri/ros2_ws_humble/install/nimblbot_simulation_scenes:/home/mtouri/ros2_ws_humble/install/nimblbot_path_follow:/home/mtouri/ros2_ws_humble/install/nimblbot_kinematics:/home/mtouri/ros2_ws_humble/install/nimblbot_driver:/home/mtouri/ros2_ws_humble/install/circular_carrier_control:/home/mtouri/ros2_ws_humble/install/nanotec_driver:/opt/ros/humble PYTHONPATH=/home/mtouri/ros2_ws_humble/build/nimblbot_kinematics:/home/mtouri/ros2_ws_humble/install/nimblbot_kinematics/lib/python3.10/site-packages:/home/mtouri/ros2_ws_humble/build/nimblbot_driver:/home/mtouri/ros2_ws_humble/install/nimblbot_driver/lib/python3.10/site-packages:/home/mtouri/spot_ws/build/synchros2_tutorials_example:/home/mtouri/spot_ws/install/synchros2_tutorials_example/lib/python3.10/site-packages:/home/mtouri/spot_ws/install/synchros2_tutorials_interfaces_example/local/lib/python3.10/dist-packages:/home/mtouri/spot_ws/install/spot_driver/local/lib/python3.10/dist-packages:/home/mtouri/spot_ws/build/spot_examples:/home/mtouri/spot_ws/install/spot_examples/lib/python3.10/site-packages:/home/mtouri/spot_ws/build/spot_common:/home/mtouri/spot_ws/install/spot_common/lib/python3.10/site-packages:/home/mtouri/spot_ws/build/synchros2:/home/mtouri/spot_ws/install/synchros2/lib/python3.10/site-packages:/home/mtouri/spot_ws/build/spot_wrapper:/home/mtouri/spot_ws/install/spot_wrapper/lib/python3.10/site-packages:/home/mtouri/spot_ws/install/spot_msgs/local/lib/python3.10/dist-packages:/home/mtouri/ros2_ws_humble/install/rviz_manager_msgs/local/lib/python3.10/dist-packages:/home/mtouri/ros2_ws_humble/build/rviz_manager:/home/mtouri/ros2_ws_humble/install/rviz_manager/lib/python3.10/site-packages:/home/mtouri/ros2_ws_humble/install/ros_babel_fish_test_msgs/local/lib/python3.10/dist-packages:/home/mtouri/ros2_ws_humble/build/nimblbot_control:/home/mtouri/ros2_ws_humble/install/nimblbot_control/lib/python3.10/site-packages:/home/mtouri/ros2_ws_humble/build/nimblbot_utils:/home/mtouri/ros2_ws_humble/install/nimblbot_utils/lib/python3.10/site-packages:/home/mtouri/ros2_ws_humble/build/nimblbot_simulation_scenes:/home/mtouri/ros2_ws_humble/install/nimblbot_simulation_scenes/lib/python3.10/site-packages:/home/mtouri/ros2_ws_humble/build/nimblbot_path_follow:/home/mtouri/ros2_ws_humble/install/nimblbot_path_follow/lib/python3.10/site-packages:/home/mtouri/ros2_ws_humble/install/nimblbot_description/local/lib/python3.10/dist-packages:/home/mtouri/ros2_ws_humble/build/circular_carrier_control:/home/mtouri/ros2_ws_humble/install/circular_carrier_control/lib/python3.10/site-packages:/home/mtouri/ros2_ws_humble/build/nanotec_driver:/home/mtouri/ros2_ws_humble/install/nanotec_driver/lib/python3.10/site-packages:/home/mtouri/ros2_ws_humble/install/nanotec_msgs/local/lib/python3.10/dist-packages:/opt/ros/humble/lib/python3.10/site-packages:/opt/ros/humble/local/lib/python3.10/dist-packages /usr/bin/cmake /home/mtouri/ros2_ws_humble/src/nimblbot-ros-2/nimblbot_bringup -DAMENT_CMAKE_SYMLINK_INSTALL=1 -DCMAKE_INSTALL_PREFIX=/home/mtouri/ros2_ws_humble/install/nimblbot_bringup
[5.469s] DEBUG:colcon.colcon_core.event_handler.log_command:Invoked command in '/home/mtouri/ros2_ws_humble/build/circular_carrier_bringup' returned '0': CMAKE_PREFIX_PATH=/home/mtouri/ros2_ws_humble/install/circular_carrier_description:/home/mtouri/spot_ws/install/synchros2_tutorials_interfaces_example:/home/mtouri/spot_ws/install/spot_driver:/home/mtouri/spot_ws/install/spot_ros2_control:/home/mtouri/spot_ws/install/spot_rviz_plugins:/home/mtouri/spot_ws/install/spot_hardware_interface:/home/mtouri/spot_ws/install/spot_controllers:/home/mtouri/spot_ws/install/spot_msgs:/home/mtouri/spot_ws/install/spot_description:/home/mtouri/ros2_ws_humble/install/rviz_manager_msgs:/home/mtouri/ros2_ws_humble/install/ros_babel_fish_test_msgs:/home/mtouri/ros2_ws_humble/install/nimblbot_bringup:/home/mtouri/ros2_ws_humble/install/nimblbot_description:/home/mtouri/ros2_ws_humble/install/nanotec_msgs:/home/mtouri/ros2_ws_humble/install/circular_carrier_msgs:/home/mtouri/ros2_ws_humble/install/circular_carrier_bringup:/home/mtouri/spot_ws/install/synchros2_tutorials_example:/home/mtouri/spot_ws/install/spot_examples:/home/mtouri/spot_ws/install/spot_common:/home/mtouri/spot_ws/install/synchros2:/home/mtouri/ros2_ws_humble/install/rviz_manager:/home/mtouri/ros2_ws_humble/install/nimblbot_control:/home/mtouri/ros2_ws_humble/install/nimblbot_utils:/home/mtouri/ros2_ws_humble/install/nimblbot_simulation_scenes:/home/mtouri/ros2_ws_humble/install/nimblbot_path_follow:/home/mtouri/ros2_ws_humble/install/nimblbot_kinematics:/home/mtouri/ros2_ws_humble/install/nimblbot_driver:/home/mtouri/ros2_ws_humble/install/circular_carrier_control:/home/mtouri/ros2_ws_humble/install/nanotec_driver:/opt/ros/humble /usr/bin/cmake --build /home/mtouri/ros2_ws_humble/build/circular_carrier_bringup -- -j16 -l16
[5.472s] DEBUG:colcon.colcon_core.event_handler.log_command:Invoking command in '/home/mtouri/ros2_ws_humble/build/circular_carrier_bringup': CMAKE_PREFIX_PATH=/home/mtouri/ros2_ws_humble/install/circular_carrier_description:/home/mtouri/spot_ws/install/synchros2_tutorials_interfaces_example:/home/mtouri/spot_ws/install/spot_driver:/home/mtouri/spot_ws/install/spot_ros2_control:/home/mtouri/spot_ws/install/spot_rviz_plugins:/home/mtouri/spot_ws/install/spot_hardware_interface:/home/mtouri/spot_ws/install/spot_controllers:/home/mtouri/spot_ws/install/spot_msgs:/home/mtouri/spot_ws/install/spot_description:/home/mtouri/ros2_ws_humble/install/rviz_manager_msgs:/home/mtouri/ros2_ws_humble/install/ros_babel_fish_test_msgs:/home/mtouri/ros2_ws_humble/install/nimblbot_bringup:/home/mtouri/ros2_ws_humble/install/nimblbot_description:/home/mtouri/ros2_ws_humble/install/nanotec_msgs:/home/mtouri/ros2_ws_humble/install/circular_carrier_msgs:/home/mtouri/ros2_ws_humble/install/circular_carrier_bringup:/home/mtouri/spot_ws/install/synchros2_tutorials_example:/home/mtouri/spot_ws/install/spot_examples:/home/mtouri/spot_ws/install/spot_common:/home/mtouri/spot_ws/install/synchros2:/home/mtouri/ros2_ws_humble/install/rviz_manager:/home/mtouri/ros2_ws_humble/install/nimblbot_control:/home/mtouri/ros2_ws_humble/install/nimblbot_utils:/home/mtouri/ros2_ws_humble/install/nimblbot_simulation_scenes:/home/mtouri/ros2_ws_humble/install/nimblbot_path_follow:/home/mtouri/ros2_ws_humble/install/nimblbot_kinematics:/home/mtouri/ros2_ws_humble/install/nimblbot_driver:/home/mtouri/ros2_ws_humble/install/circular_carrier_control:/home/mtouri/ros2_ws_humble/install/nanotec_driver:/opt/ros/humble /usr/bin/cmake --install /home/mtouri/ros2_ws_humble/build/circular_carrier_bringup
[6.132s] Level 1:colcon.colcon_core.environment:create_environment_scripts_only(circular_carrier_bringup)
[6.133s] Level 1:colcon.colcon_core.environment:checking '/home/mtouri/ros2_ws_humble/install/circular_carrier_bringup' for CMake module files
[6.133s] Level 1:colcon.colcon_core.environment:checking '/home/mtouri/ros2_ws_humble/install/circular_carrier_bringup' for CMake config files
[6.134s] Level 1:colcon.colcon_core.shell:create_environment_hook('circular_carrier_bringup', 'cmake_prefix_path')
[6.134s] INFO:colcon.colcon_core.shell:Creating environment hook '/home/mtouri/ros2_ws_humble/install/circular_carrier_bringup/share/circular_carrier_bringup/hook/cmake_prefix_path.ps1'
[6.135s] INFO:colcon.colcon_core.shell:Creating environment descriptor '/home/mtouri/ros2_ws_humble/install/circular_carrier_bringup/share/circular_carrier_bringup/hook/cmake_prefix_path.dsv'
[6.135s] INFO:colcon.colcon_core.shell:Creating environment hook '/home/mtouri/ros2_ws_humble/install/circular_carrier_bringup/share/circular_carrier_bringup/hook/cmake_prefix_path.sh'
[6.139s] DEBUG:colcon.colcon_core.event_handler.log_command:Invoked command in '/home/mtouri/ros2_ws_humble/build/circular_carrier_bringup' returned '0': CMAKE_PREFIX_PATH=/home/mtouri/ros2_ws_humble/install/circular_carrier_description:/home/mtouri/spot_ws/install/synchros2_tutorials_interfaces_example:/home/mtouri/spot_ws/install/spot_driver:/home/mtouri/spot_ws/install/spot_ros2_control:/home/mtouri/spot_ws/install/spot_rviz_plugins:/home/mtouri/spot_ws/install/spot_hardware_interface:/home/mtouri/spot_ws/install/spot_controllers:/home/mtouri/spot_ws/install/spot_msgs:/home/mtouri/spot_ws/install/spot_description:/home/mtouri/ros2_ws_humble/install/rviz_manager_msgs:/home/mtouri/ros2_ws_humble/install/ros_babel_fish_test_msgs:/home/mtouri/ros2_ws_humble/install/nimblbot_bringup:/home/mtouri/ros2_ws_humble/install/nimblbot_description:/home/mtouri/ros2_ws_humble/install/nanotec_msgs:/home/mtouri/ros2_ws_humble/install/circular_carrier_msgs:/home/mtouri/ros2_ws_humble/install/circular_carrier_bringup:/home/mtouri/spot_ws/install/synchros2_tutorials_example:/home/mtouri/spot_ws/install/spot_examples:/home/mtouri/spot_ws/install/spot_common:/home/mtouri/spot_ws/install/synchros2:/home/mtouri/ros2_ws_humble/install/rviz_manager:/home/mtouri/ros2_ws_humble/install/nimblbot_control:/home/mtouri/ros2_ws_humble/install/nimblbot_utils:/home/mtouri/ros2_ws_humble/install/nimblbot_simulation_scenes:/home/mtouri/ros2_ws_humble/install/nimblbot_path_follow:/home/mtouri/ros2_ws_humble/install/nimblbot_kinematics:/home/mtouri/ros2_ws_humble/install/nimblbot_driver:/home/mtouri/ros2_ws_humble/install/circular_carrier_control:/home/mtouri/ros2_ws_humble/install/nanotec_driver:/opt/ros/humble /usr/bin/cmake --install /home/mtouri/ros2_ws_humble/build/circular_carrier_bringup
[6.140s] Level 1:colcon.colcon_core.environment:checking '/home/mtouri/ros2_ws_humble/install/circular_carrier_bringup/bin'
[6.140s] Level 1:colcon.colcon_core.environment:checking '/home/mtouri/ros2_ws_humble/install/circular_carrier_bringup/lib/pkgconfig/circular_carrier_bringup.pc'
[6.141s] Level 1:colcon.colcon_core.environment:checking '/home/mtouri/ros2_ws_humble/install/circular_carrier_bringup/lib/python3.10/site-packages'
[6.141s] Level 1:colcon.colcon_core.environment:checking '/home/mtouri/ros2_ws_humble/install/circular_carrier_bringup/bin'
[6.142s] INFO:colcon.colcon_core.shell:Creating package script '/home/mtouri/ros2_ws_humble/install/circular_carrier_bringup/share/circular_carrier_bringup/package.ps1'
[6.146s] INFO:colcon.colcon_core.shell:Creating package descriptor '/home/mtouri/ros2_ws_humble/install/circular_carrier_bringup/share/circular_carrier_bringup/package.dsv'
[6.146s] INFO:colcon.colcon_core.shell:Creating package script '/home/mtouri/ros2_ws_humble/install/circular_carrier_bringup/share/circular_carrier_bringup/package.sh'
[6.147s] INFO:colcon.colcon_core.shell:Creating package script '/home/mtouri/ros2_ws_humble/install/circular_carrier_bringup/share/circular_carrier_bringup/package.bash'
[6.147s] INFO:colcon.colcon_core.shell:Creating package script '/home/mtouri/ros2_ws_humble/install/circular_carrier_bringup/share/circular_carrier_bringup/package.zsh'
[6.148s] Level 1:colcon.colcon_core.environment:create_file_with_runtime_dependencies(/home/mtouri/ros2_ws_humble/install/circular_carrier_bringup/share/colcon-core/packages/circular_carrier_bringup)
[6.152s] Level 1:colcon.colcon_core.environment:create_environment_scripts_only(circular_carrier_bringup)
[6.152s] Level 1:colcon.colcon_core.environment:checking '/home/mtouri/ros2_ws_humble/install/circular_carrier_bringup' for CMake module files
[6.153s] Level 1:colcon.colcon_core.environment:checking '/home/mtouri/ros2_ws_humble/install/circular_carrier_bringup' for CMake config files
[6.153s] Level 1:colcon.colcon_core.shell:create_environment_hook('circular_carrier_bringup', 'cmake_prefix_path')
[6.154s] INFO:colcon.colcon_core.shell:Creating environment hook '/home/mtouri/ros2_ws_humble/install/circular_carrier_bringup/share/circular_carrier_bringup/hook/cmake_prefix_path.ps1'
[6.159s] INFO:colcon.colcon_core.shell:Creating environment descriptor '/home/mtouri/ros2_ws_humble/install/circular_carrier_bringup/share/circular_carrier_bringup/hook/cmake_prefix_path.dsv'
[6.159s] INFO:colcon.colcon_core.shell:Creating environment hook '/home/mtouri/ros2_ws_humble/install/circular_carrier_bringup/share/circular_carrier_bringup/hook/cmake_prefix_path.sh'
[6.164s] Level 1:colcon.colcon_core.environment:checking '/home/mtouri/ros2_ws_humble/install/circular_carrier_bringup/bin'
[6.164s] Level 1:colcon.colcon_core.environment:checking '/home/mtouri/ros2_ws_humble/install/circular_carrier_bringup/lib/pkgconfig/circular_carrier_bringup.pc'
[6.165s] Level 1:colcon.colcon_core.environment:checking '/home/mtouri/ros2_ws_humble/install/circular_carrier_bringup/lib/python3.10/site-packages'
[6.165s] Level 1:colcon.colcon_core.environment:checking '/home/mtouri/ros2_ws_humble/install/circular_carrier_bringup/bin'
[6.166s] INFO:colcon.colcon_core.shell:Creating package script '/home/mtouri/ros2_ws_humble/install/circular_carrier_bringup/share/circular_carrier_bringup/package.ps1'
[6.167s] INFO:colcon.colcon_core.shell:Creating package descriptor '/home/mtouri/ros2_ws_humble/install/circular_carrier_bringup/share/circular_carrier_bringup/package.dsv'
[6.168s] INFO:colcon.colcon_core.shell:Creating package script '/home/mtouri/ros2_ws_humble/install/circular_carrier_bringup/share/circular_carrier_bringup/package.sh'
[6.169s] INFO:colcon.colcon_core.shell:Creating package script '/home/mtouri/ros2_ws_humble/install/circular_carrier_bringup/share/circular_carrier_bringup/package.bash'
[6.169s] INFO:colcon.colcon_core.shell:Creating package script '/home/mtouri/ros2_ws_humble/install/circular_carrier_bringup/share/circular_carrier_bringup/package.zsh'
[6.173s] Level 1:colcon.colcon_core.environment:create_file_with_runtime_dependencies(/home/mtouri/ros2_ws_humble/install/circular_carrier_bringup/share/colcon-core/packages/circular_carrier_bringup)
[6.469s] DEBUG:colcon.colcon_core.event_handler.log_command:Invoking command in '/home/mtouri/ros2_ws_humble/build/nimblbot_control': AMENT_PREFIX_PATH=/home/mtouri/ros2_ws_humble/install/nimblbot_utils:/home/mtouri/spot_ws/install/synchros2_tutorials_example:/home/mtouri/spot_ws/install/synchros2_tutorials_interfaces_example:/home/mtouri/spot_ws/install/spot_driver:/home/mtouri/spot_ws/install/spot_ros2_control:/home/mtouri/spot_ws/install/spot_examples:/home/mtouri/spot_ws/install/spot_common:/home/mtouri/spot_ws/install/synchros2:/home/mtouri/spot_ws/install/spot_rviz_plugins:/home/mtouri/spot_ws/install/spot_hardware_interface:/home/mtouri/spot_ws/install/spot_controllers:/home/mtouri/spot_ws/install/spot_msgs:/home/mtouri/spot_ws/install/spot_description:/home/mtouri/ros2_ws_humble/install/rviz_manager_msgs:/home/mtouri/ros2_ws_humble/install/rviz_manager:/home/mtouri/ros2_ws_humble/install/ros_babel_fish_test_msgs:/home/mtouri/ros2_ws_humble/install/nimblbot_control:/home/mtouri/ros2_ws_humble/install/nimblbot_simulation_scenes:/home/mtouri/ros2_ws_humble/install/nimblbot_path_follow:/home/mtouri/ros2_ws_humble/install/nimblbot_bringup:/home/mtouri/ros2_ws_humble/install/nimblbot_kinematics:/home/mtouri/ros2_ws_humble/install/nimblbot_driver:/home/mtouri/ros2_ws_humble/install/nimblbot_description:/home/mtouri/ros2_ws_humble/install/circular_carrier_control:/home/mtouri/ros2_ws_humble/install/nanotec_driver:/home/mtouri/ros2_ws_humble/install/nanotec_msgs:/home/mtouri/ros2_ws_humble/install/circular_carrier_msgs:/home/mtouri/ros2_ws_humble/install/circular_carrier_bringup:/home/mtouri/ros2_ws_humble/install/circular_carrier_description:/opt/ros/humble PYTHONPATH=/home/mtouri/ros2_ws_humble/build/nimblbot_control/prefix_override:/usr/lib/python3/dist-packages/colcon_core/task/python/colcon_distutils_commands:/home/mtouri/ros2_ws_humble/install/nimblbot_control/lib/python3.10/site-packages:/home/mtouri/ros2_ws_humble/build/nimblbot_utils:/home/mtouri/ros2_ws_humble/install/nimblbot_utils/lib/python3.10/site-packages:/home/mtouri/spot_ws/build/synchros2_tutorials_example:/home/mtouri/spot_ws/install/synchros2_tutorials_example/lib/python3.10/site-packages:/home/mtouri/spot_ws/install/synchros2_tutorials_interfaces_example/local/lib/python3.10/dist-packages:/home/mtouri/spot_ws/install/spot_driver/local/lib/python3.10/dist-packages:/home/mtouri/spot_ws/build/spot_examples:/home/mtouri/spot_ws/install/spot_examples/lib/python3.10/site-packages:/home/mtouri/spot_ws/build/spot_common:/home/mtouri/spot_ws/install/spot_common/lib/python3.10/site-packages:/home/mtouri/spot_ws/build/synchros2:/home/mtouri/spot_ws/install/synchros2/lib/python3.10/site-packages:/home/mtouri/spot_ws/build/spot_wrapper:/home/mtouri/spot_ws/install/spot_wrapper/lib/python3.10/site-packages:/home/mtouri/spot_ws/install/spot_msgs/local/lib/python3.10/dist-packages:/home/mtouri/ros2_ws_humble/install/rviz_manager_msgs/local/lib/python3.10/dist-packages:/home/mtouri/ros2_ws_humble/build/rviz_manager:/home/mtouri/ros2_ws_humble/install/rviz_manager/lib/python3.10/site-packages:/home/mtouri/ros2_ws_humble/install/ros_babel_fish_test_msgs/local/lib/python3.10/dist-packages:/home/mtouri/ros2_ws_humble/build/nimblbot_control:/home/mtouri/ros2_ws_humble/install/nimblbot_control/lib/python3.10/site-packages:/home/mtouri/ros2_ws_humble/build/nimblbot_simulation_scenes:/home/mtouri/ros2_ws_humble/install/nimblbot_simulation_scenes/lib/python3.10/site-packages:/home/mtouri/ros2_ws_humble/build/nimblbot_path_follow:/home/mtouri/ros2_ws_humble/install/nimblbot_path_follow/lib/python3.10/site-packages:/home/mtouri/ros2_ws_humble/build/nimblbot_kinematics:/home/mtouri/ros2_ws_humble/install/nimblbot_kinematics/lib/python3.10/site-packages:/home/mtouri/ros2_ws_humble/build/nimblbot_driver:/home/mtouri/ros2_ws_humble/install/nimblbot_driver/lib/python3.10/site-packages:/home/mtouri/ros2_ws_humble/install/nimblbot_description/local/lib/python3.10/dist-packages:/home/mtouri/ros2_ws_humble/build/circular_carrier_control:/home/mtouri/ros2_ws_humble/install/circular_carrier_control/lib/python3.10/site-packages:/home/mtouri/ros2_ws_humble/build/nanotec_driver:/home/mtouri/ros2_ws_humble/install/nanotec_driver/lib/python3.10/site-packages:/home/mtouri/ros2_ws_humble/install/nanotec_msgs/local/lib/python3.10/dist-packages:/opt/ros/humble/lib/python3.10/site-packages:/opt/ros/humble/local/lib/python3.10/dist-packages /usr/bin/python3 -W ignore:setup.py install is deprecated -W ignore:easy_install command is deprecated setup.py develop --editable --build-directory /home/mtouri/ros2_ws_humble/build/nimblbot_control/build --no-deps symlink_data
[6.997s] DEBUG:colcon.colcon_core.event_handler.log_command:Invoked command in '/home/mtouri/ros2_ws_humble/build/nanotec_msgs' returned '0': CMAKE_PREFIX_PATH=${CMAKE_PREFIX_PATH}:/home/mtouri/spot_ws/install/synchros2_tutorials_example:/home/mtouri/spot_ws/install/spot_examples:/home/mtouri/spot_ws/install/spot_common:/home/mtouri/spot_ws/install/synchros2:/home/mtouri/ros2_ws_humble/install/rviz_manager:/home/mtouri/ros2_ws_humble/install/nimblbot_control:/home/mtouri/ros2_ws_humble/install/nimblbot_utils:/home/mtouri/ros2_ws_humble/install/nimblbot_simulation_scenes:/home/mtouri/ros2_ws_humble/install/nimblbot_path_follow:/home/mtouri/ros2_ws_humble/install/nimblbot_kinematics:/home/mtouri/ros2_ws_humble/install/nimblbot_driver:/home/mtouri/ros2_ws_humble/install/circular_carrier_control:/home/mtouri/ros2_ws_humble/install/nanotec_driver:/opt/ros/humble /usr/bin/cmake --build /home/mtouri/ros2_ws_humble/build/nanotec_msgs -- -j16 -l16
[7.001s] DEBUG:colcon.colcon_core.event_handler.log_command:Invoking command in '/home/mtouri/ros2_ws_humble/build/nanotec_msgs': CMAKE_PREFIX_PATH=${CMAKE_PREFIX_PATH}:/home/mtouri/spot_ws/install/synchros2_tutorials_example:/home/mtouri/spot_ws/install/spot_examples:/home/mtouri/spot_ws/install/spot_common:/home/mtouri/spot_ws/install/synchros2:/home/mtouri/ros2_ws_humble/install/rviz_manager:/home/mtouri/ros2_ws_humble/install/nimblbot_control:/home/mtouri/ros2_ws_humble/install/nimblbot_utils:/home/mtouri/ros2_ws_humble/install/nimblbot_simulation_scenes:/home/mtouri/ros2_ws_humble/install/nimblbot_path_follow:/home/mtouri/ros2_ws_humble/install/nimblbot_kinematics:/home/mtouri/ros2_ws_humble/install/nimblbot_driver:/home/mtouri/ros2_ws_humble/install/circular_carrier_control:/home/mtouri/ros2_ws_humble/install/nanotec_driver:/opt/ros/humble /usr/bin/cmake --install /home/mtouri/ros2_ws_humble/build/nanotec_msgs
[7.730s] DEBUG:colcon.colcon_core.event_handler.log_command:Invoked command in '/home/mtouri/ros2_ws_humble/build/nimblbot_bringup' returned '0': AMENT_PREFIX_PATH=/home/mtouri/ros2_ws_humble/install/nimblbot_kinematics:/home/mtouri/ros2_ws_humble/install/nimblbot_driver:/home/mtouri/spot_ws/install/synchros2_tutorials_example:/home/mtouri/spot_ws/install/synchros2_tutorials_interfaces_example:/home/mtouri/spot_ws/install/spot_driver:/home/mtouri/spot_ws/install/spot_ros2_control:/home/mtouri/spot_ws/install/spot_examples:/home/mtouri/spot_ws/install/spot_common:/home/mtouri/spot_ws/install/synchros2:/home/mtouri/spot_ws/install/spot_rviz_plugins:/home/mtouri/spot_ws/install/spot_hardware_interface:/home/mtouri/spot_ws/install/spot_controllers:/home/mtouri/spot_ws/install/spot_msgs:/home/mtouri/spot_ws/install/spot_description:/home/mtouri/ros2_ws_humble/install/rviz_manager_msgs:/home/mtouri/ros2_ws_humble/install/rviz_manager:/home/mtouri/ros2_ws_humble/install/ros_babel_fish_test_msgs:/home/mtouri/ros2_ws_humble/install/nimblbot_control:/home/mtouri/ros2_ws_humble/install/nimblbot_utils:/home/mtouri/ros2_ws_humble/install/nimblbot_simulation_scenes:/home/mtouri/ros2_ws_humble/install/nimblbot_path_follow:/home/mtouri/ros2_ws_humble/install/nimblbot_bringup:/home/mtouri/ros2_ws_humble/install/nimblbot_description:/home/mtouri/ros2_ws_humble/install/circular_carrier_control:/home/mtouri/ros2_ws_humble/install/nanotec_driver:/home/mtouri/ros2_ws_humble/install/nanotec_msgs:/home/mtouri/ros2_ws_humble/install/circular_carrier_msgs:/home/mtouri/ros2_ws_humble/install/circular_carrier_bringup:/home/mtouri/ros2_ws_humble/install/circular_carrier_description:/opt/ros/humble CMAKE_PREFIX_PATH=/home/mtouri/ros2_ws_humble/install/nimblbot_description:/home/mtouri/spot_ws/install/synchros2_tutorials_interfaces_example:/home/mtouri/spot_ws/install/spot_driver:/home/mtouri/spot_ws/install/spot_ros2_control:/home/mtouri/spot_ws/install/spot_rviz_plugins:/home/mtouri/spot_ws/install/spot_hardware_interface:/home/mtouri/spot_ws/install/spot_controllers:/home/mtouri/spot_ws/install/spot_msgs:/home/mtouri/spot_ws/install/spot_description:/home/mtouri/ros2_ws_humble/install/rviz_manager_msgs:/home/mtouri/ros2_ws_humble/install/ros_babel_fish_test_msgs:/home/mtouri/ros2_ws_humble/install/nimblbot_bringup:/home/mtouri/ros2_ws_humble/install/nanotec_msgs:/home/mtouri/ros2_ws_humble/install/circular_carrier_msgs:/home/mtouri/ros2_ws_humble/install/circular_carrier_bringup:/home/mtouri/ros2_ws_humble/install/circular_carrier_description:/home/mtouri/spot_ws/install/synchros2_tutorials_example:/home/mtouri/spot_ws/install/spot_examples:/home/mtouri/spot_ws/install/spot_common:/home/mtouri/spot_ws/install/synchros2:/home/mtouri/ros2_ws_humble/install/rviz_manager:/home/mtouri/ros2_ws_humble/install/nimblbot_control:/home/mtouri/ros2_ws_humble/install/nimblbot_utils:/home/mtouri/ros2_ws_humble/install/nimblbot_simulation_scenes:/home/mtouri/ros2_ws_humble/install/nimblbot_path_follow:/home/mtouri/ros2_ws_humble/install/nimblbot_kinematics:/home/mtouri/ros2_ws_humble/install/nimblbot_driver:/home/mtouri/ros2_ws_humble/install/circular_carrier_control:/home/mtouri/ros2_ws_humble/install/nanotec_driver:/opt/ros/humble PYTHONPATH=/home/mtouri/ros2_ws_humble/build/nimblbot_kinematics:/home/mtouri/ros2_ws_humble/install/nimblbot_kinematics/lib/python3.10/site-packages:/home/mtouri/ros2_ws_humble/build/nimblbot_driver:/home/mtouri/ros2_ws_humble/install/nimblbot_driver/lib/python3.10/site-packages:/home/mtouri/spot_ws/build/synchros2_tutorials_example:/home/mtouri/spot_ws/install/synchros2_tutorials_example/lib/python3.10/site-packages:/home/mtouri/spot_ws/install/synchros2_tutorials_interfaces_example/local/lib/python3.10/dist-packages:/home/mtouri/spot_ws/install/spot_driver/local/lib/python3.10/dist-packages:/home/mtouri/spot_ws/build/spot_examples:/home/mtouri/spot_ws/install/spot_examples/lib/python3.10/site-packages:/home/mtouri/spot_ws/build/spot_common:/home/mtouri/spot_ws/install/spot_common/lib/python3.10/site-packages:/home/mtouri/spot_ws/build/synchros2:/home/mtouri/spot_ws/install/synchros2/lib/python3.10/site-packages:/home/mtouri/spot_ws/build/spot_wrapper:/home/mtouri/spot_ws/install/spot_wrapper/lib/python3.10/site-packages:/home/mtouri/spot_ws/install/spot_msgs/local/lib/python3.10/dist-packages:/home/mtouri/ros2_ws_humble/install/rviz_manager_msgs/local/lib/python3.10/dist-packages:/home/mtouri/ros2_ws_humble/build/rviz_manager:/home/mtouri/ros2_ws_humble/install/rviz_manager/lib/python3.10/site-packages:/home/mtouri/ros2_ws_humble/install/ros_babel_fish_test_msgs/local/lib/python3.10/dist-packages:/home/mtouri/ros2_ws_humble/build/nimblbot_control:/home/mtouri/ros2_ws_humble/install/nimblbot_control/lib/python3.10/site-packages:/home/mtouri/ros2_ws_humble/build/nimblbot_utils:/home/mtouri/ros2_ws_humble/install/nimblbot_utils/lib/python3.10/site-packages:/home/mtouri/ros2_ws_humble/build/nimblbot_simulation_scenes:/home/mtouri/ros2_ws_humble/install/nimblbot_simulation_scenes/lib/python3.10/site-packages:/home/mtouri/ros2_ws_humble/build/nimblbot_path_follow:/home/mtouri/ros2_ws_humble/install/nimblbot_path_follow/lib/python3.10/site-packages:/home/mtouri/ros2_ws_humble/install/nimblbot_description/local/lib/python3.10/dist-packages:/home/mtouri/ros2_ws_humble/build/circular_carrier_control:/home/mtouri/ros2_ws_humble/install/circular_carrier_control/lib/python3.10/site-packages:/home/mtouri/ros2_ws_humble/build/nanotec_driver:/home/mtouri/ros2_ws_humble/install/nanotec_driver/lib/python3.10/site-packages:/home/mtouri/ros2_ws_humble/install/nanotec_msgs/local/lib/python3.10/dist-packages:/opt/ros/humble/lib/python3.10/site-packages:/opt/ros/humble/local/lib/python3.10/dist-packages /usr/bin/cmake /home/mtouri/ros2_ws_humble/src/nimblbot-ros-2/nimblbot_bringup -DAMENT_CMAKE_SYMLINK_INSTALL=1 -DCMAKE_INSTALL_PREFIX=/home/mtouri/ros2_ws_humble/install/nimblbot_bringup
[7.731s] DEBUG:colcon.colcon_core.event_handler.log_command:Invoking command in '/home/mtouri/ros2_ws_humble/build/nimblbot_bringup': AMENT_PREFIX_PATH=/home/mtouri/ros2_ws_humble/install/nimblbot_kinematics:/home/mtouri/ros2_ws_humble/install/nimblbot_driver:/home/mtouri/spot_ws/install/synchros2_tutorials_example:/home/mtouri/spot_ws/install/synchros2_tutorials_interfaces_example:/home/mtouri/spot_ws/install/spot_driver:/home/mtouri/spot_ws/install/spot_ros2_control:/home/mtouri/spot_ws/install/spot_examples:/home/mtouri/spot_ws/install/spot_common:/home/mtouri/spot_ws/install/synchros2:/home/mtouri/spot_ws/install/spot_rviz_plugins:/home/mtouri/spot_ws/install/spot_hardware_interface:/home/mtouri/spot_ws/install/spot_controllers:/home/mtouri/spot_ws/install/spot_msgs:/home/mtouri/spot_ws/install/spot_description:/home/mtouri/ros2_ws_humble/install/rviz_manager_msgs:/home/mtouri/ros2_ws_humble/install/rviz_manager:/home/mtouri/ros2_ws_humble/install/ros_babel_fish_test_msgs:/home/mtouri/ros2_ws_humble/install/nimblbot_control:/home/mtouri/ros2_ws_humble/install/nimblbot_utils:/home/mtouri/ros2_ws_humble/install/nimblbot_simulation_scenes:/home/mtouri/ros2_ws_humble/install/nimblbot_path_follow:/home/mtouri/ros2_ws_humble/install/nimblbot_bringup:/home/mtouri/ros2_ws_humble/install/nimblbot_description:/home/mtouri/ros2_ws_humble/install/circular_carrier_control:/home/mtouri/ros2_ws_humble/install/nanotec_driver:/home/mtouri/ros2_ws_humble/install/nanotec_msgs:/home/mtouri/ros2_ws_humble/install/circular_carrier_msgs:/home/mtouri/ros2_ws_humble/install/circular_carrier_bringup:/home/mtouri/ros2_ws_humble/install/circular_carrier_description:/opt/ros/humble CMAKE_PREFIX_PATH=/home/mtouri/ros2_ws_humble/install/nimblbot_description:/home/mtouri/spot_ws/install/synchros2_tutorials_interfaces_example:/home/mtouri/spot_ws/install/spot_driver:/home/mtouri/spot_ws/install/spot_ros2_control:/home/mtouri/spot_ws/install/spot_rviz_plugins:/home/mtouri/spot_ws/install/spot_hardware_interface:/home/mtouri/spot_ws/install/spot_controllers:/home/mtouri/spot_ws/install/spot_msgs:/home/mtouri/spot_ws/install/spot_description:/home/mtouri/ros2_ws_humble/install/rviz_manager_msgs:/home/mtouri/ros2_ws_humble/install/ros_babel_fish_test_msgs:/home/mtouri/ros2_ws_humble/install/nimblbot_bringup:/home/mtouri/ros2_ws_humble/install/nanotec_msgs:/home/mtouri/ros2_ws_humble/install/circular_carrier_msgs:/home/mtouri/ros2_ws_humble/install/circular_carrier_bringup:/home/mtouri/ros2_ws_humble/install/circular_carrier_description:/home/mtouri/spot_ws/install/synchros2_tutorials_example:/home/mtouri/spot_ws/install/spot_examples:/home/mtouri/spot_ws/install/spot_common:/home/mtouri/spot_ws/install/synchros2:/home/mtouri/ros2_ws_humble/install/rviz_manager:/home/mtouri/ros2_ws_humble/install/nimblbot_control:/home/mtouri/ros2_ws_humble/install/nimblbot_utils:/home/mtouri/ros2_ws_humble/install/nimblbot_simulation_scenes:/home/mtouri/ros2_ws_humble/install/nimblbot_path_follow:/home/mtouri/ros2_ws_humble/install/nimblbot_kinematics:/home/mtouri/ros2_ws_humble/install/nimblbot_driver:/home/mtouri/ros2_ws_humble/install/circular_carrier_control:/home/mtouri/ros2_ws_humble/install/nanotec_driver:/opt/ros/humble PYTHONPATH=/home/mtouri/ros2_ws_humble/build/nimblbot_kinematics:/home/mtouri/ros2_ws_humble/install/nimblbot_kinematics/lib/python3.10/site-packages:/home/mtouri/ros2_ws_humble/build/nimblbot_driver:/home/mtouri/ros2_ws_humble/install/nimblbot_driver/lib/python3.10/site-packages:/home/mtouri/spot_ws/build/synchros2_tutorials_example:/home/mtouri/spot_ws/install/synchros2_tutorials_example/lib/python3.10/site-packages:/home/mtouri/spot_ws/install/synchros2_tutorials_interfaces_example/local/lib/python3.10/dist-packages:/home/mtouri/spot_ws/install/spot_driver/local/lib/python3.10/dist-packages:/home/mtouri/spot_ws/build/spot_examples:/home/mtouri/spot_ws/install/spot_examples/lib/python3.10/site-packages:/home/mtouri/spot_ws/build/spot_common:/home/mtouri/spot_ws/install/spot_common/lib/python3.10/site-packages:/home/mtouri/spot_ws/build/synchros2:/home/mtouri/spot_ws/install/synchros2/lib/python3.10/site-packages:/home/mtouri/spot_ws/build/spot_wrapper:/home/mtouri/spot_ws/install/spot_wrapper/lib/python3.10/site-packages:/home/mtouri/spot_ws/install/spot_msgs/local/lib/python3.10/dist-packages:/home/mtouri/ros2_ws_humble/install/rviz_manager_msgs/local/lib/python3.10/dist-packages:/home/mtouri/ros2_ws_humble/build/rviz_manager:/home/mtouri/ros2_ws_humble/install/rviz_manager/lib/python3.10/site-packages:/home/mtouri/ros2_ws_humble/install/ros_babel_fish_test_msgs/local/lib/python3.10/dist-packages:/home/mtouri/ros2_ws_humble/build/nimblbot_control:/home/mtouri/ros2_ws_humble/install/nimblbot_control/lib/python3.10/site-packages:/home/mtouri/ros2_ws_humble/build/nimblbot_utils:/home/mtouri/ros2_ws_humble/install/nimblbot_utils/lib/python3.10/site-packages:/home/mtouri/ros2_ws_humble/build/nimblbot_simulation_scenes:/home/mtouri/ros2_ws_humble/install/nimblbot_simulation_scenes/lib/python3.10/site-packages:/home/mtouri/ros2_ws_humble/build/nimblbot_path_follow:/home/mtouri/ros2_ws_humble/install/nimblbot_path_follow/lib/python3.10/site-packages:/home/mtouri/ros2_ws_humble/install/nimblbot_description/local/lib/python3.10/dist-packages:/home/mtouri/ros2_ws_humble/build/circular_carrier_control:/home/mtouri/ros2_ws_humble/install/circular_carrier_control/lib/python3.10/site-packages:/home/mtouri/ros2_ws_humble/build/nanotec_driver:/home/mtouri/ros2_ws_humble/install/nanotec_driver/lib/python3.10/site-packages:/home/mtouri/ros2_ws_humble/install/nanotec_msgs/local/lib/python3.10/dist-packages:/opt/ros/humble/lib/python3.10/site-packages:/opt/ros/humble/local/lib/python3.10/dist-packages /usr/bin/cmake --build /home/mtouri/ros2_ws_humble/build/nimblbot_bringup -- -j16 -l16
[7.912s] DEBUG:colcon.colcon_core.event_handler.log_command:Invoked command in '/home/mtouri/ros2_ws_humble/build/nimblbot_bringup' returned '0': AMENT_PREFIX_PATH=/home/mtouri/ros2_ws_humble/install/nimblbot_kinematics:/home/mtouri/ros2_ws_humble/install/nimblbot_driver:/home/mtouri/spot_ws/install/synchros2_tutorials_example:/home/mtouri/spot_ws/install/synchros2_tutorials_interfaces_example:/home/mtouri/spot_ws/install/spot_driver:/home/mtouri/spot_ws/install/spot_ros2_control:/home/mtouri/spot_ws/install/spot_examples:/home/mtouri/spot_ws/install/spot_common:/home/mtouri/spot_ws/install/synchros2:/home/mtouri/spot_ws/install/spot_rviz_plugins:/home/mtouri/spot_ws/install/spot_hardware_interface:/home/mtouri/spot_ws/install/spot_controllers:/home/mtouri/spot_ws/install/spot_msgs:/home/mtouri/spot_ws/install/spot_description:/home/mtouri/ros2_ws_humble/install/rviz_manager_msgs:/home/mtouri/ros2_ws_humble/install/rviz_manager:/home/mtouri/ros2_ws_humble/install/ros_babel_fish_test_msgs:/home/mtouri/ros2_ws_humble/install/nimblbot_control:/home/mtouri/ros2_ws_humble/install/nimblbot_utils:/home/mtouri/ros2_ws_humble/install/nimblbot_simulation_scenes:/home/mtouri/ros2_ws_humble/install/nimblbot_path_follow:/home/mtouri/ros2_ws_humble/install/nimblbot_bringup:/home/mtouri/ros2_ws_humble/install/nimblbot_description:/home/mtouri/ros2_ws_humble/install/circular_carrier_control:/home/mtouri/ros2_ws_humble/install/nanotec_driver:/home/mtouri/ros2_ws_humble/install/nanotec_msgs:/home/mtouri/ros2_ws_humble/install/circular_carrier_msgs:/home/mtouri/ros2_ws_humble/install/circular_carrier_bringup:/home/mtouri/ros2_ws_humble/install/circular_carrier_description:/opt/ros/humble CMAKE_PREFIX_PATH=/home/mtouri/ros2_ws_humble/install/nimblbot_description:/home/mtouri/spot_ws/install/synchros2_tutorials_interfaces_example:/home/mtouri/spot_ws/install/spot_driver:/home/mtouri/spot_ws/install/spot_ros2_control:/home/mtouri/spot_ws/install/spot_rviz_plugins:/home/mtouri/spot_ws/install/spot_hardware_interface:/home/mtouri/spot_ws/install/spot_controllers:/home/mtouri/spot_ws/install/spot_msgs:/home/mtouri/spot_ws/install/spot_description:/home/mtouri/ros2_ws_humble/install/rviz_manager_msgs:/home/mtouri/ros2_ws_humble/install/ros_babel_fish_test_msgs:/home/mtouri/ros2_ws_humble/install/nimblbot_bringup:/home/mtouri/ros2_ws_humble/install/nanotec_msgs:/home/mtouri/ros2_ws_humble/install/circular_carrier_msgs:/home/mtouri/ros2_ws_humble/install/circular_carrier_bringup:/home/mtouri/ros2_ws_humble/install/circular_carrier_description:/home/mtouri/spot_ws/install/synchros2_tutorials_example:/home/mtouri/spot_ws/install/spot_examples:/home/mtouri/spot_ws/install/spot_common:/home/mtouri/spot_ws/install/synchros2:/home/mtouri/ros2_ws_humble/install/rviz_manager:/home/mtouri/ros2_ws_humble/install/nimblbot_control:/home/mtouri/ros2_ws_humble/install/nimblbot_utils:/home/mtouri/ros2_ws_humble/install/nimblbot_simulation_scenes:/home/mtouri/ros2_ws_humble/install/nimblbot_path_follow:/home/mtouri/ros2_ws_humble/install/nimblbot_kinematics:/home/mtouri/ros2_ws_humble/install/nimblbot_driver:/home/mtouri/ros2_ws_humble/install/circular_carrier_control:/home/mtouri/ros2_ws_humble/install/nanotec_driver:/opt/ros/humble PYTHONPATH=/home/mtouri/ros2_ws_humble/build/nimblbot_kinematics:/home/mtouri/ros2_ws_humble/install/nimblbot_kinematics/lib/python3.10/site-packages:/home/mtouri/ros2_ws_humble/build/nimblbot_driver:/home/mtouri/ros2_ws_humble/install/nimblbot_driver/lib/python3.10/site-packages:/home/mtouri/spot_ws/build/synchros2_tutorials_example:/home/mtouri/spot_ws/install/synchros2_tutorials_example/lib/python3.10/site-packages:/home/mtouri/spot_ws/install/synchros2_tutorials_interfaces_example/local/lib/python3.10/dist-packages:/home/mtouri/spot_ws/install/spot_driver/local/lib/python3.10/dist-packages:/home/mtouri/spot_ws/build/spot_examples:/home/mtouri/spot_ws/install/spot_examples/lib/python3.10/site-packages:/home/mtouri/spot_ws/build/spot_common:/home/mtouri/spot_ws/install/spot_common/lib/python3.10/site-packages:/home/mtouri/spot_ws/build/synchros2:/home/mtouri/spot_ws/install/synchros2/lib/python3.10/site-packages:/home/mtouri/spot_ws/build/spot_wrapper:/home/mtouri/spot_ws/install/spot_wrapper/lib/python3.10/site-packages:/home/mtouri/spot_ws/install/spot_msgs/local/lib/python3.10/dist-packages:/home/mtouri/ros2_ws_humble/install/rviz_manager_msgs/local/lib/python3.10/dist-packages:/home/mtouri/ros2_ws_humble/build/rviz_manager:/home/mtouri/ros2_ws_humble/install/rviz_manager/lib/python3.10/site-packages:/home/mtouri/ros2_ws_humble/install/ros_babel_fish_test_msgs/local/lib/python3.10/dist-packages:/home/mtouri/ros2_ws_humble/build/nimblbot_control:/home/mtouri/ros2_ws_humble/install/nimblbot_control/lib/python3.10/site-packages:/home/mtouri/ros2_ws_humble/build/nimblbot_utils:/home/mtouri/ros2_ws_humble/install/nimblbot_utils/lib/python3.10/site-packages:/home/mtouri/ros2_ws_humble/build/nimblbot_simulation_scenes:/home/mtouri/ros2_ws_humble/install/nimblbot_simulation_scenes/lib/python3.10/site-packages:/home/mtouri/ros2_ws_humble/build/nimblbot_path_follow:/home/mtouri/ros2_ws_humble/install/nimblbot_path_follow/lib/python3.10/site-packages:/home/mtouri/ros2_ws_humble/install/nimblbot_description/local/lib/python3.10/dist-packages:/home/mtouri/ros2_ws_humble/build/circular_carrier_control:/home/mtouri/ros2_ws_humble/install/circular_carrier_control/lib/python3.10/site-packages:/home/mtouri/ros2_ws_humble/build/nanotec_driver:/home/mtouri/ros2_ws_humble/install/nanotec_driver/lib/python3.10/site-packages:/home/mtouri/ros2_ws_humble/install/nanotec_msgs/local/lib/python3.10/dist-packages:/opt/ros/humble/lib/python3.10/site-packages:/opt/ros/humble/local/lib/python3.10/dist-packages /usr/bin/cmake --build /home/mtouri/ros2_ws_humble/build/nimblbot_bringup -- -j16 -l16
[7.913s] DEBUG:colcon.colcon_core.event_handler.log_command:Invoking command in '/home/mtouri/ros2_ws_humble/build/nimblbot_bringup': AMENT_PREFIX_PATH=/home/mtouri/ros2_ws_humble/install/nimblbot_kinematics:/home/mtouri/ros2_ws_humble/install/nimblbot_driver:/home/mtouri/spot_ws/install/synchros2_tutorials_example:/home/mtouri/spot_ws/install/synchros2_tutorials_interfaces_example:/home/mtouri/spot_ws/install/spot_driver:/home/mtouri/spot_ws/install/spot_ros2_control:/home/mtouri/spot_ws/install/spot_examples:/home/mtouri/spot_ws/install/spot_common:/home/mtouri/spot_ws/install/synchros2:/home/mtouri/spot_ws/install/spot_rviz_plugins:/home/mtouri/spot_ws/install/spot_hardware_interface:/home/mtouri/spot_ws/install/spot_controllers:/home/mtouri/spot_ws/install/spot_msgs:/home/mtouri/spot_ws/install/spot_description:/home/mtouri/ros2_ws_humble/install/rviz_manager_msgs:/home/mtouri/ros2_ws_humble/install/rviz_manager:/home/mtouri/ros2_ws_humble/install/ros_babel_fish_test_msgs:/home/mtouri/ros2_ws_humble/install/nimblbot_control:/home/mtouri/ros2_ws_humble/install/nimblbot_utils:/home/mtouri/ros2_ws_humble/install/nimblbot_simulation_scenes:/home/mtouri/ros2_ws_humble/install/nimblbot_path_follow:/home/mtouri/ros2_ws_humble/install/nimblbot_bringup:/home/mtouri/ros2_ws_humble/install/nimblbot_description:/home/mtouri/ros2_ws_humble/install/circular_carrier_control:/home/mtouri/ros2_ws_humble/install/nanotec_driver:/home/mtouri/ros2_ws_humble/install/nanotec_msgs:/home/mtouri/ros2_ws_humble/install/circular_carrier_msgs:/home/mtouri/ros2_ws_humble/install/circular_carrier_bringup:/home/mtouri/ros2_ws_humble/install/circular_carrier_description:/opt/ros/humble CMAKE_PREFIX_PATH=/home/mtouri/ros2_ws_humble/install/nimblbot_description:/home/mtouri/spot_ws/install/synchros2_tutorials_interfaces_example:/home/mtouri/spot_ws/install/spot_driver:/home/mtouri/spot_ws/install/spot_ros2_control:/home/mtouri/spot_ws/install/spot_rviz_plugins:/home/mtouri/spot_ws/install/spot_hardware_interface:/home/mtouri/spot_ws/install/spot_controllers:/home/mtouri/spot_ws/install/spot_msgs:/home/mtouri/spot_ws/install/spot_description:/home/mtouri/ros2_ws_humble/install/rviz_manager_msgs:/home/mtouri/ros2_ws_humble/install/ros_babel_fish_test_msgs:/home/mtouri/ros2_ws_humble/install/nimblbot_bringup:/home/mtouri/ros2_ws_humble/install/nanotec_msgs:/home/mtouri/ros2_ws_humble/install/circular_carrier_msgs:/home/mtouri/ros2_ws_humble/install/circular_carrier_bringup:/home/mtouri/ros2_ws_humble/install/circular_carrier_description:/home/mtouri/spot_ws/install/synchros2_tutorials_example:/home/mtouri/spot_ws/install/spot_examples:/home/mtouri/spot_ws/install/spot_common:/home/mtouri/spot_ws/install/synchros2:/home/mtouri/ros2_ws_humble/install/rviz_manager:/home/mtouri/ros2_ws_humble/install/nimblbot_control:/home/mtouri/ros2_ws_humble/install/nimblbot_utils:/home/mtouri/ros2_ws_humble/install/nimblbot_simulation_scenes:/home/mtouri/ros2_ws_humble/install/nimblbot_path_follow:/home/mtouri/ros2_ws_humble/install/nimblbot_kinematics:/home/mtouri/ros2_ws_humble/install/nimblbot_driver:/home/mtouri/ros2_ws_humble/install/circular_carrier_control:/home/mtouri/ros2_ws_humble/install/nanotec_driver:/opt/ros/humble PYTHONPATH=/home/mtouri/ros2_ws_humble/build/nimblbot_kinematics:/home/mtouri/ros2_ws_humble/install/nimblbot_kinematics/lib/python3.10/site-packages:/home/mtouri/ros2_ws_humble/build/nimblbot_driver:/home/mtouri/ros2_ws_humble/install/nimblbot_driver/lib/python3.10/site-packages:/home/mtouri/spot_ws/build/synchros2_tutorials_example:/home/mtouri/spot_ws/install/synchros2_tutorials_example/lib/python3.10/site-packages:/home/mtouri/spot_ws/install/synchros2_tutorials_interfaces_example/local/lib/python3.10/dist-packages:/home/mtouri/spot_ws/install/spot_driver/local/lib/python3.10/dist-packages:/home/mtouri/spot_ws/build/spot_examples:/home/mtouri/spot_ws/install/spot_examples/lib/python3.10/site-packages:/home/mtouri/spot_ws/build/spot_common:/home/mtouri/spot_ws/install/spot_common/lib/python3.10/site-packages:/home/mtouri/spot_ws/build/synchros2:/home/mtouri/spot_ws/install/synchros2/lib/python3.10/site-packages:/home/mtouri/spot_ws/build/spot_wrapper:/home/mtouri/spot_ws/install/spot_wrapper/lib/python3.10/site-packages:/home/mtouri/spot_ws/install/spot_msgs/local/lib/python3.10/dist-packages:/home/mtouri/ros2_ws_humble/install/rviz_manager_msgs/local/lib/python3.10/dist-packages:/home/mtouri/ros2_ws_humble/build/rviz_manager:/home/mtouri/ros2_ws_humble/install/rviz_manager/lib/python3.10/site-packages:/home/mtouri/ros2_ws_humble/install/ros_babel_fish_test_msgs/local/lib/python3.10/dist-packages:/home/mtouri/ros2_ws_humble/build/nimblbot_control:/home/mtouri/ros2_ws_humble/install/nimblbot_control/lib/python3.10/site-packages:/home/mtouri/ros2_ws_humble/build/nimblbot_utils:/home/mtouri/ros2_ws_humble/install/nimblbot_utils/lib/python3.10/site-packages:/home/mtouri/ros2_ws_humble/build/nimblbot_simulation_scenes:/home/mtouri/ros2_ws_humble/install/nimblbot_simulation_scenes/lib/python3.10/site-packages:/home/mtouri/ros2_ws_humble/build/nimblbot_path_follow:/home/mtouri/ros2_ws_humble/install/nimblbot_path_follow/lib/python3.10/site-packages:/home/mtouri/ros2_ws_humble/install/nimblbot_description/local/lib/python3.10/dist-packages:/home/mtouri/ros2_ws_humble/build/circular_carrier_control:/home/mtouri/ros2_ws_humble/install/circular_carrier_control/lib/python3.10/site-packages:/home/mtouri/ros2_ws_humble/build/nanotec_driver:/home/mtouri/ros2_ws_humble/install/nanotec_driver/lib/python3.10/site-packages:/home/mtouri/ros2_ws_humble/install/nanotec_msgs/local/lib/python3.10/dist-packages:/opt/ros/humble/lib/python3.10/site-packages:/opt/ros/humble/local/lib/python3.10/dist-packages /usr/bin/cmake --install /home/mtouri/ros2_ws_humble/build/nimblbot_bringup
[8.572s] Level 1:colcon.colcon_core.shell:create_environment_hook('nimblbot_control', 'pythonpath_develop')
[8.573s] INFO:colcon.colcon_core.shell:Creating environment hook '/home/mtouri/ros2_ws_humble/build/nimblbot_control/share/nimblbot_control/hook/pythonpath_develop.ps1'
[8.574s] INFO:colcon.colcon_core.shell:Creating environment descriptor '/home/mtouri/ros2_ws_humble/build/nimblbot_control/share/nimblbot_control/hook/pythonpath_develop.dsv'
[8.574s] INFO:colcon.colcon_core.shell:Creating environment hook '/home/mtouri/ros2_ws_humble/build/nimblbot_control/share/nimblbot_control/hook/pythonpath_develop.sh'
[8.575s] DEBUG:colcon.colcon_core.event_handler.log_command:Invoked command in '/home/mtouri/ros2_ws_humble/build/nimblbot_control' returned '0': AMENT_PREFIX_PATH=/home/mtouri/ros2_ws_humble/install/nimblbot_utils:/home/mtouri/spot_ws/install/synchros2_tutorials_example:/home/mtouri/spot_ws/install/synchros2_tutorials_interfaces_example:/home/mtouri/spot_ws/install/spot_driver:/home/mtouri/spot_ws/install/spot_ros2_control:/home/mtouri/spot_ws/install/spot_examples:/home/mtouri/spot_ws/install/spot_common:/home/mtouri/spot_ws/install/synchros2:/home/mtouri/spot_ws/install/spot_rviz_plugins:/home/mtouri/spot_ws/install/spot_hardware_interface:/home/mtouri/spot_ws/install/spot_controllers:/home/mtouri/spot_ws/install/spot_msgs:/home/mtouri/spot_ws/install/spot_description:/home/mtouri/ros2_ws_humble/install/rviz_manager_msgs:/home/mtouri/ros2_ws_humble/install/rviz_manager:/home/mtouri/ros2_ws_humble/install/ros_babel_fish_test_msgs:/home/mtouri/ros2_ws_humble/install/nimblbot_control:/home/mtouri/ros2_ws_humble/install/nimblbot_simulation_scenes:/home/mtouri/ros2_ws_humble/install/nimblbot_path_follow:/home/mtouri/ros2_ws_humble/install/nimblbot_bringup:/home/mtouri/ros2_ws_humble/install/nimblbot_kinematics:/home/mtouri/ros2_ws_humble/install/nimblbot_driver:/home/mtouri/ros2_ws_humble/install/nimblbot_description:/home/mtouri/ros2_ws_humble/install/circular_carrier_control:/home/mtouri/ros2_ws_humble/install/nanotec_driver:/home/mtouri/ros2_ws_humble/install/nanotec_msgs:/home/mtouri/ros2_ws_humble/install/circular_carrier_msgs:/home/mtouri/ros2_ws_humble/install/circular_carrier_bringup:/home/mtouri/ros2_ws_humble/install/circular_carrier_description:/opt/ros/humble PYTHONPATH=/home/mtouri/ros2_ws_humble/build/nimblbot_control/prefix_override:/usr/lib/python3/dist-packages/colcon_core/task/python/colcon_distutils_commands:/home/mtouri/ros2_ws_humble/install/nimblbot_control/lib/python3.10/site-packages:/home/mtouri/ros2_ws_humble/build/nimblbot_utils:/home/mtouri/ros2_ws_humble/install/nimblbot_utils/lib/python3.10/site-packages:/home/mtouri/spot_ws/build/synchros2_tutorials_example:/home/mtouri/spot_ws/install/synchros2_tutorials_example/lib/python3.10/site-packages:/home/mtouri/spot_ws/install/synchros2_tutorials_interfaces_example/local/lib/python3.10/dist-packages:/home/mtouri/spot_ws/install/spot_driver/local/lib/python3.10/dist-packages:/home/mtouri/spot_ws/build/spot_examples:/home/mtouri/spot_ws/install/spot_examples/lib/python3.10/site-packages:/home/mtouri/spot_ws/build/spot_common:/home/mtouri/spot_ws/install/spot_common/lib/python3.10/site-packages:/home/mtouri/spot_ws/build/synchros2:/home/mtouri/spot_ws/install/synchros2/lib/python3.10/site-packages:/home/mtouri/spot_ws/build/spot_wrapper:/home/mtouri/spot_ws/install/spot_wrapper/lib/python3.10/site-packages:/home/mtouri/spot_ws/install/spot_msgs/local/lib/python3.10/dist-packages:/home/mtouri/ros2_ws_humble/install/rviz_manager_msgs/local/lib/python3.10/dist-packages:/home/mtouri/ros2_ws_humble/build/rviz_manager:/home/mtouri/ros2_ws_humble/install/rviz_manager/lib/python3.10/site-packages:/home/mtouri/ros2_ws_humble/install/ros_babel_fish_test_msgs/local/lib/python3.10/dist-packages:/home/mtouri/ros2_ws_humble/build/nimblbot_control:/home/mtouri/ros2_ws_humble/install/nimblbot_control/lib/python3.10/site-packages:/home/mtouri/ros2_ws_humble/build/nimblbot_simulation_scenes:/home/mtouri/ros2_ws_humble/install/nimblbot_simulation_scenes/lib/python3.10/site-packages:/home/mtouri/ros2_ws_humble/build/nimblbot_path_follow:/home/mtouri/ros2_ws_humble/install/nimblbot_path_follow/lib/python3.10/site-packages:/home/mtouri/ros2_ws_humble/build/nimblbot_kinematics:/home/mtouri/ros2_ws_humble/install/nimblbot_kinematics/lib/python3.10/site-packages:/home/mtouri/ros2_ws_humble/build/nimblbot_driver:/home/mtouri/ros2_ws_humble/install/nimblbot_driver/lib/python3.10/site-packages:/home/mtouri/ros2_ws_humble/install/nimblbot_description/local/lib/python3.10/dist-packages:/home/mtouri/ros2_ws_humble/build/circular_carrier_control:/home/mtouri/ros2_ws_humble/install/circular_carrier_control/lib/python3.10/site-packages:/home/mtouri/ros2_ws_humble/build/nanotec_driver:/home/mtouri/ros2_ws_humble/install/nanotec_driver/lib/python3.10/site-packages:/home/mtouri/ros2_ws_humble/install/nanotec_msgs/local/lib/python3.10/dist-packages:/opt/ros/humble/lib/python3.10/site-packages:/opt/ros/humble/local/lib/python3.10/dist-packages /usr/bin/python3 -W ignore:setup.py install is deprecated -W ignore:easy_install command is deprecated setup.py develop --editable --build-directory /home/mtouri/ros2_ws_humble/build/nimblbot_control/build --no-deps symlink_data
[8.582s] Level 1:colcon.colcon_core.environment:checking '/home/mtouri/ros2_ws_humble/install/nimblbot_control' for CMake module files
[8.582s] Level 1:colcon.colcon_core.environment:checking '/home/mtouri/ros2_ws_humble/install/nimblbot_control' for CMake config files
[8.583s] Level 1:colcon.colcon_core.environment:checking '/home/mtouri/ros2_ws_humble/install/nimblbot_control/lib'
[8.583s] Level 1:colcon.colcon_core.environment:checking '/home/mtouri/ros2_ws_humble/install/nimblbot_control/bin'
[8.583s] Level 1:colcon.colcon_core.environment:checking '/home/mtouri/ros2_ws_humble/install/nimblbot_control/lib/pkgconfig/nimblbot_control.pc'
[8.594s] Level 1:colcon.colcon_core.environment:checking '/home/mtouri/ros2_ws_humble/install/nimblbot_control/lib/python3.10/site-packages'
[8.594s] Level 1:colcon.colcon_core.shell:create_environment_hook('nimblbot_control', 'pythonpath')
[8.595s] INFO:colcon.colcon_core.shell:Creating environment hook '/home/mtouri/ros2_ws_humble/install/nimblbot_control/share/nimblbot_control/hook/pythonpath.ps1'
[8.602s] INFO:colcon.colcon_core.shell:Creating environment descriptor '/home/mtouri/ros2_ws_humble/install/nimblbot_control/share/nimblbot_control/hook/pythonpath.dsv'
[8.603s] INFO:colcon.colcon_core.shell:Creating environment hook '/home/mtouri/ros2_ws_humble/install/nimblbot_control/share/nimblbot_control/hook/pythonpath.sh'
[8.604s] Level 1:colcon.colcon_core.environment:checking '/home/mtouri/ros2_ws_humble/install/nimblbot_control/bin'
[8.604s] Level 1:colcon.colcon_core.environment:create_environment_scripts_only(nimblbot_control)
[8.608s] INFO:colcon.colcon_core.shell:Creating package script '/home/mtouri/ros2_ws_humble/install/nimblbot_control/share/nimblbot_control/package.ps1'
[8.613s] INFO:colcon.colcon_core.shell:Creating package descriptor '/home/mtouri/ros2_ws_humble/install/nimblbot_control/share/nimblbot_control/package.dsv'
[8.614s] INFO:colcon.colcon_core.shell:Creating package script '/home/mtouri/ros2_ws_humble/install/nimblbot_control/share/nimblbot_control/package.sh'
[8.614s] INFO:colcon.colcon_core.shell:Creating package script '/home/mtouri/ros2_ws_humble/install/nimblbot_control/share/nimblbot_control/package.bash'
[8.615s] INFO:colcon.colcon_core.shell:Creating package script '/home/mtouri/ros2_ws_humble/install/nimblbot_control/share/nimblbot_control/package.zsh'
[8.619s] Level 1:colcon.colcon_core.environment:create_file_with_runtime_dependencies(/home/mtouri/ros2_ws_humble/install/nimblbot_control/share/colcon-core/packages/nimblbot_control)
[9.133s] Level 1:colcon.colcon_core.environment:create_environment_scripts_only(nimblbot_bringup)
[9.134s] Level 1:colcon.colcon_core.environment:checking '/home/mtouri/ros2_ws_humble/install/nimblbot_bringup' for CMake module files
[9.134s] Level 1:colcon.colcon_core.environment:checking '/home/mtouri/ros2_ws_humble/install/nimblbot_bringup' for CMake config files
[9.135s] Level 1:colcon.colcon_core.shell:create_environment_hook('nimblbot_bringup', 'cmake_prefix_path')
[9.143s] DEBUG:colcon.colcon_core.event_handler.log_command:Invoked command in '/home/mtouri/ros2_ws_humble/build/nimblbot_bringup' returned '0': AMENT_PREFIX_PATH=/home/mtouri/ros2_ws_humble/install/nimblbot_kinematics:/home/mtouri/ros2_ws_humble/install/nimblbot_driver:/home/mtouri/spot_ws/install/synchros2_tutorials_example:/home/mtouri/spot_ws/install/synchros2_tutorials_interfaces_example:/home/mtouri/spot_ws/install/spot_driver:/home/mtouri/spot_ws/install/spot_ros2_control:/home/mtouri/spot_ws/install/spot_examples:/home/mtouri/spot_ws/install/spot_common:/home/mtouri/spot_ws/install/synchros2:/home/mtouri/spot_ws/install/spot_rviz_plugins:/home/mtouri/spot_ws/install/spot_hardware_interface:/home/mtouri/spot_ws/install/spot_controllers:/home/mtouri/spot_ws/install/spot_msgs:/home/mtouri/spot_ws/install/spot_description:/home/mtouri/ros2_ws_humble/install/rviz_manager_msgs:/home/mtouri/ros2_ws_humble/install/rviz_manager:/home/mtouri/ros2_ws_humble/install/ros_babel_fish_test_msgs:/home/mtouri/ros2_ws_humble/install/nimblbot_control:/home/mtouri/ros2_ws_humble/install/nimblbot_utils:/home/mtouri/ros2_ws_humble/install/nimblbot_simulation_scenes:/home/mtouri/ros2_ws_humble/install/nimblbot_path_follow:/home/mtouri/ros2_ws_humble/install/nimblbot_bringup:/home/mtouri/ros2_ws_humble/install/nimblbot_description:/home/mtouri/ros2_ws_humble/install/circular_carrier_control:/home/mtouri/ros2_ws_humble/install/nanotec_driver:/home/mtouri/ros2_ws_humble/install/nanotec_msgs:/home/mtouri/ros2_ws_humble/install/circular_carrier_msgs:/home/mtouri/ros2_ws_humble/install/circular_carrier_bringup:/home/mtouri/ros2_ws_humble/install/circular_carrier_description:/opt/ros/humble CMAKE_PREFIX_PATH=/home/mtouri/ros2_ws_humble/install/nimblbot_description:/home/mtouri/spot_ws/install/synchros2_tutorials_interfaces_example:/home/mtouri/spot_ws/install/spot_driver:/home/mtouri/spot_ws/install/spot_ros2_control:/home/mtouri/spot_ws/install/spot_rviz_plugins:/home/mtouri/spot_ws/install/spot_hardware_interface:/home/mtouri/spot_ws/install/spot_controllers:/home/mtouri/spot_ws/install/spot_msgs:/home/mtouri/spot_ws/install/spot_description:/home/mtouri/ros2_ws_humble/install/rviz_manager_msgs:/home/mtouri/ros2_ws_humble/install/ros_babel_fish_test_msgs:/home/mtouri/ros2_ws_humble/install/nimblbot_bringup:/home/mtouri/ros2_ws_humble/install/nanotec_msgs:/home/mtouri/ros2_ws_humble/install/circular_carrier_msgs:/home/mtouri/ros2_ws_humble/install/circular_carrier_bringup:/home/mtouri/ros2_ws_humble/install/circular_carrier_description:/home/mtouri/spot_ws/install/synchros2_tutorials_example:/home/mtouri/spot_ws/install/spot_examples:/home/mtouri/spot_ws/install/spot_common:/home/mtouri/spot_ws/install/synchros2:/home/mtouri/ros2_ws_humble/install/rviz_manager:/home/mtouri/ros2_ws_humble/install/nimblbot_control:/home/mtouri/ros2_ws_humble/install/nimblbot_utils:/home/mtouri/ros2_ws_humble/install/nimblbot_simulation_scenes:/home/mtouri/ros2_ws_humble/install/nimblbot_path_follow:/home/mtouri/ros2_ws_humble/install/nimblbot_kinematics:/home/mtouri/ros2_ws_humble/install/nimblbot_driver:/home/mtouri/ros2_ws_humble/install/circular_carrier_control:/home/mtouri/ros2_ws_humble/install/nanotec_driver:/opt/ros/humble PYTHONPATH=/home/mtouri/ros2_ws_humble/build/nimblbot_kinematics:/home/mtouri/ros2_ws_humble/install/nimblbot_kinematics/lib/python3.10/site-packages:/home/mtouri/ros2_ws_humble/build/nimblbot_driver:/home/mtouri/ros2_ws_humble/install/nimblbot_driver/lib/python3.10/site-packages:/home/mtouri/spot_ws/build/synchros2_tutorials_example:/home/mtouri/spot_ws/install/synchros2_tutorials_example/lib/python3.10/site-packages:/home/mtouri/spot_ws/install/synchros2_tutorials_interfaces_example/local/lib/python3.10/dist-packages:/home/mtouri/spot_ws/install/spot_driver/local/lib/python3.10/dist-packages:/home/mtouri/spot_ws/build/spot_examples:/home/mtouri/spot_ws/install/spot_examples/lib/python3.10/site-packages:/home/mtouri/spot_ws/build/spot_common:/home/mtouri/spot_ws/install/spot_common/lib/python3.10/site-packages:/home/mtouri/spot_ws/build/synchros2:/home/mtouri/spot_ws/install/synchros2/lib/python3.10/site-packages:/home/mtouri/spot_ws/build/spot_wrapper:/home/mtouri/spot_ws/install/spot_wrapper/lib/python3.10/site-packages:/home/mtouri/spot_ws/install/spot_msgs/local/lib/python3.10/dist-packages:/home/mtouri/ros2_ws_humble/install/rviz_manager_msgs/local/lib/python3.10/dist-packages:/home/mtouri/ros2_ws_humble/build/rviz_manager:/home/mtouri/ros2_ws_humble/install/rviz_manager/lib/python3.10/site-packages:/home/mtouri/ros2_ws_humble/install/ros_babel_fish_test_msgs/local/lib/python3.10/dist-packages:/home/mtouri/ros2_ws_humble/build/nimblbot_control:/home/mtouri/ros2_ws_humble/install/nimblbot_control/lib/python3.10/site-packages:/home/mtouri/ros2_ws_humble/build/nimblbot_utils:/home/mtouri/ros2_ws_humble/install/nimblbot_utils/lib/python3.10/site-packages:/home/mtouri/ros2_ws_humble/build/nimblbot_simulation_scenes:/home/mtouri/ros2_ws_humble/install/nimblbot_simulation_scenes/lib/python3.10/site-packages:/home/mtouri/ros2_ws_humble/build/nimblbot_path_follow:/home/mtouri/ros2_ws_humble/install/nimblbot_path_follow/lib/python3.10/site-packages:/home/mtouri/ros2_ws_humble/install/nimblbot_description/local/lib/python3.10/dist-packages:/home/mtouri/ros2_ws_humble/build/circular_carrier_control:/home/mtouri/ros2_ws_humble/install/circular_carrier_control/lib/python3.10/site-packages:/home/mtouri/ros2_ws_humble/build/nanotec_driver:/home/mtouri/ros2_ws_humble/install/nanotec_driver/lib/python3.10/site-packages:/home/mtouri/ros2_ws_humble/install/nanotec_msgs/local/lib/python3.10/dist-packages:/opt/ros/humble/lib/python3.10/site-packages:/opt/ros/humble/local/lib/python3.10/dist-packages /usr/bin/cmake --install /home/mtouri/ros2_ws_humble/build/nimblbot_bringup
[9.143s] INFO:colcon.colcon_core.shell:Creating environment hook '/home/mtouri/ros2_ws_humble/install/nimblbot_bringup/share/nimblbot_bringup/hook/cmake_prefix_path.ps1'
[9.144s] INFO:colcon.colcon_core.shell:Creating environment descriptor '/home/mtouri/ros2_ws_humble/install/nimblbot_bringup/share/nimblbot_bringup/hook/cmake_prefix_path.dsv'
[9.144s] INFO:colcon.colcon_core.shell:Creating environment hook '/home/mtouri/ros2_ws_humble/install/nimblbot_bringup/share/nimblbot_bringup/hook/cmake_prefix_path.sh'
[9.145s] Level 1:colcon.colcon_core.environment:checking '/home/mtouri/ros2_ws_humble/install/nimblbot_bringup/lib'
[9.145s] Level 1:colcon.colcon_core.environment:checking '/home/mtouri/ros2_ws_humble/install/nimblbot_bringup/bin'
[9.146s] Level 1:colcon.colcon_core.environment:checking '/home/mtouri/ros2_ws_humble/install/nimblbot_bringup/lib/pkgconfig/nimblbot_bringup.pc'
[9.146s] Level 1:colcon.colcon_core.environment:checking '/home/mtouri/ros2_ws_humble/install/nimblbot_bringup/lib/python3.10/site-packages'
[9.146s] Level 1:colcon.colcon_core.environment:checking '/home/mtouri/ros2_ws_humble/install/nimblbot_bringup/bin'
[9.152s] INFO:colcon.colcon_core.shell:Creating package script '/home/mtouri/ros2_ws_humble/install/nimblbot_bringup/share/nimblbot_bringup/package.ps1'
[9.154s] INFO:colcon.colcon_core.shell:Creating package descriptor '/home/mtouri/ros2_ws_humble/install/nimblbot_bringup/share/nimblbot_bringup/package.dsv'
[9.155s] INFO:colcon.colcon_core.shell:Creating package script '/home/mtouri/ros2_ws_humble/install/nimblbot_bringup/share/nimblbot_bringup/package.sh'
[9.158s] INFO:colcon.colcon_core.shell:Creating package script '/home/mtouri/ros2_ws_humble/install/nimblbot_bringup/share/nimblbot_bringup/package.bash'
[9.159s] INFO:colcon.colcon_core.shell:Creating package script '/home/mtouri/ros2_ws_humble/install/nimblbot_bringup/share/nimblbot_bringup/package.zsh'
[9.159s] Level 1:colcon.colcon_core.environment:create_file_with_runtime_dependencies(/home/mtouri/ros2_ws_humble/install/nimblbot_bringup/share/colcon-core/packages/nimblbot_bringup)
[9.164s] Level 1:colcon.colcon_core.environment:create_environment_scripts_only(nimblbot_bringup)
[9.164s] Level 1:colcon.colcon_core.environment:checking '/home/mtouri/ros2_ws_humble/install/nimblbot_bringup' for CMake module files
[9.165s] Level 1:colcon.colcon_core.environment:checking '/home/mtouri/ros2_ws_humble/install/nimblbot_bringup' for CMake config files
[9.165s] Level 1:colcon.colcon_core.shell:create_environment_hook('nimblbot_bringup', 'cmake_prefix_path')
[9.166s] INFO:colcon.colcon_core.shell:Creating environment hook '/home/mtouri/ros2_ws_humble/install/nimblbot_bringup/share/nimblbot_bringup/hook/cmake_prefix_path.ps1'
[9.170s] INFO:colcon.colcon_core.shell:Creating environment descriptor '/home/mtouri/ros2_ws_humble/install/nimblbot_bringup/share/nimblbot_bringup/hook/cmake_prefix_path.dsv'
[9.170s] INFO:colcon.colcon_core.shell:Creating environment hook '/home/mtouri/ros2_ws_humble/install/nimblbot_bringup/share/nimblbot_bringup/hook/cmake_prefix_path.sh'
[9.174s] Level 1:colcon.colcon_core.environment:checking '/home/mtouri/ros2_ws_humble/install/nimblbot_bringup/lib'
[9.174s] Level 1:colcon.colcon_core.environment:checking '/home/mtouri/ros2_ws_humble/install/nimblbot_bringup/bin'
[9.174s] Level 1:colcon.colcon_core.environment:checking '/home/mtouri/ros2_ws_humble/install/nimblbot_bringup/lib/pkgconfig/nimblbot_bringup.pc'
[9.174s] Level 1:colcon.colcon_core.environment:checking '/home/mtouri/ros2_ws_humble/install/nimblbot_bringup/lib/python3.10/site-packages'
[9.176s] Level 1:colcon.colcon_core.environment:checking '/home/mtouri/ros2_ws_humble/install/nimblbot_bringup/bin'
[9.176s] INFO:colcon.colcon_core.shell:Creating package script '/home/mtouri/ros2_ws_humble/install/nimblbot_bringup/share/nimblbot_bringup/package.ps1'
[9.177s] INFO:colcon.colcon_core.shell:Creating package descriptor '/home/mtouri/ros2_ws_humble/install/nimblbot_bringup/share/nimblbot_bringup/package.dsv'
[9.181s] INFO:colcon.colcon_core.shell:Creating package script '/home/mtouri/ros2_ws_humble/install/nimblbot_bringup/share/nimblbot_bringup/package.sh'
[9.186s] INFO:colcon.colcon_core.shell:Creating package script '/home/mtouri/ros2_ws_humble/install/nimblbot_bringup/share/nimblbot_bringup/package.bash'
[9.187s] INFO:colcon.colcon_core.shell:Creating package script '/home/mtouri/ros2_ws_humble/install/nimblbot_bringup/share/nimblbot_bringup/package.zsh'
[9.187s] Level 1:colcon.colcon_core.environment:create_file_with_runtime_dependencies(/home/mtouri/ros2_ws_humble/install/nimblbot_bringup/share/colcon-core/packages/nimblbot_bringup)
[10.531s] Level 1:colcon.colcon_core.environment:create_environment_scripts_only(nanotec_msgs)
[10.532s] Level 1:colcon.colcon_core.environment:checking '/home/mtouri/ros2_ws_humble/install/nanotec_msgs' for CMake module files
[10.533s] DEBUG:colcon.colcon_core.event_handler.log_command:Invoked command in '/home/mtouri/ros2_ws_humble/build/nanotec_msgs' returned '0': CMAKE_PREFIX_PATH=${CMAKE_PREFIX_PATH}:/home/mtouri/spot_ws/install/synchros2_tutorials_example:/home/mtouri/spot_ws/install/spot_examples:/home/mtouri/spot_ws/install/spot_common:/home/mtouri/spot_ws/install/synchros2:/home/mtouri/ros2_ws_humble/install/rviz_manager:/home/mtouri/ros2_ws_humble/install/nimblbot_control:/home/mtouri/ros2_ws_humble/install/nimblbot_utils:/home/mtouri/ros2_ws_humble/install/nimblbot_simulation_scenes:/home/mtouri/ros2_ws_humble/install/nimblbot_path_follow:/home/mtouri/ros2_ws_humble/install/nimblbot_kinematics:/home/mtouri/ros2_ws_humble/install/nimblbot_driver:/home/mtouri/ros2_ws_humble/install/circular_carrier_control:/home/mtouri/ros2_ws_humble/install/nanotec_driver:/opt/ros/humble /usr/bin/cmake --install /home/mtouri/ros2_ws_humble/build/nanotec_msgs
[10.536s] Level 1:colcon.colcon_core.environment:checking '/home/mtouri/ros2_ws_humble/install/nanotec_msgs' for CMake config files
[10.537s] Level 1:colcon.colcon_core.shell:create_environment_hook('nanotec_msgs', 'cmake_prefix_path')
[10.538s] INFO:colcon.colcon_core.shell:Creating environment hook '/home/mtouri/ros2_ws_humble/install/nanotec_msgs/share/nanotec_msgs/hook/cmake_prefix_path.ps1'
[10.544s] INFO:colcon.colcon_core.shell:Creating environment descriptor '/home/mtouri/ros2_ws_humble/install/nanotec_msgs/share/nanotec_msgs/hook/cmake_prefix_path.dsv'
[10.545s] INFO:colcon.colcon_core.shell:Creating environment hook '/home/mtouri/ros2_ws_humble/install/nanotec_msgs/share/nanotec_msgs/hook/cmake_prefix_path.sh'
[10.547s] Level 1:colcon.colcon_core.environment:checking '/home/mtouri/ros2_ws_humble/install/nanotec_msgs/lib'
[10.547s] Level 1:colcon.colcon_core.shell:create_environment_hook('nanotec_msgs', 'ld_library_path_lib')
[10.547s] INFO:colcon.colcon_core.shell:Creating environment hook '/home/mtouri/ros2_ws_humble/install/nanotec_msgs/share/nanotec_msgs/hook/ld_library_path_lib.ps1'
[10.554s] INFO:colcon.colcon_core.shell:Creating environment descriptor '/home/mtouri/ros2_ws_humble/install/nanotec_msgs/share/nanotec_msgs/hook/ld_library_path_lib.dsv'
[10.555s] INFO:colcon.colcon_core.shell:Creating environment hook '/home/mtouri/ros2_ws_humble/install/nanotec_msgs/share/nanotec_msgs/hook/ld_library_path_lib.sh'
[10.556s] Level 1:colcon.colcon_core.environment:checking '/home/mtouri/ros2_ws_humble/install/nanotec_msgs/bin'
[10.556s] Level 1:colcon.colcon_core.environment:checking '/home/mtouri/ros2_ws_humble/install/nanotec_msgs/lib/pkgconfig/nanotec_msgs.pc'
[10.556s] Level 1:colcon.colcon_core.environment:checking '/home/mtouri/ros2_ws_humble/install/nanotec_msgs/lib/python3.10/site-packages'
[10.557s] Level 1:colcon.colcon_core.environment:checking '/home/mtouri/ros2_ws_humble/install/nanotec_msgs/bin'
[10.560s] INFO:colcon.colcon_core.shell:Creating package script '/home/mtouri/ros2_ws_humble/install/nanotec_msgs/share/nanotec_msgs/package.ps1'
[10.562s] INFO:colcon.colcon_core.shell:Creating package descriptor '/home/mtouri/ros2_ws_humble/install/nanotec_msgs/share/nanotec_msgs/package.dsv'
[10.562s] INFO:colcon.colcon_core.shell:Creating package script '/home/mtouri/ros2_ws_humble/install/nanotec_msgs/share/nanotec_msgs/package.sh'
[10.563s] INFO:colcon.colcon_core.shell:Creating package script '/home/mtouri/ros2_ws_humble/install/nanotec_msgs/share/nanotec_msgs/package.bash'
[10.569s] INFO:colcon.colcon_core.shell:Creating package script '/home/mtouri/ros2_ws_humble/install/nanotec_msgs/share/nanotec_msgs/package.zsh'
[10.570s] Level 1:colcon.colcon_core.environment:create_file_with_runtime_dependencies(/home/mtouri/ros2_ws_humble/install/nanotec_msgs/share/colcon-core/packages/nanotec_msgs)
[10.571s] Level 1:colcon.colcon_core.environment:create_environment_scripts_only(nanotec_msgs)
[10.574s] Level 1:colcon.colcon_core.environment:checking '/home/mtouri/ros2_ws_humble/install/nanotec_msgs' for CMake module files
[10.575s] Level 1:colcon.colcon_core.environment:checking '/home/mtouri/ros2_ws_humble/install/nanotec_msgs' for CMake config files
[10.576s] Level 1:colcon.colcon_core.shell:create_environment_hook('nanotec_msgs', 'cmake_prefix_path')
[10.576s] INFO:colcon.colcon_core.shell:Creating environment hook '/home/mtouri/ros2_ws_humble/install/nanotec_msgs/share/nanotec_msgs/hook/cmake_prefix_path.ps1'
[10.583s] INFO:colcon.colcon_core.shell:Creating environment descriptor '/home/mtouri/ros2_ws_humble/install/nanotec_msgs/share/nanotec_msgs/hook/cmake_prefix_path.dsv'
[10.587s] INFO:colcon.colcon_core.shell:Creating environment hook '/home/mtouri/ros2_ws_humble/install/nanotec_msgs/share/nanotec_msgs/hook/cmake_prefix_path.sh'
[10.589s] Level 1:colcon.colcon_core.environment:checking '/home/mtouri/ros2_ws_humble/install/nanotec_msgs/lib'
[10.589s] Level 1:colcon.colcon_core.shell:create_environment_hook('nanotec_msgs', 'ld_library_path_lib')
[10.589s] INFO:colcon.colcon_core.shell:Creating environment hook '/home/mtouri/ros2_ws_humble/install/nanotec_msgs/share/nanotec_msgs/hook/ld_library_path_lib.ps1'
[10.593s] INFO:colcon.colcon_core.shell:Creating environment descriptor '/home/mtouri/ros2_ws_humble/install/nanotec_msgs/share/nanotec_msgs/hook/ld_library_path_lib.dsv'
[10.594s] INFO:colcon.colcon_core.shell:Creating environment hook '/home/mtouri/ros2_ws_humble/install/nanotec_msgs/share/nanotec_msgs/hook/ld_library_path_lib.sh'
[10.595s] Level 1:colcon.colcon_core.environment:checking '/home/mtouri/ros2_ws_humble/install/nanotec_msgs/bin'
[10.595s] Level 1:colcon.colcon_core.environment:checking '/home/mtouri/ros2_ws_humble/install/nanotec_msgs/lib/pkgconfig/nanotec_msgs.pc'
[10.595s] Level 1:colcon.colcon_core.environment:checking '/home/mtouri/ros2_ws_humble/install/nanotec_msgs/lib/python3.10/site-packages'
[10.599s] Level 1:colcon.colcon_core.environment:checking '/home/mtouri/ros2_ws_humble/install/nanotec_msgs/bin'
[10.600s] INFO:colcon.colcon_core.shell:Creating package script '/home/mtouri/ros2_ws_humble/install/nanotec_msgs/share/nanotec_msgs/package.ps1'
[10.601s] INFO:colcon.colcon_core.shell:Creating package descriptor '/home/mtouri/ros2_ws_humble/install/nanotec_msgs/share/nanotec_msgs/package.dsv'
[10.605s] INFO:colcon.colcon_core.shell:Creating package script '/home/mtouri/ros2_ws_humble/install/nanotec_msgs/share/nanotec_msgs/package.sh'
[10.606s] INFO:colcon.colcon_core.shell:Creating package script '/home/mtouri/ros2_ws_humble/install/nanotec_msgs/share/nanotec_msgs/package.bash'
[10.607s] INFO:colcon.colcon_core.shell:Creating package script '/home/mtouri/ros2_ws_humble/install/nanotec_msgs/share/nanotec_msgs/package.zsh'
[10.611s] Level 1:colcon.colcon_core.environment:create_file_with_runtime_dependencies(/home/mtouri/ros2_ws_humble/install/nanotec_msgs/share/colcon-core/packages/nanotec_msgs)
[10.612s] INFO:colcon.colcon_ros.task.ament_python.build:Building ROS package in '/home/mtouri/ros2_ws_humble/src/drivers-wrapper-ros2/nanotec-wrapper-ros2/nanotec_driver' with build type 'ament_python'
[10.612s] Level 1:colcon.colcon_core.shell:create_environment_hook('nanotec_driver', 'ament_prefix_path')
[10.612s] INFO:colcon.colcon_core.shell:Creating environment hook '/home/mtouri/ros2_ws_humble/install/nanotec_driver/share/nanotec_driver/hook/ament_prefix_path.ps1'
[10.616s] INFO:colcon.colcon_core.shell:Creating environment descriptor '/home/mtouri/ros2_ws_humble/install/nanotec_driver/share/nanotec_driver/hook/ament_prefix_path.dsv'
[10.617s] INFO:colcon.colcon_core.shell:Creating environment hook '/home/mtouri/ros2_ws_humble/install/nanotec_driver/share/nanotec_driver/hook/ament_prefix_path.sh'
[10.618s] INFO:colcon.colcon_core.shell:Skip shell extension 'powershell' for command environment: Not usable outside of PowerShell
[10.619s] DEBUG:colcon.colcon_core.shell:Skip shell extension 'dsv' for command environment
[12.117s] INFO:colcon.colcon_core.task.python.build:Building Python package in '/home/mtouri/ros2_ws_humble/src/drivers-wrapper-ros2/nanotec-wrapper-ros2/nanotec_driver'
[12.118s] INFO:colcon.colcon_core.shell:Skip shell extension 'powershell' for command environment: Not usable outside of PowerShell
[12.118s] DEBUG:colcon.colcon_core.shell:Skip shell extension 'dsv' for command environment
[13.448s] DEBUG:colcon.colcon_core.event_handler.log_command:Invoked command in '/home/mtouri/ros2_ws_humble/build/rviz_manager_msgs' returned '0': CMAKE_PREFIX_PATH=${CMAKE_PREFIX_PATH}:/home/mtouri/spot_ws/install/synchros2_tutorials_example:/home/mtouri/spot_ws/install/spot_examples:/home/mtouri/spot_ws/install/spot_common:/home/mtouri/spot_ws/install/synchros2:/home/mtouri/ros2_ws_humble/install/rviz_manager:/home/mtouri/ros2_ws_humble/install/nimblbot_control:/home/mtouri/ros2_ws_humble/install/nimblbot_utils:/home/mtouri/ros2_ws_humble/install/nimblbot_simulation_scenes:/home/mtouri/ros2_ws_humble/install/nimblbot_path_follow:/home/mtouri/ros2_ws_humble/install/nimblbot_kinematics:/home/mtouri/ros2_ws_humble/install/nimblbot_driver:/home/mtouri/ros2_ws_humble/install/circular_carrier_control:/home/mtouri/ros2_ws_humble/install/nanotec_driver:/opt/ros/humble /usr/bin/cmake --build /home/mtouri/ros2_ws_humble/build/rviz_manager_msgs -- -j16 -l16
[13.449s] DEBUG:colcon.colcon_core.event_handler.log_command:Invoking command in '/home/mtouri/ros2_ws_humble/build/rviz_manager_msgs': CMAKE_PREFIX_PATH=${CMAKE_PREFIX_PATH}:/home/mtouri/spot_ws/install/synchros2_tutorials_example:/home/mtouri/spot_ws/install/spot_examples:/home/mtouri/spot_ws/install/spot_common:/home/mtouri/spot_ws/install/synchros2:/home/mtouri/ros2_ws_humble/install/rviz_manager:/home/mtouri/ros2_ws_humble/install/nimblbot_control:/home/mtouri/ros2_ws_humble/install/nimblbot_utils:/home/mtouri/ros2_ws_humble/install/nimblbot_simulation_scenes:/home/mtouri/ros2_ws_humble/install/nimblbot_path_follow:/home/mtouri/ros2_ws_humble/install/nimblbot_kinematics:/home/mtouri/ros2_ws_humble/install/nimblbot_driver:/home/mtouri/ros2_ws_humble/install/circular_carrier_control:/home/mtouri/ros2_ws_humble/install/nanotec_driver:/opt/ros/humble /usr/bin/cmake --install /home/mtouri/ros2_ws_humble/build/rviz_manager_msgs
[13.827s] DEBUG:colcon.colcon_core.event_handler.log_command:Invoking command in '/home/mtouri/ros2_ws_humble/build/nanotec_driver': CMAKE_PREFIX_PATH=/home/mtouri/ros2_ws_humble/install/nanotec_msgs:/home/mtouri/spot_ws/install/synchros2_tutorials_interfaces_example:/home/mtouri/spot_ws/install/spot_driver:/home/mtouri/spot_ws/install/spot_ros2_control:/home/mtouri/spot_ws/install/spot_rviz_plugins:/home/mtouri/spot_ws/install/spot_hardware_interface:/home/mtouri/spot_ws/install/spot_controllers:/home/mtouri/spot_ws/install/spot_msgs:/home/mtouri/spot_ws/install/spot_description:/home/mtouri/ros2_ws_humble/install/rviz_manager_msgs:/home/mtouri/ros2_ws_humble/install/ros_babel_fish_test_msgs:/home/mtouri/ros2_ws_humble/install/nimblbot_bringup:/home/mtouri/ros2_ws_humble/install/nimblbot_description:/home/mtouri/ros2_ws_humble/install/circular_carrier_msgs:/home/mtouri/ros2_ws_humble/install/circular_carrier_bringup:/home/mtouri/ros2_ws_humble/install/circular_carrier_description LD_LIBRARY_PATH=/home/mtouri/ros2_ws_humble/install/nanotec_msgs/lib:/home/mtouri/spot_ws/install/synchros2_tutorials_interfaces_example/lib:/home/mtouri/spot_ws/install/spot_driver/lib:/home/mtouri/spot_ws/install/spot_ros2_control/lib:/home/mtouri/spot_ws/install/spot_rviz_plugins/lib:/home/mtouri/spot_ws/install/spot_hardware_interface/lib:/home/mtouri/spot_ws/install/spot_controllers/lib:/home/mtouri/spot_ws/install/spot_msgs/lib:/home/mtouri/ros2_ws_humble/install/rviz_manager_msgs/lib:/home/mtouri/ros2_ws_humble/install/ros_babel_fish_test_msgs/lib:/opt/ros/humble/opt/rviz_ogre_vendor/lib:/opt/ros/humble/lib/x86_64-linux-gnu:/opt/spot-cpp-sdk/lib:/opt/ros/humble/lib:/usr/lib PYTHONPATH=/home/mtouri/ros2_ws_humble/build/nanotec_driver/prefix_override:/usr/lib/python3/dist-packages/colcon_core/task/python/colcon_distutils_commands:/home/mtouri/ros2_ws_humble/install/nanotec_driver/lib/python3.10/site-packages:${PYTHONPATH} /usr/bin/python3 -W ignore:setup.py install is deprecated -W ignore:easy_install command is deprecated setup.py develop --editable --build-directory /home/mtouri/ros2_ws_humble/build/nanotec_driver/build --no-deps symlink_data
[14.780s] Level 1:colcon.colcon_core.shell:create_environment_hook('nanotec_driver', 'pythonpath_develop')
[14.781s] INFO:colcon.colcon_core.shell:Creating environment hook '/home/mtouri/ros2_ws_humble/build/nanotec_driver/share/nanotec_driver/hook/pythonpath_develop.ps1'
[14.781s] INFO:colcon.colcon_core.shell:Creating environment descriptor '/home/mtouri/ros2_ws_humble/build/nanotec_driver/share/nanotec_driver/hook/pythonpath_develop.dsv'
[14.782s] INFO:colcon.colcon_core.shell:Creating environment hook '/home/mtouri/ros2_ws_humble/build/nanotec_driver/share/nanotec_driver/hook/pythonpath_develop.sh'
[14.782s] Level 1:colcon.colcon_core.environment:checking '/home/mtouri/ros2_ws_humble/install/nanotec_driver' for CMake module files
[14.782s] Level 1:colcon.colcon_core.environment:checking '/home/mtouri/ros2_ws_humble/install/nanotec_driver' for CMake config files
[14.783s] DEBUG:colcon.colcon_core.event_handler.log_command:Invoked command in '/home/mtouri/ros2_ws_humble/build/nanotec_driver' returned '0': CMAKE_PREFIX_PATH=/home/mtouri/ros2_ws_humble/install/nanotec_msgs:/home/mtouri/spot_ws/install/synchros2_tutorials_interfaces_example:/home/mtouri/spot_ws/install/spot_driver:/home/mtouri/spot_ws/install/spot_ros2_control:/home/mtouri/spot_ws/install/spot_rviz_plugins:/home/mtouri/spot_ws/install/spot_hardware_interface:/home/mtouri/spot_ws/install/spot_controllers:/home/mtouri/spot_ws/install/spot_msgs:/home/mtouri/spot_ws/install/spot_description:/home/mtouri/ros2_ws_humble/install/rviz_manager_msgs:/home/mtouri/ros2_ws_humble/install/ros_babel_fish_test_msgs:/home/mtouri/ros2_ws_humble/install/nimblbot_bringup:/home/mtouri/ros2_ws_humble/install/nimblbot_description:/home/mtouri/ros2_ws_humble/install/circular_carrier_msgs:/home/mtouri/ros2_ws_humble/install/circular_carrier_bringup:/home/mtouri/ros2_ws_humble/install/circular_carrier_description LD_LIBRARY_PATH=/home/mtouri/ros2_ws_humble/install/nanotec_msgs/lib:/home/mtouri/spot_ws/install/synchros2_tutorials_interfaces_example/lib:/home/mtouri/spot_ws/install/spot_driver/lib:/home/mtouri/spot_ws/install/spot_ros2_control/lib:/home/mtouri/spot_ws/install/spot_rviz_plugins/lib:/home/mtouri/spot_ws/install/spot_hardware_interface/lib:/home/mtouri/spot_ws/install/spot_controllers/lib:/home/mtouri/spot_ws/install/spot_msgs/lib:/home/mtouri/ros2_ws_humble/install/rviz_manager_msgs/lib:/home/mtouri/ros2_ws_humble/install/ros_babel_fish_test_msgs/lib:/opt/ros/humble/opt/rviz_ogre_vendor/lib:/opt/ros/humble/lib/x86_64-linux-gnu:/opt/spot-cpp-sdk/lib:/opt/ros/humble/lib:/usr/lib PYTHONPATH=/home/mtouri/ros2_ws_humble/build/nanotec_driver/prefix_override:/usr/lib/python3/dist-packages/colcon_core/task/python/colcon_distutils_commands:/home/mtouri/ros2_ws_humble/install/nanotec_driver/lib/python3.10/site-packages:${PYTHONPATH} /usr/bin/python3 -W ignore:setup.py install is deprecated -W ignore:easy_install command is deprecated setup.py develop --editable --build-directory /home/mtouri/ros2_ws_humble/build/nanotec_driver/build --no-deps symlink_data
[14.783s] Level 1:colcon.colcon_core.environment:checking '/home/mtouri/ros2_ws_humble/install/nanotec_driver/lib'
[14.783s] Level 1:colcon.colcon_core.environment:checking '/home/mtouri/ros2_ws_humble/install/nanotec_driver/bin'
[14.783s] Level 1:colcon.colcon_core.environment:checking '/home/mtouri/ros2_ws_humble/install/nanotec_driver/lib/pkgconfig/nanotec_driver.pc'
[14.784s] Level 1:colcon.colcon_core.environment:checking '/home/mtouri/ros2_ws_humble/install/nanotec_driver/lib/python3.10/site-packages'
[14.784s] Level 1:colcon.colcon_core.shell:create_environment_hook('nanotec_driver', 'pythonpath')
[14.784s] INFO:colcon.colcon_core.shell:Creating environment hook '/home/mtouri/ros2_ws_humble/install/nanotec_driver/share/nanotec_driver/hook/pythonpath.ps1'
[14.784s] INFO:colcon.colcon_core.shell:Creating environment descriptor '/home/mtouri/ros2_ws_humble/install/nanotec_driver/share/nanotec_driver/hook/pythonpath.dsv'
[14.784s] INFO:colcon.colcon_core.shell:Creating environment hook '/home/mtouri/ros2_ws_humble/install/nanotec_driver/share/nanotec_driver/hook/pythonpath.sh'
[14.785s] Level 1:colcon.colcon_core.environment:checking '/home/mtouri/ros2_ws_humble/install/nanotec_driver/bin'
[14.785s] Level 1:colcon.colcon_core.environment:create_environment_scripts_only(nanotec_driver)
[14.785s] INFO:colcon.colcon_core.shell:Creating package script '/home/mtouri/ros2_ws_humble/install/nanotec_driver/share/nanotec_driver/package.ps1'
[14.786s] INFO:colcon.colcon_core.shell:Creating package descriptor '/home/mtouri/ros2_ws_humble/install/nanotec_driver/share/nanotec_driver/package.dsv'
[14.786s] INFO:colcon.colcon_core.shell:Creating package script '/home/mtouri/ros2_ws_humble/install/nanotec_driver/share/nanotec_driver/package.sh'
[14.787s] INFO:colcon.colcon_core.shell:Creating package script '/home/mtouri/ros2_ws_humble/install/nanotec_driver/share/nanotec_driver/package.bash'
[14.787s] INFO:colcon.colcon_core.shell:Creating package script '/home/mtouri/ros2_ws_humble/install/nanotec_driver/share/nanotec_driver/package.zsh'
[14.787s] Level 1:colcon.colcon_core.environment:create_file_with_runtime_dependencies(/home/mtouri/ros2_ws_humble/install/nanotec_driver/share/colcon-core/packages/nanotec_driver)
[14.788s] INFO:colcon.colcon_ros.task.ament_python.build:Building ROS package in '/home/mtouri/ros2_ws_humble/src/circular-carrier-ros2/circular_carrier_control' with build type 'ament_python'
[14.788s] Level 1:colcon.colcon_core.shell:create_environment_hook('circular_carrier_control', 'ament_prefix_path')
[14.788s] INFO:colcon.colcon_core.shell:Creating environment hook '/home/mtouri/ros2_ws_humble/install/circular_carrier_control/share/circular_carrier_control/hook/ament_prefix_path.ps1'
[14.789s] INFO:colcon.colcon_core.shell:Creating environment descriptor '/home/mtouri/ros2_ws_humble/install/circular_carrier_control/share/circular_carrier_control/hook/ament_prefix_path.dsv'
[14.789s] INFO:colcon.colcon_core.shell:Creating environment hook '/home/mtouri/ros2_ws_humble/install/circular_carrier_control/share/circular_carrier_control/hook/ament_prefix_path.sh'
[14.789s] INFO:colcon.colcon_core.shell:Skip shell extension 'powershell' for command environment: Not usable outside of PowerShell
[14.790s] DEBUG:colcon.colcon_core.shell:Skip shell extension 'dsv' for command environment
[15.172s] INFO:colcon.colcon_core.task.python.build:Building Python package in '/home/mtouri/ros2_ws_humble/src/circular-carrier-ros2/circular_carrier_control'
[15.172s] INFO:colcon.colcon_core.shell:Skip shell extension 'powershell' for command environment: Not usable outside of PowerShell
[15.172s] DEBUG:colcon.colcon_core.shell:Skip shell extension 'dsv' for command environment
[15.207s] Level 1:colcon.colcon_core.environment:create_environment_scripts_only(rviz_manager_msgs)
[15.208s] Level 1:colcon.colcon_core.environment:checking '/home/mtouri/ros2_ws_humble/install/rviz_manager_msgs' for CMake module files
[15.208s] DEBUG:colcon.colcon_core.event_handler.log_command:Invoked command in '/home/mtouri/ros2_ws_humble/build/rviz_manager_msgs' returned '0': CMAKE_PREFIX_PATH=${CMAKE_PREFIX_PATH}:/home/mtouri/spot_ws/install/synchros2_tutorials_example:/home/mtouri/spot_ws/install/spot_examples:/home/mtouri/spot_ws/install/spot_common:/home/mtouri/spot_ws/install/synchros2:/home/mtouri/ros2_ws_humble/install/rviz_manager:/home/mtouri/ros2_ws_humble/install/nimblbot_control:/home/mtouri/ros2_ws_humble/install/nimblbot_utils:/home/mtouri/ros2_ws_humble/install/nimblbot_simulation_scenes:/home/mtouri/ros2_ws_humble/install/nimblbot_path_follow:/home/mtouri/ros2_ws_humble/install/nimblbot_kinematics:/home/mtouri/ros2_ws_humble/install/nimblbot_driver:/home/mtouri/ros2_ws_humble/install/circular_carrier_control:/home/mtouri/ros2_ws_humble/install/nanotec_driver:/opt/ros/humble /usr/bin/cmake --install /home/mtouri/ros2_ws_humble/build/rviz_manager_msgs
[15.209s] Level 1:colcon.colcon_core.environment:checking '/home/mtouri/ros2_ws_humble/install/rviz_manager_msgs' for CMake config files
[15.209s] Level 1:colcon.colcon_core.shell:create_environment_hook('rviz_manager_msgs', 'cmake_prefix_path')
[15.210s] INFO:colcon.colcon_core.shell:Creating environment hook '/home/mtouri/ros2_ws_humble/install/rviz_manager_msgs/share/rviz_manager_msgs/hook/cmake_prefix_path.ps1'
[15.210s] INFO:colcon.colcon_core.shell:Creating environment descriptor '/home/mtouri/ros2_ws_humble/install/rviz_manager_msgs/share/rviz_manager_msgs/hook/cmake_prefix_path.dsv'
[15.211s] INFO:colcon.colcon_core.shell:Creating environment hook '/home/mtouri/ros2_ws_humble/install/rviz_manager_msgs/share/rviz_manager_msgs/hook/cmake_prefix_path.sh'
[15.211s] Level 1:colcon.colcon_core.environment:checking '/home/mtouri/ros2_ws_humble/install/rviz_manager_msgs/lib'
[15.211s] Level 1:colcon.colcon_core.shell:create_environment_hook('rviz_manager_msgs', 'ld_library_path_lib')
[15.212s] INFO:colcon.colcon_core.shell:Creating environment hook '/home/mtouri/ros2_ws_humble/install/rviz_manager_msgs/share/rviz_manager_msgs/hook/ld_library_path_lib.ps1'
[15.212s] INFO:colcon.colcon_core.shell:Creating environment descriptor '/home/mtouri/ros2_ws_humble/install/rviz_manager_msgs/share/rviz_manager_msgs/hook/ld_library_path_lib.dsv'
[15.213s] INFO:colcon.colcon_core.shell:Creating environment hook '/home/mtouri/ros2_ws_humble/install/rviz_manager_msgs/share/rviz_manager_msgs/hook/ld_library_path_lib.sh'
[15.213s] Level 1:colcon.colcon_core.environment:checking '/home/mtouri/ros2_ws_humble/install/rviz_manager_msgs/bin'
[15.213s] Level 1:colcon.colcon_core.environment:checking '/home/mtouri/ros2_ws_humble/install/rviz_manager_msgs/lib/pkgconfig/rviz_manager_msgs.pc'
[15.213s] Level 1:colcon.colcon_core.environment:checking '/home/mtouri/ros2_ws_humble/install/rviz_manager_msgs/lib/python3.10/site-packages'
[15.214s] Level 1:colcon.colcon_core.environment:checking '/home/mtouri/ros2_ws_humble/install/rviz_manager_msgs/bin'
[15.214s] INFO:colcon.colcon_core.shell:Creating package script '/home/mtouri/ros2_ws_humble/install/rviz_manager_msgs/share/rviz_manager_msgs/package.ps1'
[15.215s] INFO:colcon.colcon_core.shell:Creating package descriptor '/home/mtouri/ros2_ws_humble/install/rviz_manager_msgs/share/rviz_manager_msgs/package.dsv'
[15.215s] INFO:colcon.colcon_core.shell:Creating package script '/home/mtouri/ros2_ws_humble/install/rviz_manager_msgs/share/rviz_manager_msgs/package.sh'
[15.216s] INFO:colcon.colcon_core.shell:Creating package script '/home/mtouri/ros2_ws_humble/install/rviz_manager_msgs/share/rviz_manager_msgs/package.bash'
[15.216s] INFO:colcon.colcon_core.shell:Creating package script '/home/mtouri/ros2_ws_humble/install/rviz_manager_msgs/share/rviz_manager_msgs/package.zsh'
[15.216s] Level 1:colcon.colcon_core.environment:create_file_with_runtime_dependencies(/home/mtouri/ros2_ws_humble/install/rviz_manager_msgs/share/colcon-core/packages/rviz_manager_msgs)
[15.217s] Level 1:colcon.colcon_core.environment:create_environment_scripts_only(rviz_manager_msgs)
[15.218s] Level 1:colcon.colcon_core.environment:checking '/home/mtouri/ros2_ws_humble/install/rviz_manager_msgs' for CMake module files
[15.218s] Level 1:colcon.colcon_core.environment:checking '/home/mtouri/ros2_ws_humble/install/rviz_manager_msgs' for CMake config files
[15.219s] Level 1:colcon.colcon_core.shell:create_environment_hook('rviz_manager_msgs', 'cmake_prefix_path')
[15.219s] INFO:colcon.colcon_core.shell:Creating environment hook '/home/mtouri/ros2_ws_humble/install/rviz_manager_msgs/share/rviz_manager_msgs/hook/cmake_prefix_path.ps1'
[15.220s] INFO:colcon.colcon_core.shell:Creating environment descriptor '/home/mtouri/ros2_ws_humble/install/rviz_manager_msgs/share/rviz_manager_msgs/hook/cmake_prefix_path.dsv'
[15.220s] INFO:colcon.colcon_core.shell:Creating environment hook '/home/mtouri/ros2_ws_humble/install/rviz_manager_msgs/share/rviz_manager_msgs/hook/cmake_prefix_path.sh'
[15.221s] Level 1:colcon.colcon_core.environment:checking '/home/mtouri/ros2_ws_humble/install/rviz_manager_msgs/lib'
[15.221s] Level 1:colcon.colcon_core.shell:create_environment_hook('rviz_manager_msgs', 'ld_library_path_lib')
[15.221s] INFO:colcon.colcon_core.shell:Creating environment hook '/home/mtouri/ros2_ws_humble/install/rviz_manager_msgs/share/rviz_manager_msgs/hook/ld_library_path_lib.ps1'
[15.221s] INFO:colcon.colcon_core.shell:Creating environment descriptor '/home/mtouri/ros2_ws_humble/install/rviz_manager_msgs/share/rviz_manager_msgs/hook/ld_library_path_lib.dsv'
[15.222s] INFO:colcon.colcon_core.shell:Creating environment hook '/home/mtouri/ros2_ws_humble/install/rviz_manager_msgs/share/rviz_manager_msgs/hook/ld_library_path_lib.sh'
[15.222s] Level 1:colcon.colcon_core.environment:checking '/home/mtouri/ros2_ws_humble/install/rviz_manager_msgs/bin'
[15.222s] Level 1:colcon.colcon_core.environment:checking '/home/mtouri/ros2_ws_humble/install/rviz_manager_msgs/lib/pkgconfig/rviz_manager_msgs.pc'
[15.223s] Level 1:colcon.colcon_core.environment:checking '/home/mtouri/ros2_ws_humble/install/rviz_manager_msgs/lib/python3.10/site-packages'
[15.223s] Level 1:colcon.colcon_core.environment:checking '/home/mtouri/ros2_ws_humble/install/rviz_manager_msgs/bin'
[15.223s] INFO:colcon.colcon_core.shell:Creating package script '/home/mtouri/ros2_ws_humble/install/rviz_manager_msgs/share/rviz_manager_msgs/package.ps1'
[15.224s] INFO:colcon.colcon_core.shell:Creating package descriptor '/home/mtouri/ros2_ws_humble/install/rviz_manager_msgs/share/rviz_manager_msgs/package.dsv'
[15.225s] INFO:colcon.colcon_core.shell:Creating package script '/home/mtouri/ros2_ws_humble/install/rviz_manager_msgs/share/rviz_manager_msgs/package.sh'
[15.225s] INFO:colcon.colcon_core.shell:Creating package script '/home/mtouri/ros2_ws_humble/install/rviz_manager_msgs/share/rviz_manager_msgs/package.bash'
[15.226s] INFO:colcon.colcon_core.shell:Creating package script '/home/mtouri/ros2_ws_humble/install/rviz_manager_msgs/share/rviz_manager_msgs/package.zsh'
[15.226s] Level 1:colcon.colcon_core.environment:create_file_with_runtime_dependencies(/home/mtouri/ros2_ws_humble/install/rviz_manager_msgs/share/colcon-core/packages/rviz_manager_msgs)
[15.751s] DEBUG:colcon.colcon_core.event_handler.log_command:Invoking command in '/home/mtouri/ros2_ws_humble/build/circular_carrier_control': AMENT_PREFIX_PATH=/home/mtouri/ros2_ws_humble/install/nanotec_driver:/home/mtouri/spot_ws/install/synchros2_tutorials_example:/home/mtouri/spot_ws/install/synchros2_tutorials_interfaces_example:/home/mtouri/spot_ws/install/spot_driver:/home/mtouri/spot_ws/install/spot_ros2_control:/home/mtouri/spot_ws/install/spot_examples:/home/mtouri/spot_ws/install/spot_common:/home/mtouri/spot_ws/install/synchros2:/home/mtouri/spot_ws/install/spot_rviz_plugins:/home/mtouri/spot_ws/install/spot_hardware_interface:/home/mtouri/spot_ws/install/spot_controllers:/home/mtouri/spot_ws/install/spot_msgs:/home/mtouri/spot_ws/install/spot_description:/home/mtouri/ros2_ws_humble/install/rviz_manager_msgs:/home/mtouri/ros2_ws_humble/install/rviz_manager:/home/mtouri/ros2_ws_humble/install/ros_babel_fish_test_msgs:/home/mtouri/ros2_ws_humble/install/nimblbot_control:/home/mtouri/ros2_ws_humble/install/nimblbot_utils:/home/mtouri/ros2_ws_humble/install/nimblbot_simulation_scenes:/home/mtouri/ros2_ws_humble/install/nimblbot_path_follow:/home/mtouri/ros2_ws_humble/install/nimblbot_bringup:/home/mtouri/ros2_ws_humble/install/nimblbot_kinematics:/home/mtouri/ros2_ws_humble/install/nimblbot_driver:/home/mtouri/ros2_ws_humble/install/nimblbot_description:/home/mtouri/ros2_ws_humble/install/circular_carrier_control:/home/mtouri/ros2_ws_humble/install/nanotec_msgs:/home/mtouri/ros2_ws_humble/install/circular_carrier_msgs:/home/mtouri/ros2_ws_humble/install/circular_carrier_bringup:/home/mtouri/ros2_ws_humble/install/circular_carrier_description:/opt/ros/humble CMAKE_PREFIX_PATH=/home/mtouri/ros2_ws_humble/install/nanotec_msgs:/home/mtouri/spot_ws/install/synchros2_tutorials_interfaces_example:/home/mtouri/spot_ws/install/spot_driver:/home/mtouri/spot_ws/install/spot_ros2_control:/home/mtouri/spot_ws/install/spot_rviz_plugins:/home/mtouri/spot_ws/install/spot_hardware_interface:/home/mtouri/spot_ws/install/spot_controllers:/home/mtouri/spot_ws/install/spot_msgs:/home/mtouri/spot_ws/install/spot_description:/home/mtouri/ros2_ws_humble/install/rviz_manager_msgs:/home/mtouri/ros2_ws_humble/install/ros_babel_fish_test_msgs:/home/mtouri/ros2_ws_humble/install/nimblbot_bringup:/home/mtouri/ros2_ws_humble/install/nimblbot_description:/home/mtouri/ros2_ws_humble/install/circular_carrier_msgs:/home/mtouri/ros2_ws_humble/install/circular_carrier_bringup:/home/mtouri/ros2_ws_humble/install/circular_carrier_description LD_LIBRARY_PATH=/home/mtouri/ros2_ws_humble/install/nanotec_msgs/lib:/home/mtouri/spot_ws/install/synchros2_tutorials_interfaces_example/lib:/home/mtouri/spot_ws/install/spot_driver/lib:/home/mtouri/spot_ws/install/spot_ros2_control/lib:/home/mtouri/spot_ws/install/spot_rviz_plugins/lib:/home/mtouri/spot_ws/install/spot_hardware_interface/lib:/home/mtouri/spot_ws/install/spot_controllers/lib:/home/mtouri/spot_ws/install/spot_msgs/lib:/home/mtouri/ros2_ws_humble/install/rviz_manager_msgs/lib:/home/mtouri/ros2_ws_humble/install/ros_babel_fish_test_msgs/lib:/opt/ros/humble/opt/rviz_ogre_vendor/lib:/opt/ros/humble/lib/x86_64-linux-gnu:/opt/spot-cpp-sdk/lib:/opt/ros/humble/lib:/usr/lib PYTHONPATH=/home/mtouri/ros2_ws_humble/build/circular_carrier_control/prefix_override:/usr/lib/python3/dist-packages/colcon_core/task/python/colcon_distutils_commands:/home/mtouri/ros2_ws_humble/install/circular_carrier_control/lib/python3.10/site-packages:/home/mtouri/ros2_ws_humble/build/nanotec_driver:/home/mtouri/ros2_ws_humble/install/nanotec_driver/lib/python3.10/site-packages:/home/mtouri/spot_ws/build/synchros2_tutorials_example:/home/mtouri/spot_ws/install/synchros2_tutorials_example/lib/python3.10/site-packages:/home/mtouri/spot_ws/install/synchros2_tutorials_interfaces_example/local/lib/python3.10/dist-packages:/home/mtouri/spot_ws/install/spot_driver/local/lib/python3.10/dist-packages:/home/mtouri/spot_ws/build/spot_examples:/home/mtouri/spot_ws/install/spot_examples/lib/python3.10/site-packages:/home/mtouri/spot_ws/build/spot_common:/home/mtouri/spot_ws/install/spot_common/lib/python3.10/site-packages:/home/mtouri/spot_ws/build/synchros2:/home/mtouri/spot_ws/install/synchros2/lib/python3.10/site-packages:/home/mtouri/spot_ws/build/spot_wrapper:/home/mtouri/spot_ws/install/spot_wrapper/lib/python3.10/site-packages:/home/mtouri/spot_ws/install/spot_msgs/local/lib/python3.10/dist-packages:/home/mtouri/ros2_ws_humble/install/rviz_manager_msgs/local/lib/python3.10/dist-packages:/home/mtouri/ros2_ws_humble/build/rviz_manager:/home/mtouri/ros2_ws_humble/install/rviz_manager/lib/python3.10/site-packages:/home/mtouri/ros2_ws_humble/install/ros_babel_fish_test_msgs/local/lib/python3.10/dist-packages:/home/mtouri/ros2_ws_humble/build/nimblbot_control:/home/mtouri/ros2_ws_humble/install/nimblbot_control/lib/python3.10/site-packages:/home/mtouri/ros2_ws_humble/build/nimblbot_utils:/home/mtouri/ros2_ws_humble/install/nimblbot_utils/lib/python3.10/site-packages:/home/mtouri/ros2_ws_humble/build/nimblbot_simulation_scenes:/home/mtouri/ros2_ws_humble/install/nimblbot_simulation_scenes/lib/python3.10/site-packages:/home/mtouri/ros2_ws_humble/build/nimblbot_path_follow:/home/mtouri/ros2_ws_humble/install/nimblbot_path_follow/lib/python3.10/site-packages:/home/mtouri/ros2_ws_humble/build/nimblbot_kinematics:/home/mtouri/ros2_ws_humble/install/nimblbot_kinematics/lib/python3.10/site-packages:/home/mtouri/ros2_ws_humble/build/nimblbot_driver:/home/mtouri/ros2_ws_humble/install/nimblbot_driver/lib/python3.10/site-packages:/home/mtouri/ros2_ws_humble/install/nimblbot_description/local/lib/python3.10/dist-packages:/home/mtouri/ros2_ws_humble/build/circular_carrier_control:/home/mtouri/ros2_ws_humble/install/circular_carrier_control/lib/python3.10/site-packages:/home/mtouri/ros2_ws_humble/install/nanotec_msgs/local/lib/python3.10/dist-packages:/opt/ros/humble/lib/python3.10/site-packages:/opt/ros/humble/local/lib/python3.10/dist-packages /usr/bin/python3 -W ignore:setup.py install is deprecated -W ignore:easy_install command is deprecated setup.py develop --editable --build-directory /home/mtouri/ros2_ws_humble/build/circular_carrier_control/build --no-deps symlink_data
[16.189s] DEBUG:colcon.colcon_core.event_handler.log_command:Invoked command in '/home/mtouri/ros2_ws_humble/build/ros_babel_fish_test_msgs' returned '0': CMAKE_PREFIX_PATH=${CMAKE_PREFIX_PATH}:/home/mtouri/spot_ws/install/synchros2_tutorials_example:/home/mtouri/spot_ws/install/spot_examples:/home/mtouri/spot_ws/install/spot_common:/home/mtouri/spot_ws/install/synchros2:/home/mtouri/ros2_ws_humble/install/rviz_manager:/home/mtouri/ros2_ws_humble/install/nimblbot_control:/home/mtouri/ros2_ws_humble/install/nimblbot_utils:/home/mtouri/ros2_ws_humble/install/nimblbot_simulation_scenes:/home/mtouri/ros2_ws_humble/install/nimblbot_path_follow:/home/mtouri/ros2_ws_humble/install/nimblbot_kinematics:/home/mtouri/ros2_ws_humble/install/nimblbot_driver:/home/mtouri/ros2_ws_humble/install/circular_carrier_control:/home/mtouri/ros2_ws_humble/install/nanotec_driver:/opt/ros/humble /usr/bin/cmake --build /home/mtouri/ros2_ws_humble/build/ros_babel_fish_test_msgs -- -j16 -l16
[16.192s] DEBUG:colcon.colcon_core.event_handler.log_command:Invoking command in '/home/mtouri/ros2_ws_humble/build/ros_babel_fish_test_msgs': CMAKE_PREFIX_PATH=${CMAKE_PREFIX_PATH}:/home/mtouri/spot_ws/install/synchros2_tutorials_example:/home/mtouri/spot_ws/install/spot_examples:/home/mtouri/spot_ws/install/spot_common:/home/mtouri/spot_ws/install/synchros2:/home/mtouri/ros2_ws_humble/install/rviz_manager:/home/mtouri/ros2_ws_humble/install/nimblbot_control:/home/mtouri/ros2_ws_humble/install/nimblbot_utils:/home/mtouri/ros2_ws_humble/install/nimblbot_simulation_scenes:/home/mtouri/ros2_ws_humble/install/nimblbot_path_follow:/home/mtouri/ros2_ws_humble/install/nimblbot_kinematics:/home/mtouri/ros2_ws_humble/install/nimblbot_driver:/home/mtouri/ros2_ws_humble/install/circular_carrier_control:/home/mtouri/ros2_ws_humble/install/nanotec_driver:/opt/ros/humble /usr/bin/cmake --install /home/mtouri/ros2_ws_humble/build/ros_babel_fish_test_msgs
[16.581s] Level 1:colcon.colcon_core.shell:create_environment_hook('circular_carrier_control', 'pythonpath_develop')
[16.582s] INFO:colcon.colcon_core.shell:Creating environment hook '/home/mtouri/ros2_ws_humble/build/circular_carrier_control/share/circular_carrier_control/hook/pythonpath_develop.ps1'
[16.582s] DEBUG:colcon.colcon_core.event_handler.log_command:Invoked command in '/home/mtouri/ros2_ws_humble/build/circular_carrier_control' returned '0': AMENT_PREFIX_PATH=/home/mtouri/ros2_ws_humble/install/nanotec_driver:/home/mtouri/spot_ws/install/synchros2_tutorials_example:/home/mtouri/spot_ws/install/synchros2_tutorials_interfaces_example:/home/mtouri/spot_ws/install/spot_driver:/home/mtouri/spot_ws/install/spot_ros2_control:/home/mtouri/spot_ws/install/spot_examples:/home/mtouri/spot_ws/install/spot_common:/home/mtouri/spot_ws/install/synchros2:/home/mtouri/spot_ws/install/spot_rviz_plugins:/home/mtouri/spot_ws/install/spot_hardware_interface:/home/mtouri/spot_ws/install/spot_controllers:/home/mtouri/spot_ws/install/spot_msgs:/home/mtouri/spot_ws/install/spot_description:/home/mtouri/ros2_ws_humble/install/rviz_manager_msgs:/home/mtouri/ros2_ws_humble/install/rviz_manager:/home/mtouri/ros2_ws_humble/install/ros_babel_fish_test_msgs:/home/mtouri/ros2_ws_humble/install/nimblbot_control:/home/mtouri/ros2_ws_humble/install/nimblbot_utils:/home/mtouri/ros2_ws_humble/install/nimblbot_simulation_scenes:/home/mtouri/ros2_ws_humble/install/nimblbot_path_follow:/home/mtouri/ros2_ws_humble/install/nimblbot_bringup:/home/mtouri/ros2_ws_humble/install/nimblbot_kinematics:/home/mtouri/ros2_ws_humble/install/nimblbot_driver:/home/mtouri/ros2_ws_humble/install/nimblbot_description:/home/mtouri/ros2_ws_humble/install/circular_carrier_control:/home/mtouri/ros2_ws_humble/install/nanotec_msgs:/home/mtouri/ros2_ws_humble/install/circular_carrier_msgs:/home/mtouri/ros2_ws_humble/install/circular_carrier_bringup:/home/mtouri/ros2_ws_humble/install/circular_carrier_description:/opt/ros/humble CMAKE_PREFIX_PATH=/home/mtouri/ros2_ws_humble/install/nanotec_msgs:/home/mtouri/spot_ws/install/synchros2_tutorials_interfaces_example:/home/mtouri/spot_ws/install/spot_driver:/home/mtouri/spot_ws/install/spot_ros2_control:/home/mtouri/spot_ws/install/spot_rviz_plugins:/home/mtouri/spot_ws/install/spot_hardware_interface:/home/mtouri/spot_ws/install/spot_controllers:/home/mtouri/spot_ws/install/spot_msgs:/home/mtouri/spot_ws/install/spot_description:/home/mtouri/ros2_ws_humble/install/rviz_manager_msgs:/home/mtouri/ros2_ws_humble/install/ros_babel_fish_test_msgs:/home/mtouri/ros2_ws_humble/install/nimblbot_bringup:/home/mtouri/ros2_ws_humble/install/nimblbot_description:/home/mtouri/ros2_ws_humble/install/circular_carrier_msgs:/home/mtouri/ros2_ws_humble/install/circular_carrier_bringup:/home/mtouri/ros2_ws_humble/install/circular_carrier_description LD_LIBRARY_PATH=/home/mtouri/ros2_ws_humble/install/nanotec_msgs/lib:/home/mtouri/spot_ws/install/synchros2_tutorials_interfaces_example/lib:/home/mtouri/spot_ws/install/spot_driver/lib:/home/mtouri/spot_ws/install/spot_ros2_control/lib:/home/mtouri/spot_ws/install/spot_rviz_plugins/lib:/home/mtouri/spot_ws/install/spot_hardware_interface/lib:/home/mtouri/spot_ws/install/spot_controllers/lib:/home/mtouri/spot_ws/install/spot_msgs/lib:/home/mtouri/ros2_ws_humble/install/rviz_manager_msgs/lib:/home/mtouri/ros2_ws_humble/install/ros_babel_fish_test_msgs/lib:/opt/ros/humble/opt/rviz_ogre_vendor/lib:/opt/ros/humble/lib/x86_64-linux-gnu:/opt/spot-cpp-sdk/lib:/opt/ros/humble/lib:/usr/lib PYTHONPATH=/home/mtouri/ros2_ws_humble/build/circular_carrier_control/prefix_override:/usr/lib/python3/dist-packages/colcon_core/task/python/colcon_distutils_commands:/home/mtouri/ros2_ws_humble/install/circular_carrier_control/lib/python3.10/site-packages:/home/mtouri/ros2_ws_humble/build/nanotec_driver:/home/mtouri/ros2_ws_humble/install/nanotec_driver/lib/python3.10/site-packages:/home/mtouri/spot_ws/build/synchros2_tutorials_example:/home/mtouri/spot_ws/install/synchros2_tutorials_example/lib/python3.10/site-packages:/home/mtouri/spot_ws/install/synchros2_tutorials_interfaces_example/local/lib/python3.10/dist-packages:/home/mtouri/spot_ws/install/spot_driver/local/lib/python3.10/dist-packages:/home/mtouri/spot_ws/build/spot_examples:/home/mtouri/spot_ws/install/spot_examples/lib/python3.10/site-packages:/home/mtouri/spot_ws/build/spot_common:/home/mtouri/spot_ws/install/spot_common/lib/python3.10/site-packages:/home/mtouri/spot_ws/build/synchros2:/home/mtouri/spot_ws/install/synchros2/lib/python3.10/site-packages:/home/mtouri/spot_ws/build/spot_wrapper:/home/mtouri/spot_ws/install/spot_wrapper/lib/python3.10/site-packages:/home/mtouri/spot_ws/install/spot_msgs/local/lib/python3.10/dist-packages:/home/mtouri/ros2_ws_humble/install/rviz_manager_msgs/local/lib/python3.10/dist-packages:/home/mtouri/ros2_ws_humble/build/rviz_manager:/home/mtouri/ros2_ws_humble/install/rviz_manager/lib/python3.10/site-packages:/home/mtouri/ros2_ws_humble/install/ros_babel_fish_test_msgs/local/lib/python3.10/dist-packages:/home/mtouri/ros2_ws_humble/build/nimblbot_control:/home/mtouri/ros2_ws_humble/install/nimblbot_control/lib/python3.10/site-packages:/home/mtouri/ros2_ws_humble/build/nimblbot_utils:/home/mtouri/ros2_ws_humble/install/nimblbot_utils/lib/python3.10/site-packages:/home/mtouri/ros2_ws_humble/build/nimblbot_simulation_scenes:/home/mtouri/ros2_ws_humble/install/nimblbot_simulation_scenes/lib/python3.10/site-packages:/home/mtouri/ros2_ws_humble/build/nimblbot_path_follow:/home/mtouri/ros2_ws_humble/install/nimblbot_path_follow/lib/python3.10/site-packages:/home/mtouri/ros2_ws_humble/build/nimblbot_kinematics:/home/mtouri/ros2_ws_humble/install/nimblbot_kinematics/lib/python3.10/site-packages:/home/mtouri/ros2_ws_humble/build/nimblbot_driver:/home/mtouri/ros2_ws_humble/install/nimblbot_driver/lib/python3.10/site-packages:/home/mtouri/ros2_ws_humble/install/nimblbot_description/local/lib/python3.10/dist-packages:/home/mtouri/ros2_ws_humble/build/circular_carrier_control:/home/mtouri/ros2_ws_humble/install/circular_carrier_control/lib/python3.10/site-packages:/home/mtouri/ros2_ws_humble/install/nanotec_msgs/local/lib/python3.10/dist-packages:/opt/ros/humble/lib/python3.10/site-packages:/opt/ros/humble/local/lib/python3.10/dist-packages /usr/bin/python3 -W ignore:setup.py install is deprecated -W ignore:easy_install command is deprecated setup.py develop --editable --build-directory /home/mtouri/ros2_ws_humble/build/circular_carrier_control/build --no-deps symlink_data
[16.583s] INFO:colcon.colcon_core.shell:Creating environment descriptor '/home/mtouri/ros2_ws_humble/build/circular_carrier_control/share/circular_carrier_control/hook/pythonpath_develop.dsv'
[16.584s] INFO:colcon.colcon_core.shell:Creating environment hook '/home/mtouri/ros2_ws_humble/build/circular_carrier_control/share/circular_carrier_control/hook/pythonpath_develop.sh'
[16.585s] Level 1:colcon.colcon_core.environment:checking '/home/mtouri/ros2_ws_humble/install/circular_carrier_control' for CMake module files
[16.586s] Level 1:colcon.colcon_core.environment:checking '/home/mtouri/ros2_ws_humble/install/circular_carrier_control' for CMake config files
[16.586s] Level 1:colcon.colcon_core.environment:checking '/home/mtouri/ros2_ws_humble/install/circular_carrier_control/lib'
[16.586s] Level 1:colcon.colcon_core.environment:checking '/home/mtouri/ros2_ws_humble/install/circular_carrier_control/bin'
[16.586s] Level 1:colcon.colcon_core.environment:checking '/home/mtouri/ros2_ws_humble/install/circular_carrier_control/lib/pkgconfig/circular_carrier_control.pc'
[16.587s] Level 1:colcon.colcon_core.environment:checking '/home/mtouri/ros2_ws_humble/install/circular_carrier_control/lib/python3.10/site-packages'
[16.587s] Level 1:colcon.colcon_core.shell:create_environment_hook('circular_carrier_control', 'pythonpath')
[16.587s] INFO:colcon.colcon_core.shell:Creating environment hook '/home/mtouri/ros2_ws_humble/install/circular_carrier_control/share/circular_carrier_control/hook/pythonpath.ps1'
[16.588s] INFO:colcon.colcon_core.shell:Creating environment descriptor '/home/mtouri/ros2_ws_humble/install/circular_carrier_control/share/circular_carrier_control/hook/pythonpath.dsv'
[16.588s] INFO:colcon.colcon_core.shell:Creating environment hook '/home/mtouri/ros2_ws_humble/install/circular_carrier_control/share/circular_carrier_control/hook/pythonpath.sh'
[16.589s] Level 1:colcon.colcon_core.environment:checking '/home/mtouri/ros2_ws_humble/install/circular_carrier_control/bin'
[16.589s] Level 1:colcon.colcon_core.environment:create_environment_scripts_only(circular_carrier_control)
[16.589s] INFO:colcon.colcon_core.shell:Creating package script '/home/mtouri/ros2_ws_humble/install/circular_carrier_control/share/circular_carrier_control/package.ps1'
[16.590s] INFO:colcon.colcon_core.shell:Creating package descriptor '/home/mtouri/ros2_ws_humble/install/circular_carrier_control/share/circular_carrier_control/package.dsv'
[16.591s] INFO:colcon.colcon_core.shell:Creating package script '/home/mtouri/ros2_ws_humble/install/circular_carrier_control/share/circular_carrier_control/package.sh'
[16.591s] INFO:colcon.colcon_core.shell:Creating package script '/home/mtouri/ros2_ws_humble/install/circular_carrier_control/share/circular_carrier_control/package.bash'
[16.592s] INFO:colcon.colcon_core.shell:Creating package script '/home/mtouri/ros2_ws_humble/install/circular_carrier_control/share/circular_carrier_control/package.zsh'
[16.592s] Level 1:colcon.colcon_core.environment:create_file_with_runtime_dependencies(/home/mtouri/ros2_ws_humble/install/circular_carrier_control/share/colcon-core/packages/circular_carrier_control)
[18.374s] Level 1:colcon.colcon_core.environment:create_environment_scripts_only(ros_babel_fish_test_msgs)
[18.374s] Level 1:colcon.colcon_core.environment:checking '/home/mtouri/ros2_ws_humble/install/ros_babel_fish_test_msgs' for CMake module files
[18.375s] DEBUG:colcon.colcon_core.event_handler.log_command:Invoked command in '/home/mtouri/ros2_ws_humble/build/ros_babel_fish_test_msgs' returned '0': CMAKE_PREFIX_PATH=${CMAKE_PREFIX_PATH}:/home/mtouri/spot_ws/install/synchros2_tutorials_example:/home/mtouri/spot_ws/install/spot_examples:/home/mtouri/spot_ws/install/spot_common:/home/mtouri/spot_ws/install/synchros2:/home/mtouri/ros2_ws_humble/install/rviz_manager:/home/mtouri/ros2_ws_humble/install/nimblbot_control:/home/mtouri/ros2_ws_humble/install/nimblbot_utils:/home/mtouri/ros2_ws_humble/install/nimblbot_simulation_scenes:/home/mtouri/ros2_ws_humble/install/nimblbot_path_follow:/home/mtouri/ros2_ws_humble/install/nimblbot_kinematics:/home/mtouri/ros2_ws_humble/install/nimblbot_driver:/home/mtouri/ros2_ws_humble/install/circular_carrier_control:/home/mtouri/ros2_ws_humble/install/nanotec_driver:/opt/ros/humble /usr/bin/cmake --install /home/mtouri/ros2_ws_humble/build/ros_babel_fish_test_msgs
[18.376s] Level 1:colcon.colcon_core.environment:checking '/home/mtouri/ros2_ws_humble/install/ros_babel_fish_test_msgs' for CMake config files
[18.376s] Level 1:colcon.colcon_core.shell:create_environment_hook('ros_babel_fish_test_msgs', 'cmake_prefix_path')
[18.377s] INFO:colcon.colcon_core.shell:Creating environment hook '/home/mtouri/ros2_ws_humble/install/ros_babel_fish_test_msgs/share/ros_babel_fish_test_msgs/hook/cmake_prefix_path.ps1'
[18.378s] INFO:colcon.colcon_core.shell:Creating environment descriptor '/home/mtouri/ros2_ws_humble/install/ros_babel_fish_test_msgs/share/ros_babel_fish_test_msgs/hook/cmake_prefix_path.dsv'
[18.378s] INFO:colcon.colcon_core.shell:Creating environment hook '/home/mtouri/ros2_ws_humble/install/ros_babel_fish_test_msgs/share/ros_babel_fish_test_msgs/hook/cmake_prefix_path.sh'
[18.379s] Level 1:colcon.colcon_core.environment:checking '/home/mtouri/ros2_ws_humble/install/ros_babel_fish_test_msgs/lib'
[18.379s] Level 1:colcon.colcon_core.shell:create_environment_hook('ros_babel_fish_test_msgs', 'ld_library_path_lib')
[18.379s] INFO:colcon.colcon_core.shell:Creating environment hook '/home/mtouri/ros2_ws_humble/install/ros_babel_fish_test_msgs/share/ros_babel_fish_test_msgs/hook/ld_library_path_lib.ps1'
[18.380s] INFO:colcon.colcon_core.shell:Creating environment descriptor '/home/mtouri/ros2_ws_humble/install/ros_babel_fish_test_msgs/share/ros_babel_fish_test_msgs/hook/ld_library_path_lib.dsv'
[18.380s] INFO:colcon.colcon_core.shell:Creating environment hook '/home/mtouri/ros2_ws_humble/install/ros_babel_fish_test_msgs/share/ros_babel_fish_test_msgs/hook/ld_library_path_lib.sh'
[18.380s] Level 1:colcon.colcon_core.environment:checking '/home/mtouri/ros2_ws_humble/install/ros_babel_fish_test_msgs/bin'
[18.381s] Level 1:colcon.colcon_core.environment:checking '/home/mtouri/ros2_ws_humble/install/ros_babel_fish_test_msgs/lib/pkgconfig/ros_babel_fish_test_msgs.pc'
[18.381s] Level 1:colcon.colcon_core.environment:checking '/home/mtouri/ros2_ws_humble/install/ros_babel_fish_test_msgs/lib/python3.10/site-packages'
[18.381s] Level 1:colcon.colcon_core.environment:checking '/home/mtouri/ros2_ws_humble/install/ros_babel_fish_test_msgs/bin'
[18.382s] INFO:colcon.colcon_core.shell:Creating package script '/home/mtouri/ros2_ws_humble/install/ros_babel_fish_test_msgs/share/ros_babel_fish_test_msgs/package.ps1'
[18.382s] INFO:colcon.colcon_core.shell:Creating package descriptor '/home/mtouri/ros2_ws_humble/install/ros_babel_fish_test_msgs/share/ros_babel_fish_test_msgs/package.dsv'
[18.383s] INFO:colcon.colcon_core.shell:Creating package script '/home/mtouri/ros2_ws_humble/install/ros_babel_fish_test_msgs/share/ros_babel_fish_test_msgs/package.sh'
[18.383s] INFO:colcon.colcon_core.shell:Creating package script '/home/mtouri/ros2_ws_humble/install/ros_babel_fish_test_msgs/share/ros_babel_fish_test_msgs/package.bash'
[18.384s] INFO:colcon.colcon_core.shell:Creating package script '/home/mtouri/ros2_ws_humble/install/ros_babel_fish_test_msgs/share/ros_babel_fish_test_msgs/package.zsh'
[18.384s] Level 1:colcon.colcon_core.environment:create_file_with_runtime_dependencies(/home/mtouri/ros2_ws_humble/install/ros_babel_fish_test_msgs/share/colcon-core/packages/ros_babel_fish_test_msgs)
[18.385s] Level 1:colcon.colcon_core.environment:create_environment_scripts_only(ros_babel_fish_test_msgs)
[18.386s] Level 1:colcon.colcon_core.environment:checking '/home/mtouri/ros2_ws_humble/install/ros_babel_fish_test_msgs' for CMake module files
[18.386s] Level 1:colcon.colcon_core.environment:checking '/home/mtouri/ros2_ws_humble/install/ros_babel_fish_test_msgs' for CMake config files
[18.387s] Level 1:colcon.colcon_core.shell:create_environment_hook('ros_babel_fish_test_msgs', 'cmake_prefix_path')
[18.387s] INFO:colcon.colcon_core.shell:Creating environment hook '/home/mtouri/ros2_ws_humble/install/ros_babel_fish_test_msgs/share/ros_babel_fish_test_msgs/hook/cmake_prefix_path.ps1'
[18.388s] INFO:colcon.colcon_core.shell:Creating environment descriptor '/home/mtouri/ros2_ws_humble/install/ros_babel_fish_test_msgs/share/ros_babel_fish_test_msgs/hook/cmake_prefix_path.dsv'
[18.388s] INFO:colcon.colcon_core.shell:Creating environment hook '/home/mtouri/ros2_ws_humble/install/ros_babel_fish_test_msgs/share/ros_babel_fish_test_msgs/hook/cmake_prefix_path.sh'
[18.389s] Level 1:colcon.colcon_core.environment:checking '/home/mtouri/ros2_ws_humble/install/ros_babel_fish_test_msgs/lib'
[18.389s] Level 1:colcon.colcon_core.shell:create_environment_hook('ros_babel_fish_test_msgs', 'ld_library_path_lib')
[18.389s] INFO:colcon.colcon_core.shell:Creating environment hook '/home/mtouri/ros2_ws_humble/install/ros_babel_fish_test_msgs/share/ros_babel_fish_test_msgs/hook/ld_library_path_lib.ps1'
[18.390s] INFO:colcon.colcon_core.shell:Creating environment descriptor '/home/mtouri/ros2_ws_humble/install/ros_babel_fish_test_msgs/share/ros_babel_fish_test_msgs/hook/ld_library_path_lib.dsv'
[18.390s] INFO:colcon.colcon_core.shell:Creating environment hook '/home/mtouri/ros2_ws_humble/install/ros_babel_fish_test_msgs/share/ros_babel_fish_test_msgs/hook/ld_library_path_lib.sh'
[18.390s] Level 1:colcon.colcon_core.environment:checking '/home/mtouri/ros2_ws_humble/install/ros_babel_fish_test_msgs/bin'
[18.391s] Level 1:colcon.colcon_core.environment:checking '/home/mtouri/ros2_ws_humble/install/ros_babel_fish_test_msgs/lib/pkgconfig/ros_babel_fish_test_msgs.pc'
[18.391s] Level 1:colcon.colcon_core.environment:checking '/home/mtouri/ros2_ws_humble/install/ros_babel_fish_test_msgs/lib/python3.10/site-packages'
[18.391s] Level 1:colcon.colcon_core.environment:checking '/home/mtouri/ros2_ws_humble/install/ros_babel_fish_test_msgs/bin'
[18.392s] INFO:colcon.colcon_core.shell:Creating package script '/home/mtouri/ros2_ws_humble/install/ros_babel_fish_test_msgs/share/ros_babel_fish_test_msgs/package.ps1'
[18.392s] INFO:colcon.colcon_core.shell:Creating package descriptor '/home/mtouri/ros2_ws_humble/install/ros_babel_fish_test_msgs/share/ros_babel_fish_test_msgs/package.dsv'
[18.393s] INFO:colcon.colcon_core.shell:Creating package script '/home/mtouri/ros2_ws_humble/install/ros_babel_fish_test_msgs/share/ros_babel_fish_test_msgs/package.sh'
[18.394s] INFO:colcon.colcon_core.shell:Creating package script '/home/mtouri/ros2_ws_humble/install/ros_babel_fish_test_msgs/share/ros_babel_fish_test_msgs/package.bash'
[18.394s] INFO:colcon.colcon_core.shell:Creating package script '/home/mtouri/ros2_ws_humble/install/ros_babel_fish_test_msgs/share/ros_babel_fish_test_msgs/package.zsh'
[18.394s] Level 1:colcon.colcon_core.environment:create_file_with_runtime_dependencies(/home/mtouri/ros2_ws_humble/install/ros_babel_fish_test_msgs/share/colcon-core/packages/ros_babel_fish_test_msgs)
[24.356s] DEBUG:colcon.colcon_core.event_handler.log_command:Invoked command in '/home/mtouri/ros2_ws_humble/build/hector_rviz_overlay' returned '0': CMAKE_PREFIX_PATH=${CMAKE_PREFIX_PATH}:/home/mtouri/spot_ws/install/synchros2_tutorials_example:/home/mtouri/spot_ws/install/spot_examples:/home/mtouri/spot_ws/install/spot_common:/home/mtouri/spot_ws/install/synchros2:/home/mtouri/ros2_ws_humble/install/rviz_manager:/home/mtouri/ros2_ws_humble/install/nimblbot_control:/home/mtouri/ros2_ws_humble/install/nimblbot_utils:/home/mtouri/ros2_ws_humble/install/nimblbot_simulation_scenes:/home/mtouri/ros2_ws_humble/install/nimblbot_path_follow:/home/mtouri/ros2_ws_humble/install/nimblbot_kinematics:/home/mtouri/ros2_ws_humble/install/nimblbot_driver:/home/mtouri/ros2_ws_humble/install/circular_carrier_control:/home/mtouri/ros2_ws_humble/install/nanotec_driver:/opt/ros/humble /usr/bin/cmake --build /home/mtouri/ros2_ws_humble/build/hector_rviz_overlay -- -j16 -l16
[24.357s] DEBUG:colcon.colcon_core.event_handler.log_command:Invoking command in '/home/mtouri/ros2_ws_humble/build/hector_rviz_overlay': CMAKE_PREFIX_PATH=${CMAKE_PREFIX_PATH}:/home/mtouri/spot_ws/install/synchros2_tutorials_example:/home/mtouri/spot_ws/install/spot_examples:/home/mtouri/spot_ws/install/spot_common:/home/mtouri/spot_ws/install/synchros2:/home/mtouri/ros2_ws_humble/install/rviz_manager:/home/mtouri/ros2_ws_humble/install/nimblbot_control:/home/mtouri/ros2_ws_humble/install/nimblbot_utils:/home/mtouri/ros2_ws_humble/install/nimblbot_simulation_scenes:/home/mtouri/ros2_ws_humble/install/nimblbot_path_follow:/home/mtouri/ros2_ws_humble/install/nimblbot_kinematics:/home/mtouri/ros2_ws_humble/install/nimblbot_driver:/home/mtouri/ros2_ws_humble/install/circular_carrier_control:/home/mtouri/ros2_ws_humble/install/nanotec_driver:/opt/ros/humble /usr/bin/cmake --install /home/mtouri/ros2_ws_humble/build/hector_rviz_overlay
[24.911s] Level 1:colcon.colcon_core.environment:create_environment_scripts_only(hector_rviz_overlay)
[24.911s] Level 1:colcon.colcon_core.environment:checking '/home/mtouri/ros2_ws_humble/install/hector_rviz_overlay' for CMake module files
[24.912s] DEBUG:colcon.colcon_core.event_handler.log_command:Invoked command in '/home/mtouri/ros2_ws_humble/build/hector_rviz_overlay' returned '0': CMAKE_PREFIX_PATH=${CMAKE_PREFIX_PATH}:/home/mtouri/spot_ws/install/synchros2_tutorials_example:/home/mtouri/spot_ws/install/spot_examples:/home/mtouri/spot_ws/install/spot_common:/home/mtouri/spot_ws/install/synchros2:/home/mtouri/ros2_ws_humble/install/rviz_manager:/home/mtouri/ros2_ws_humble/install/nimblbot_control:/home/mtouri/ros2_ws_humble/install/nimblbot_utils:/home/mtouri/ros2_ws_humble/install/nimblbot_simulation_scenes:/home/mtouri/ros2_ws_humble/install/nimblbot_path_follow:/home/mtouri/ros2_ws_humble/install/nimblbot_kinematics:/home/mtouri/ros2_ws_humble/install/nimblbot_driver:/home/mtouri/ros2_ws_humble/install/circular_carrier_control:/home/mtouri/ros2_ws_humble/install/nanotec_driver:/opt/ros/humble /usr/bin/cmake --install /home/mtouri/ros2_ws_humble/build/hector_rviz_overlay
[24.912s] Level 1:colcon.colcon_core.environment:checking '/home/mtouri/ros2_ws_humble/install/hector_rviz_overlay' for CMake config files
[24.913s] Level 1:colcon.colcon_core.shell:create_environment_hook('hector_rviz_overlay', 'cmake_prefix_path')
[24.913s] INFO:colcon.colcon_core.shell:Creating environment hook '/home/mtouri/ros2_ws_humble/install/hector_rviz_overlay/share/hector_rviz_overlay/hook/cmake_prefix_path.ps1'
[24.913s] INFO:colcon.colcon_core.shell:Creating environment descriptor '/home/mtouri/ros2_ws_humble/install/hector_rviz_overlay/share/hector_rviz_overlay/hook/cmake_prefix_path.dsv'
[24.913s] INFO:colcon.colcon_core.shell:Creating environment hook '/home/mtouri/ros2_ws_humble/install/hector_rviz_overlay/share/hector_rviz_overlay/hook/cmake_prefix_path.sh'
[24.914s] Level 1:colcon.colcon_core.environment:checking '/home/mtouri/ros2_ws_humble/install/hector_rviz_overlay/lib'
[24.914s] Level 1:colcon.colcon_core.shell:create_environment_hook('hector_rviz_overlay', 'ld_library_path_lib')
[24.914s] INFO:colcon.colcon_core.shell:Creating environment hook '/home/mtouri/ros2_ws_humble/install/hector_rviz_overlay/share/hector_rviz_overlay/hook/ld_library_path_lib.ps1'
[24.914s] INFO:colcon.colcon_core.shell:Creating environment descriptor '/home/mtouri/ros2_ws_humble/install/hector_rviz_overlay/share/hector_rviz_overlay/hook/ld_library_path_lib.dsv'
[24.914s] INFO:colcon.colcon_core.shell:Creating environment hook '/home/mtouri/ros2_ws_humble/install/hector_rviz_overlay/share/hector_rviz_overlay/hook/ld_library_path_lib.sh'
[24.915s] Level 1:colcon.colcon_core.environment:checking '/home/mtouri/ros2_ws_humble/install/hector_rviz_overlay/bin'
[24.915s] Level 1:colcon.colcon_core.environment:checking '/home/mtouri/ros2_ws_humble/install/hector_rviz_overlay/lib/pkgconfig/hector_rviz_overlay.pc'
[24.915s] Level 1:colcon.colcon_core.environment:checking '/home/mtouri/ros2_ws_humble/install/hector_rviz_overlay/lib/python3.10/site-packages'
[24.916s] Level 1:colcon.colcon_core.environment:checking '/home/mtouri/ros2_ws_humble/install/hector_rviz_overlay/bin'
[24.916s] INFO:colcon.colcon_core.shell:Creating package script '/home/mtouri/ros2_ws_humble/install/hector_rviz_overlay/share/hector_rviz_overlay/package.ps1'
[24.917s] INFO:colcon.colcon_core.shell:Creating package descriptor '/home/mtouri/ros2_ws_humble/install/hector_rviz_overlay/share/hector_rviz_overlay/package.dsv'
[24.917s] INFO:colcon.colcon_core.shell:Creating package script '/home/mtouri/ros2_ws_humble/install/hector_rviz_overlay/share/hector_rviz_overlay/package.sh'
[24.917s] INFO:colcon.colcon_core.shell:Creating package script '/home/mtouri/ros2_ws_humble/install/hector_rviz_overlay/share/hector_rviz_overlay/package.bash'
[24.918s] INFO:colcon.colcon_core.shell:Creating package script '/home/mtouri/ros2_ws_humble/install/hector_rviz_overlay/share/hector_rviz_overlay/package.zsh'
[24.918s] Level 1:colcon.colcon_core.environment:create_file_with_runtime_dependencies(/home/mtouri/ros2_ws_humble/install/hector_rviz_overlay/share/colcon-core/packages/hector_rviz_overlay)
[24.918s] Level 1:colcon.colcon_core.environment:create_environment_scripts_only(hector_rviz_overlay)
[24.918s] Level 1:colcon.colcon_core.environment:checking '/home/mtouri/ros2_ws_humble/install/hector_rviz_overlay' for CMake module files
[24.919s] Level 1:colcon.colcon_core.environment:checking '/home/mtouri/ros2_ws_humble/install/hector_rviz_overlay' for CMake config files
[24.919s] Level 1:colcon.colcon_core.shell:create_environment_hook('hector_rviz_overlay', 'cmake_prefix_path')
[24.919s] INFO:colcon.colcon_core.shell:Creating environment hook '/home/mtouri/ros2_ws_humble/install/hector_rviz_overlay/share/hector_rviz_overlay/hook/cmake_prefix_path.ps1'
[24.919s] INFO:colcon.colcon_core.shell:Creating environment descriptor '/home/mtouri/ros2_ws_humble/install/hector_rviz_overlay/share/hector_rviz_overlay/hook/cmake_prefix_path.dsv'
[24.919s] INFO:colcon.colcon_core.shell:Creating environment hook '/home/mtouri/ros2_ws_humble/install/hector_rviz_overlay/share/hector_rviz_overlay/hook/cmake_prefix_path.sh'
[24.920s] Level 1:colcon.colcon_core.environment:checking '/home/mtouri/ros2_ws_humble/install/hector_rviz_overlay/lib'
[24.920s] Level 1:colcon.colcon_core.shell:create_environment_hook('hector_rviz_overlay', 'ld_library_path_lib')
[24.920s] INFO:colcon.colcon_core.shell:Creating environment hook '/home/mtouri/ros2_ws_humble/install/hector_rviz_overlay/share/hector_rviz_overlay/hook/ld_library_path_lib.ps1'
[24.920s] INFO:colcon.colcon_core.shell:Creating environment descriptor '/home/mtouri/ros2_ws_humble/install/hector_rviz_overlay/share/hector_rviz_overlay/hook/ld_library_path_lib.dsv'
[24.921s] INFO:colcon.colcon_core.shell:Creating environment hook '/home/mtouri/ros2_ws_humble/install/hector_rviz_overlay/share/hector_rviz_overlay/hook/ld_library_path_lib.sh'
[24.921s] Level 1:colcon.colcon_core.environment:checking '/home/mtouri/ros2_ws_humble/install/hector_rviz_overlay/bin'
[24.921s] Level 1:colcon.colcon_core.environment:checking '/home/mtouri/ros2_ws_humble/install/hector_rviz_overlay/lib/pkgconfig/hector_rviz_overlay.pc'
[24.921s] Level 1:colcon.colcon_core.environment:checking '/home/mtouri/ros2_ws_humble/install/hector_rviz_overlay/lib/python3.10/site-packages'
[24.921s] Level 1:colcon.colcon_core.environment:checking '/home/mtouri/ros2_ws_humble/install/hector_rviz_overlay/bin'
[24.922s] INFO:colcon.colcon_core.shell:Creating package script '/home/mtouri/ros2_ws_humble/install/hector_rviz_overlay/share/hector_rviz_overlay/package.ps1'
[24.922s] INFO:colcon.colcon_core.shell:Creating package descriptor '/home/mtouri/ros2_ws_humble/install/hector_rviz_overlay/share/hector_rviz_overlay/package.dsv'
[24.922s] INFO:colcon.colcon_core.shell:Creating package script '/home/mtouri/ros2_ws_humble/install/hector_rviz_overlay/share/hector_rviz_overlay/package.sh'
[24.923s] INFO:colcon.colcon_core.shell:Creating package script '/home/mtouri/ros2_ws_humble/install/hector_rviz_overlay/share/hector_rviz_overlay/package.bash'
[24.923s] INFO:colcon.colcon_core.shell:Creating package script '/home/mtouri/ros2_ws_humble/install/hector_rviz_overlay/share/hector_rviz_overlay/package.zsh'
[24.923s] Level 1:colcon.colcon_core.environment:create_file_with_runtime_dependencies(/home/mtouri/ros2_ws_humble/install/hector_rviz_overlay/share/colcon-core/packages/hector_rviz_overlay)
[24.923s] DEBUG:colcon.colcon_parallel_executor.executor.parallel:closing loop
[24.923s] DEBUG:colcon.colcon_parallel_executor.executor.parallel:loop closed
[24.923s] DEBUG:colcon.colcon_parallel_executor.executor.parallel:run_until_complete finished with '0'
[24.924s] DEBUG:colcon.colcon_core.event_reactor:joining thread
[24.929s] INFO:colcon.colcon_core.plugin_system:Skipping extension 'colcon_notification.desktop_notification.notify_send': Could not find 'notify-send'
[24.929s] INFO:colcon.colcon_core.plugin_system:Skipping extension 'colcon_notification.desktop_notification.terminal_notifier': Not used on non-Darwin systems
[24.929s] INFO:colcon.colcon_core.plugin_system:Skipping extension 'colcon_notification.desktop_notification.win32': Not used on non-Windows systems
[24.929s] INFO:colcon.colcon_notification.desktop_notification:Sending desktop notification using 'notify2'
[24.946s] DEBUG:colcon.colcon_core.event_reactor:joined thread
[24.947s] INFO:colcon.colcon_core.shell:Creating prefix script '/home/mtouri/ros2_ws_humble/install/local_setup.ps1'
[24.948s] INFO:colcon.colcon_core.shell:Creating prefix util module '/home/mtouri/ros2_ws_humble/install/_local_setup_util_ps1.py'
[24.949s] INFO:colcon.colcon_core.shell:Creating prefix chain script '/home/mtouri/ros2_ws_humble/install/setup.ps1'
[24.951s] INFO:colcon.colcon_core.shell:Creating prefix script '/home/mtouri/ros2_ws_humble/install/local_setup.sh'
[24.951s] INFO:colcon.colcon_core.shell:Creating prefix util module '/home/mtouri/ros2_ws_humble/install/_local_setup_util_sh.py'
[24.951s] INFO:colcon.colcon_core.shell:Creating prefix chain script '/home/mtouri/ros2_ws_humble/install/setup.sh'
[24.953s] INFO:colcon.colcon_core.shell:Creating prefix script '/home/mtouri/ros2_ws_humble/install/local_setup.bash'
[24.953s] INFO:colcon.colcon_core.shell:Creating prefix chain script '/home/mtouri/ros2_ws_humble/install/setup.bash'
[24.955s] INFO:colcon.colcon_core.shell:Creating prefix script '/home/mtouri/ros2_ws_humble/install/local_setup.zsh'
[24.955s] INFO:colcon.colcon_core.shell:Creating prefix chain script '/home/mtouri/ros2_ws_humble/install/setup.zsh'
