-- The C compiler identification is GNU 11.4.0
-- The CXX compiler identification is GNU 11.4.0
-- Detecting C compiler ABI info
-- Detecting C compiler ABI info - done
-- Check for working C compiler: /usr/bin/cc - skipped
-- Detecting C compile features
-- Detecting C compile features - done
-- Detecting CXX compiler ABI info
-- Detecting CXX compiler ABI info - done
-- Check for working CXX compiler: /usr/bin/c++ - skipped
-- Detecting CXX compile features
-- Detecting CXX compile features - done
-- Found ament_cmake: 1.3.14 (/opt/ros/humble/share/ament_cmake/cmake)
-- Found Python3: /usr/bin/python3 (found version "3.10.12") found components: Interpreter 
-- Override CMake install command with custom implementation using symlinks instead of copying resources
-- Found rclcpp: 16.0.19 (/opt/ros/humble/share/rclcpp/cmake)
-- Found rosidl_generator_c: 3.1.8 (/opt/ros/humble/share/rosidl_generator_c/cmake)
-- Found rosidl_adapter: 3.1.8 (/opt/ros/humble/share/rosidl_adapter/cmake)
-- Found rosidl_generator_cpp: 3.1.8 (/opt/ros/humble/share/rosidl_generator_cpp/cmake)
-- Using all available rosidl_typesupport_c: rosidl_typesupport_fastrtps_c;rosidl_typesupport_introspection_c
-- Using all available rosidl_typesupport_cpp: rosidl_typesupport_fastrtps_cpp;rosidl_typesupport_introspection_cpp
-- Found rmw_implementation_cmake: 6.1.2 (/opt/ros/humble/share/rmw_implementation_cmake/cmake)
-- Found rmw_fastrtps_cpp: 6.2.10 (/opt/ros/humble/share/rmw_fastrtps_cpp/cmake)
-- Found OpenSSL: /usr/lib/x86_64-linux-gnu/libcrypto.so (found version "3.0.2")  
-- Found FastRTPS: /opt/ros/humble/include  
-- Using RMW implementation 'rmw_fastrtps_cpp' as default
-- Looking for pthread.h
-- Looking for pthread.h - found
-- Performing Test CMAKE_HAVE_LIBC_PTHREAD
-- Performing Test CMAKE_HAVE_LIBC_PTHREAD - Success
-- Found Threads: TRUE  
-- Found bosdyn_api_msgs: 5.0.1 (/opt/ros/humble/share/bosdyn_api_msgs/cmake)
-- Found PythonInterp: /usr/bin/python3.10 (found version "3.10.12") 
-- Found Protobuf: /usr/lib/x86_64-linux-gnu/libprotobuf.so (found version "3.12.4") 
-- Found rosidl_default_generators: 1.2.1 (/opt/ros/humble/share/rosidl_default_generators/cmake)
-- Checking for module 'grpc'
--   Found grpc, version 10.0.0
-- Checking for module 'grpc++'
--   Found grpc++, version 1.30.2
-- CMake is running /opt/spot-cpp-sdk/lib/cmake/bosdyn/UseInstallbosdyn.cmake
-- Found bosdyn_spot_api_msgs: 5.0.1 (/opt/ros/humble/share/bosdyn_spot_api_msgs/cmake)
-- Found bosdyn_spot_cam_api_msgs: 5.0.1 (/opt/ros/humble/share/bosdyn_spot_cam_api_msgs/cmake)
-- Found common_interfaces: 4.9.1 (/opt/ros/humble/share/common_interfaces/cmake)
-- Found sensor_msgs: 4.9.1 (/opt/ros/humble/share/sensor_msgs/cmake)
-- Found ament_cmake_ros: 0.10.0 (/opt/ros/humble/share/ament_cmake_ros/cmake)
-- Using all available rosidl_typesupport_c: rosidl_typesupport_fastrtps_c;rosidl_typesupport_introspection_c
-- Using all available rosidl_typesupport_cpp: rosidl_typesupport_fastrtps_cpp;rosidl_typesupport_introspection_cpp
-- Found PythonInterp: /usr/bin/python3.10 (found suitable version "3.10.12", minimum required is "3.6") 
-- Found python_cmake_module: 0.10.0 (/opt/ros/humble/share/python_cmake_module/cmake)
-- Found PythonLibs: /usr/lib/x86_64-linux-gnu/libpython3.10.so (found suitable version "3.10.12", minimum required is "3.5") 
-- Using PYTHON_EXECUTABLE: /usr/bin/python3.10
-- Using PYTHON_INCLUDE_DIRS: /usr/include/python3.10
-- Using PYTHON_LIBRARIES: /usr/lib/x86_64-linux-gnu/libpython3.10.so
-- Found PythonExtra: .so  
-- Found ament_lint_auto: 0.12.15 (/opt/ros/humble/share/ament_lint_auto/cmake)
-- Added test 'copyright' to check source files copyright and LICENSE
-- Added test 'lint_cmake' to check CMake code style
-- Added test 'xmllint' to check XML markup files
-- Configuring done
-- Generating done
-- Build files have been written to: /home/mtouri/spot_ws/build/spot_msgs
[  0%] [34m[1mGenerating C code for ROS interfaces[0m
[  0%] Built target ament_cmake_python_symlink_spot_msgs
[  1%] [34m[1mGenerating Rust code for ROS interfaces[0m
[  1%] [34m[1mGenerating C++ code for ROS interfaces[0m
running egg_info
creating spot_msgs.egg-info
writing spot_msgs.egg-info/PKG-INFO
writing dependency_links to spot_msgs.egg-info/dependency_links.txt
writing top-level names to spot_msgs.egg-info/top_level.txt
writing manifest file 'spot_msgs.egg-info/SOURCES.txt'
reading manifest file 'spot_msgs.egg-info/SOURCES.txt'
writing manifest file 'spot_msgs.egg-info/SOURCES.txt'
[  1%] Built target ament_cmake_python_build_spot_msgs_egg
[  1%] Built target spot_msgs__rs
[  1%] Built target spot_msgs__cpp
[  2%] [32mBuilding C object CMakeFiles/spot_msgs__rosidl_generator_c.dir/rosidl_generator_c/spot_msgs/msg/detail/mobility_params__functions.c.o[0m
[  2%] [32mBuilding C object CMakeFiles/spot_msgs__rosidl_generator_c.dir/rosidl_generator_c/spot_msgs/msg/detail/metrics__functions.c.o[0m
[  2%] [32mBuilding C object CMakeFiles/spot_msgs__rosidl_generator_c.dir/rosidl_generator_c/spot_msgs/msg/detail/lease_array__functions.c.o[0m
[  2%] [32mBuilding C object CMakeFiles/spot_msgs__rosidl_generator_c.dir/rosidl_generator_c/spot_msgs/msg/detail/e_stop_state_array__functions.c.o[0m
[  2%] [32mBuilding C object CMakeFiles/spot_msgs__rosidl_generator_c.dir/rosidl_generator_c/spot_msgs/msg/detail/foot_state_array__functions.c.o[0m
[  2%] [32mBuilding C object CMakeFiles/spot_msgs__rosidl_generator_c.dir/rosidl_generator_c/spot_msgs/msg/detail/system_fault__functions.c.o[0m
[  3%] [32mBuilding C object CMakeFiles/spot_msgs__rosidl_generator_c.dir/rosidl_generator_c/spot_msgs/msg/detail/behavior_fault_state__functions.c.o[0m
[  3%] [32mBuilding C object CMakeFiles/spot_msgs__rosidl_generator_c.dir/rosidl_generator_c/spot_msgs/msg/detail/e_stop_state__functions.c.o[0m
[  2%] [32mBuilding C object CMakeFiles/spot_msgs__rosidl_generator_c.dir/rosidl_generator_c/spot_msgs/msg/detail/behavior_fault__functions.c.o[0m
[  2%] [32mBuilding C object CMakeFiles/spot_msgs__rosidl_generator_c.dir/rosidl_generator_c/spot_msgs/msg/detail/lease_owner__functions.c.o[0m
[  3%] [32mBuilding C object CMakeFiles/spot_msgs__rosidl_generator_c.dir/rosidl_generator_c/spot_msgs/msg/detail/battery_state__functions.c.o[0m
[  3%] [32mBuilding C object CMakeFiles/spot_msgs__rosidl_generator_c.dir/rosidl_generator_c/spot_msgs/msg/detail/wi_fi_state__functions.c.o[0m
[  3%] [32mBuilding C object CMakeFiles/spot_msgs__rosidl_generator_c.dir/rosidl_generator_c/spot_msgs/msg/detail/battery_state_array__functions.c.o[0m
[  3%] [34m[1mGenerating C++ introspection for ROS interfaces[0m
[  3%] [34m[1mGenerating C++ type support dispatch for ROS interfaces[0m
[  3%] [34m[1mGenerating C++ type support for eProsima Fast-RTPS[0m
[  4%] [32mBuilding C object CMakeFiles/spot_msgs__rosidl_generator_c.dir/rosidl_generator_c/spot_msgs/msg/detail/feedback__functions.c.o[0m
[  4%] [32mBuilding C object CMakeFiles/spot_msgs__rosidl_generator_c.dir/rosidl_generator_c/spot_msgs/msg/detail/foot_state__functions.c.o[0m
[  4%] [32mBuilding C object CMakeFiles/spot_msgs__rosidl_generator_c.dir/rosidl_generator_c/spot_msgs/msg/detail/joint_command__functions.c.o[0m
[  4%] [32mBuilding C object CMakeFiles/spot_msgs__rosidl_generator_c.dir/rosidl_generator_c/spot_msgs/msg/detail/lease__functions.c.o[0m
[  4%] [32mBuilding C object CMakeFiles/spot_msgs__rosidl_generator_c.dir/rosidl_generator_c/spot_msgs/msg/detail/power_state__functions.c.o[0m
[  4%] [32mBuilding C object CMakeFiles/spot_msgs__rosidl_generator_c.dir/rosidl_generator_c/spot_msgs/msg/detail/system_fault_state__functions.c.o[0m
[  4%] [32mBuilding C object CMakeFiles/spot_msgs__rosidl_generator_c.dir/rosidl_generator_c/spot_msgs/srv/detail/acquire_lease__functions.c.o[0m
[  4%] [32mBuilding C object CMakeFiles/spot_msgs__rosidl_generator_c.dir/rosidl_generator_c/spot_msgs/msg/detail/lease_resource__functions.c.o[0m
[  5%] [32mBuilding C object CMakeFiles/spot_msgs__rosidl_generator_c.dir/rosidl_generator_c/spot_msgs/srv/detail/choreography_recorded_state_to_animation__functions.c.o[0m
[  5%] [32mBuilding C object CMakeFiles/spot_msgs__rosidl_generator_c.dir/rosidl_generator_c/spot_msgs/srv/detail/choreography_start_recording_state__functions.c.o[0m
[  5%] [32mBuilding C object CMakeFiles/spot_msgs__rosidl_generator_c.dir/rosidl_generator_c/spot_msgs/srv/detail/choreography_stop_recording_state__functions.c.o[0m
[  5%] [32mBuilding C object CMakeFiles/spot_msgs__rosidl_generator_c.dir/rosidl_generator_c/spot_msgs/srv/detail/get_choreography_status__functions.c.o[0m
[  5%] [32mBuilding C object CMakeFiles/spot_msgs__rosidl_generator_c.dir/rosidl_generator_c/spot_msgs/srv/detail/get_inverse_kinematic_solutions__functions.c.o[0m
[  6%] [32mBuilding C object CMakeFiles/spot_msgs__rosidl_generator_c.dir/rosidl_generator_c/spot_msgs/srv/detail/list_world_objects__functions.c.o[0m
[  6%] [32mBuilding C object CMakeFiles/spot_msgs__rosidl_generator_c.dir/rosidl_generator_c/spot_msgs/srv/detail/set_locomotion__functions.c.o[0m
[  6%] [32mBuilding C object CMakeFiles/spot_msgs__rosidl_generator_c.dir/rosidl_generator_c/spot_msgs/srv/detail/return_lease__functions.c.o[0m
[  6%] [32mBuilding C object CMakeFiles/spot_msgs__rosidl_generator_c.dir/rosidl_generator_c/spot_msgs/srv/detail/list_all_dances__functions.c.o[0m
[  6%] [32mBuilding C object CMakeFiles/spot_msgs__rosidl_generator_c.dir/rosidl_generator_c/spot_msgs/srv/detail/set_velocity__functions.c.o[0m
[  6%] [32mBuilding C object CMakeFiles/spot_msgs__rosidl_generator_c.dir/rosidl_generator_c/spot_msgs/srv/detail/list_all_moves__functions.c.o[0m
[  6%] [32mBuilding C object CMakeFiles/spot_msgs__rosidl_generator_c.dir/rosidl_generator_c/spot_msgs/srv/detail/list_graph__functions.c.o[0m
[  7%] [32mBuilding C object CMakeFiles/spot_msgs__rosidl_generator_c.dir/rosidl_generator_c/spot_msgs/srv/detail/upload_animation__functions.c.o[0m
[  7%] [32mBuilding C object CMakeFiles/spot_msgs__rosidl_generator_c.dir/rosidl_generator_c/spot_msgs/srv/detail/list_sounds__functions.c.o[0m
[  7%] [32mBuilding C object CMakeFiles/spot_msgs__rosidl_generator_c.dir/rosidl_generator_c/spot_msgs/srv/detail/clear_behavior_fault__functions.c.o[0m
[  7%] [32mBuilding C object CMakeFiles/spot_msgs__rosidl_generator_c.dir/rosidl_generator_c/spot_msgs/srv/detail/upload_sequence__functions.c.o[0m
[  7%] [32mBuilding C object CMakeFiles/spot_msgs__rosidl_generator_c.dir/rosidl_generator_c/spot_msgs/srv/detail/load_sound__functions.c.o[0m
[  7%] [32mBuilding C object CMakeFiles/spot_msgs__rosidl_generator_c.dir/rosidl_generator_c/spot_msgs/srv/detail/play_sound__functions.c.o[0m
[  7%] [32mBuilding C object CMakeFiles/spot_msgs__rosidl_generator_c.dir/rosidl_generator_c/spot_msgs/srv/detail/delete_sound__functions.c.o[0m
[  8%] [32mBuilding C object CMakeFiles/spot_msgs__rosidl_generator_c.dir/rosidl_generator_c/spot_msgs/srv/detail/get_volume__functions.c.o[0m
[  8%] [32mBuilding C object CMakeFiles/spot_msgs__rosidl_generator_c.dir/rosidl_generator_c/spot_msgs/srv/detail/set_volume__functions.c.o[0m
[  8%] [32mBuilding C object CMakeFiles/spot_msgs__rosidl_generator_c.dir/rosidl_generator_c/spot_msgs/srv/detail/list_ptz__functions.c.o[0m
[  8%] [32mBuilding C object CMakeFiles/spot_msgs__rosidl_generator_c.dir/rosidl_generator_c/spot_msgs/srv/detail/get_ptz_position__functions.c.o[0m
[  8%] [32mBuilding C object CMakeFiles/spot_msgs__rosidl_generator_c.dir/rosidl_generator_c/spot_msgs/srv/detail/set_ptz_position__functions.c.o[0m
[  8%] [32mBuilding C object CMakeFiles/spot_msgs__rosidl_generator_c.dir/rosidl_generator_c/spot_msgs/srv/detail/initialize_lens__functions.c.o[0m
[  9%] [32mBuilding C object CMakeFiles/spot_msgs__rosidl_generator_c.dir/rosidl_generator_c/spot_msgs/srv/detail/get_logpoint_status__functions.c.o[0m
[  9%] [32mBuilding C object CMakeFiles/spot_msgs__rosidl_generator_c.dir/rosidl_generator_c/spot_msgs/srv/detail/list_cameras__functions.c.o[0m
[  9%] [32mBuilding C object CMakeFiles/spot_msgs__rosidl_generator_c.dir/rosidl_generator_c/spot_msgs/srv/detail/delete_logpoint__functions.c.o[0m
[  9%] [32mBuilding C object CMakeFiles/spot_msgs__rosidl_generator_c.dir/rosidl_generator_c/spot_msgs/srv/detail/list_logpoints__functions.c.o[0m
[  9%] [32mBuilding C object CMakeFiles/spot_msgs__rosidl_generator_c.dir/rosidl_generator_c/spot_msgs/srv/detail/retrieve_logpoint__functions.c.o[0m
[  9%] [32mBuilding C object CMakeFiles/spot_msgs__rosidl_generator_c.dir/rosidl_generator_c/spot_msgs/srv/detail/robot_command__functions.c.o[0m
[ 10%] [32mBuilding C object CMakeFiles/spot_msgs__rosidl_generator_c.dir/rosidl_generator_c/spot_msgs/srv/detail/store_logpoint__functions.c.o[0m
[ 10%] [32mBuilding C object CMakeFiles/spot_msgs__rosidl_generator_c.dir/rosidl_generator_c/spot_msgs/srv/detail/set_gripper_angle__functions.c.o[0m
[ 10%] [32mBuilding C object CMakeFiles/spot_msgs__rosidl_generator_c.dir/rosidl_generator_c/spot_msgs/srv/detail/tag_logpoint__functions.c.o[0m
[ 10%] [32mBuilding C object CMakeFiles/spot_msgs__rosidl_generator_c.dir/rosidl_generator_c/spot_msgs/srv/detail/set_led_brightness__functions.c.o[0m
[ 10%] [32mBuilding C object CMakeFiles/spot_msgs__rosidl_generator_c.dir/rosidl_generator_c/spot_msgs/srv/detail/get_led_brightness__functions.c.o[0m
[ 10%] [32mBuilding C object CMakeFiles/spot_msgs__rosidl_generator_c.dir/rosidl_generator_c/spot_msgs/srv/detail/graph_nav_upload_graph__functions.c.o[0m
[ 11%] [32mBuilding C object CMakeFiles/spot_msgs__rosidl_generator_c.dir/rosidl_generator_c/spot_msgs/srv/detail/graph_nav_clear_graph__functions.c.o[0m
[ 11%] [32mBuilding C object CMakeFiles/spot_msgs__rosidl_generator_c.dir/rosidl_generator_c/spot_msgs/srv/detail/graph_nav_get_localization_pose__functions.c.o[0m
[ 11%] [32mBuilding C object CMakeFiles/spot_msgs__rosidl_generator_c.dir/rosidl_generator_c/spot_msgs/srv/detail/graph_nav_set_localization__functions.c.o[0m
[ 11%] [32mBuilding C object CMakeFiles/spot_msgs__rosidl_generator_c.dir/rosidl_generator_c/spot_msgs/srv/detail/dock__functions.c.o[0m
[ 11%] [32mBuilding C object CMakeFiles/spot_msgs__rosidl_generator_c.dir/rosidl_generator_c/spot_msgs/srv/detail/get_gripper_camera_parameters__functions.c.o[0m
[ 11%] [32mBuilding C object CMakeFiles/spot_msgs__rosidl_generator_c.dir/rosidl_generator_c/spot_msgs/srv/detail/set_gripper_camera_parameters__functions.c.o[0m
[ 12%] [32mBuilding C object CMakeFiles/spot_msgs__rosidl_generator_c.dir/rosidl_generator_c/spot_msgs/srv/detail/override_grasp_or_carry__functions.c.o[0m
[ 12%] [32mBuilding C object CMakeFiles/spot_msgs__rosidl_generator_c.dir/rosidl_generator_c/spot_msgs/srv/detail/set_stand_height__functions.c.o[0m
[ 12%] [32mBuilding C object CMakeFiles/spot_msgs__rosidl_generator_c.dir/rosidl_generator_c/spot_msgs/srv/detail/set_stairs_mode__functions.c.o[0m
[ 12%] [32mBuilding C object CMakeFiles/spot_msgs__rosidl_generator_c.dir/rosidl_generator_c/spot_msgs/srv/detail/mutate_world_object__functions.c.o[0m
[ 12%] [32mBuilding C object CMakeFiles/spot_msgs__rosidl_generator_c.dir/rosidl_generator_c/spot_msgs/action/detail/arm_surface_contact__functions.c.o[0m
[ 12%] [32mBuilding C object CMakeFiles/spot_msgs__rosidl_generator_c.dir/rosidl_generator_c/spot_msgs/action/detail/execute_dance__functions.c.o[0m
[ 13%] [32mBuilding C object CMakeFiles/spot_msgs__rosidl_generator_c.dir/rosidl_generator_c/spot_msgs/action/detail/navigate_to__functions.c.o[0m
[ 13%] [32mBuilding C object CMakeFiles/spot_msgs__rosidl_generator_c.dir/rosidl_generator_c/spot_msgs/action/detail/robot_command__functions.c.o[0m
[ 13%] [32mBuilding C object CMakeFiles/spot_msgs__rosidl_generator_c.dir/rosidl_generator_c/spot_msgs/action/detail/trajectory__functions.c.o[0m
[ 13%] [32mBuilding C object CMakeFiles/spot_msgs__rosidl_generator_c.dir/rosidl_generator_c/spot_msgs/action/detail/manipulation__functions.c.o[0m
[ 13%] [32m[1mLinking C shared library libspot_msgs__rosidl_generator_c.so[0m
[ 13%] Built target spot_msgs__rosidl_generator_c
[ 16%] [34m[1mGenerating C introspection for ROS interfaces[0m
[ 16%] [34m[1mGenerating C type support dispatch for ROS interfaces[0m
[ 16%] [34m[1mGenerating C type support for eProsima Fast-RTPS[0m
[ 18%] [32mBuilding CXX object CMakeFiles/spot_msgs__rosidl_typesupport_cpp.dir/rosidl_typesupport_cpp/spot_msgs/msg/system_fault__type_support.cpp.o[0m
[ 18%] [32mBuilding CXX object CMakeFiles/spot_msgs__rosidl_typesupport_cpp.dir/rosidl_typesupport_cpp/spot_msgs/msg/battery_state_array__type_support.cpp.o[0m
[ 18%] [32mBuilding CXX object CMakeFiles/spot_msgs__rosidl_typesupport_cpp.dir/rosidl_typesupport_cpp/spot_msgs/msg/lease_array__type_support.cpp.o[0m
[ 18%] [32mBuilding CXX object CMakeFiles/spot_msgs__rosidl_typesupport_cpp.dir/rosidl_typesupport_cpp/spot_msgs/msg/foot_state_array__type_support.cpp.o[0m
[ 18%] [32mBuilding CXX object CMakeFiles/spot_msgs__rosidl_typesupport_cpp.dir/rosidl_typesupport_cpp/spot_msgs/msg/lease_owner__type_support.cpp.o[0m
[ 18%] [32mBuilding CXX object CMakeFiles/spot_msgs__rosidl_typesupport_cpp.dir/rosidl_typesupport_cpp/spot_msgs/msg/behavior_fault__type_support.cpp.o[0m
[ 18%] [32mBuilding CXX object CMakeFiles/spot_msgs__rosidl_typesupport_cpp.dir/rosidl_typesupport_cpp/spot_msgs/msg/e_stop_state_array__type_support.cpp.o[0m
[ 18%] [32mBuilding CXX object CMakeFiles/spot_msgs__rosidl_typesupport_cpp.dir/rosidl_typesupport_cpp/spot_msgs/msg/metrics__type_support.cpp.o[0m
[ 18%] [32mBuilding CXX object CMakeFiles/spot_msgs__rosidl_typesupport_cpp.dir/rosidl_typesupport_cpp/spot_msgs/msg/wi_fi_state__type_support.cpp.o[0m
[ 18%] [32mBuilding CXX object CMakeFiles/spot_msgs__rosidl_typesupport_cpp.dir/rosidl_typesupport_cpp/spot_msgs/msg/mobility_params__type_support.cpp.o[0m
[ 18%] [32mBuilding CXX object CMakeFiles/spot_msgs__rosidl_typesupport_cpp.dir/rosidl_typesupport_cpp/spot_msgs/msg/battery_state__type_support.cpp.o[0m
[ 18%] [32mBuilding CXX object CMakeFiles/spot_msgs__rosidl_typesupport_cpp.dir/rosidl_typesupport_cpp/spot_msgs/msg/e_stop_state__type_support.cpp.o[0m
[ 18%] [32mBuilding CXX object CMakeFiles/spot_msgs__rosidl_typesupport_cpp.dir/rosidl_typesupport_cpp/spot_msgs/msg/behavior_fault_state__type_support.cpp.o[0m
[ 18%] [32mBuilding CXX object CMakeFiles/spot_msgs__rosidl_typesupport_cpp.dir/rosidl_typesupport_cpp/spot_msgs/msg/feedback__type_support.cpp.o[0m
[ 19%] [32mBuilding CXX object CMakeFiles/spot_msgs__rosidl_typesupport_cpp.dir/rosidl_typesupport_cpp/spot_msgs/msg/foot_state__type_support.cpp.o[0m
[ 19%] [32mBuilding CXX object CMakeFiles/spot_msgs__rosidl_typesupport_cpp.dir/rosidl_typesupport_cpp/spot_msgs/msg/joint_command__type_support.cpp.o[0m
[ 19%] [32mBuilding CXX object CMakeFiles/spot_msgs__rosidl_typesupport_cpp.dir/rosidl_typesupport_cpp/spot_msgs/msg/lease_resource__type_support.cpp.o[0m
[ 19%] [32mBuilding CXX object CMakeFiles/spot_msgs__rosidl_typesupport_cpp.dir/rosidl_typesupport_cpp/spot_msgs/msg/power_state__type_support.cpp.o[0m
[ 19%] [32mBuilding CXX object CMakeFiles/spot_msgs__rosidl_typesupport_cpp.dir/rosidl_typesupport_cpp/spot_msgs/msg/lease__type_support.cpp.o[0m
[ 19%] [32mBuilding CXX object CMakeFiles/spot_msgs__rosidl_typesupport_cpp.dir/rosidl_typesupport_cpp/spot_msgs/msg/system_fault_state__type_support.cpp.o[0m
[ 20%] [32mBuilding CXX object CMakeFiles/spot_msgs__rosidl_typesupport_cpp.dir/rosidl_typesupport_cpp/spot_msgs/srv/acquire_lease__type_support.cpp.o[0m
[ 20%] [32mBuilding CXX object CMakeFiles/spot_msgs__rosidl_typesupport_cpp.dir/rosidl_typesupport_cpp/spot_msgs/srv/choreography_recorded_state_to_animation__type_support.cpp.o[0m
[ 20%] [32mBuilding CXX object CMakeFiles/spot_msgs__rosidl_typesupport_cpp.dir/rosidl_typesupport_cpp/spot_msgs/srv/choreography_start_recording_state__type_support.cpp.o[0m
[ 20%] [32mBuilding CXX object CMakeFiles/spot_msgs__rosidl_typesupport_cpp.dir/rosidl_typesupport_cpp/spot_msgs/srv/get_choreography_status__type_support.cpp.o[0m
[ 20%] [32mBuilding CXX object CMakeFiles/spot_msgs__rosidl_typesupport_cpp.dir/rosidl_typesupport_cpp/spot_msgs/srv/choreography_stop_recording_state__type_support.cpp.o[0m
[ 20%] [32mBuilding CXX object CMakeFiles/spot_msgs__rosidl_typesupport_cpp.dir/rosidl_typesupport_cpp/spot_msgs/srv/get_inverse_kinematic_solutions__type_support.cpp.o[0m
[ 21%] [32mBuilding CXX object CMakeFiles/spot_msgs__rosidl_typesupport_cpp.dir/rosidl_typesupport_cpp/spot_msgs/srv/list_graph__type_support.cpp.o[0m
[ 21%] [32mBuilding CXX object CMakeFiles/spot_msgs__rosidl_typesupport_cpp.dir/rosidl_typesupport_cpp/spot_msgs/srv/list_world_objects__type_support.cpp.o[0m
[ 21%] [32mBuilding CXX object CMakeFiles/spot_msgs__rosidl_typesupport_cpp.dir/rosidl_typesupport_cpp/spot_msgs/srv/return_lease__type_support.cpp.o[0m
[ 21%] [32mBuilding CXX object CMakeFiles/spot_msgs__rosidl_typesupport_cpp.dir/rosidl_typesupport_cpp/spot_msgs/srv/set_locomotion__type_support.cpp.o[0m
[ 21%] [32mBuilding CXX object CMakeFiles/spot_msgs__rosidl_typesupport_cpp.dir/rosidl_typesupport_cpp/spot_msgs/srv/set_velocity__type_support.cpp.o[0m
[ 21%] [32mBuilding CXX object CMakeFiles/spot_msgs__rosidl_typesupport_cpp.dir/rosidl_typesupport_cpp/spot_msgs/srv/list_all_dances__type_support.cpp.o[0m
[ 22%] [32mBuilding CXX object CMakeFiles/spot_msgs__rosidl_typesupport_cpp.dir/rosidl_typesupport_cpp/spot_msgs/srv/list_all_moves__type_support.cpp.o[0m
[ 22%] [32mBuilding CXX object CMakeFiles/spot_msgs__rosidl_typesupport_cpp.dir/rosidl_typesupport_cpp/spot_msgs/srv/upload_animation__type_support.cpp.o[0m
[ 22%] [32mBuilding CXX object CMakeFiles/spot_msgs__rosidl_typesupport_cpp.dir/rosidl_typesupport_cpp/spot_msgs/srv/upload_sequence__type_support.cpp.o[0m
[ 22%] [32mBuilding CXX object CMakeFiles/spot_msgs__rosidl_typesupport_cpp.dir/rosidl_typesupport_cpp/spot_msgs/srv/clear_behavior_fault__type_support.cpp.o[0m
[ 22%] [32mBuilding CXX object CMakeFiles/spot_msgs__rosidl_typesupport_cpp.dir/rosidl_typesupport_cpp/spot_msgs/srv/list_sounds__type_support.cpp.o[0m
[ 22%] [32mBuilding CXX object CMakeFiles/spot_msgs__rosidl_typesupport_cpp.dir/rosidl_typesupport_cpp/spot_msgs/srv/load_sound__type_support.cpp.o[0m
[ 22%] [32mBuilding CXX object CMakeFiles/spot_msgs__rosidl_typesupport_cpp.dir/rosidl_typesupport_cpp/spot_msgs/srv/play_sound__type_support.cpp.o[0m
[ 23%] [32mBuilding CXX object CMakeFiles/spot_msgs__rosidl_typesupport_cpp.dir/rosidl_typesupport_cpp/spot_msgs/srv/delete_sound__type_support.cpp.o[0m
[ 23%] [32mBuilding CXX object CMakeFiles/spot_msgs__rosidl_typesupport_cpp.dir/rosidl_typesupport_cpp/spot_msgs/srv/get_volume__type_support.cpp.o[0m
[ 23%] [32mBuilding CXX object CMakeFiles/spot_msgs__rosidl_typesupport_cpp.dir/rosidl_typesupport_cpp/spot_msgs/srv/set_volume__type_support.cpp.o[0m
[ 23%] [32mBuilding CXX object CMakeFiles/spot_msgs__rosidl_typesupport_c.dir/rosidl_typesupport_c/spot_msgs/msg/battery_state_array__type_support.cpp.o[0m
[ 23%] [32mBuilding CXX object CMakeFiles/spot_msgs__rosidl_typesupport_c.dir/rosidl_typesupport_c/spot_msgs/msg/behavior_fault__type_support.cpp.o[0m
[ 23%] [32mBuilding CXX object CMakeFiles/spot_msgs__rosidl_typesupport_cpp.dir/rosidl_typesupport_cpp/spot_msgs/srv/list_ptz__type_support.cpp.o[0m
[ 23%] [32mBuilding CXX object CMakeFiles/spot_msgs__rosidl_typesupport_cpp.dir/rosidl_typesupport_cpp/spot_msgs/srv/get_ptz_position__type_support.cpp.o[0m
[ 23%] [32mBuilding CXX object CMakeFiles/spot_msgs__rosidl_typesupport_c.dir/rosidl_typesupport_c/spot_msgs/msg/e_stop_state_array__type_support.cpp.o[0m
[ 23%] [32mBuilding CXX object CMakeFiles/spot_msgs__rosidl_typesupport_c.dir/rosidl_typesupport_c/spot_msgs/msg/foot_state_array__type_support.cpp.o[0m
[ 23%] [32mBuilding CXX object CMakeFiles/spot_msgs__rosidl_typesupport_c.dir/rosidl_typesupport_c/spot_msgs/msg/lease_array__type_support.cpp.o[0m
[ 23%] [32mBuilding CXX object CMakeFiles/spot_msgs__rosidl_typesupport_c.dir/rosidl_typesupport_c/spot_msgs/msg/lease_owner__type_support.cpp.o[0m
[ 24%] [32mBuilding CXX object CMakeFiles/spot_msgs__rosidl_typesupport_c.dir/rosidl_typesupport_c/spot_msgs/msg/mobility_params__type_support.cpp.o[0m
[ 24%] [32mBuilding CXX object CMakeFiles/spot_msgs__rosidl_typesupport_c.dir/rosidl_typesupport_c/spot_msgs/msg/metrics__type_support.cpp.o[0m
[ 24%] [32mBuilding CXX object CMakeFiles/spot_msgs__rosidl_typesupport_cpp.dir/rosidl_typesupport_cpp/spot_msgs/srv/set_ptz_position__type_support.cpp.o[0m
[ 24%] [32mBuilding CXX object CMakeFiles/spot_msgs__rosidl_typesupport_c.dir/rosidl_typesupport_c/spot_msgs/msg/system_fault__type_support.cpp.o[0m
[ 25%] [32mBuilding CXX object CMakeFiles/spot_msgs__rosidl_typesupport_cpp.dir/rosidl_typesupport_cpp/spot_msgs/srv/initialize_lens__type_support.cpp.o[0m
[ 25%] [32mBuilding CXX object CMakeFiles/spot_msgs__rosidl_typesupport_c.dir/rosidl_typesupport_c/spot_msgs/msg/wi_fi_state__type_support.cpp.o[0m
[ 25%] [32mBuilding CXX object CMakeFiles/spot_msgs__rosidl_typesupport_cpp.dir/rosidl_typesupport_cpp/spot_msgs/srv/delete_logpoint__type_support.cpp.o[0m
[ 25%] [32mBuilding CXX object CMakeFiles/spot_msgs__rosidl_typesupport_c.dir/rosidl_typesupport_c/spot_msgs/msg/battery_state__type_support.cpp.o[0m
[ 26%] [32mBuilding CXX object CMakeFiles/spot_msgs__rosidl_typesupport_c.dir/rosidl_typesupport_c/spot_msgs/msg/e_stop_state__type_support.cpp.o[0m
[ 26%] [32mBuilding CXX object CMakeFiles/spot_msgs__rosidl_typesupport_c.dir/rosidl_typesupport_c/spot_msgs/msg/behavior_fault_state__type_support.cpp.o[0m
[ 26%] [32mBuilding CXX object CMakeFiles/spot_msgs__rosidl_typesupport_cpp.dir/rosidl_typesupport_cpp/spot_msgs/srv/get_logpoint_status__type_support.cpp.o[0m
[ 26%] [32mBuilding CXX object CMakeFiles/spot_msgs__rosidl_typesupport_c.dir/rosidl_typesupport_c/spot_msgs/msg/feedback__type_support.cpp.o[0m
[ 26%] [32mBuilding CXX object CMakeFiles/spot_msgs__rosidl_typesupport_c.dir/rosidl_typesupport_c/spot_msgs/msg/foot_state__type_support.cpp.o[0m
[ 26%] [32mBuilding CXX object CMakeFiles/spot_msgs__rosidl_typesupport_c.dir/rosidl_typesupport_c/spot_msgs/msg/joint_command__type_support.cpp.o[0m
[ 26%] [32mBuilding CXX object CMakeFiles/spot_msgs__rosidl_typesupport_cpp.dir/rosidl_typesupport_cpp/spot_msgs/srv/list_cameras__type_support.cpp.o[0m
[ 26%] [32mBuilding CXX object CMakeFiles/spot_msgs__rosidl_typesupport_c.dir/rosidl_typesupport_c/spot_msgs/msg/lease__type_support.cpp.o[0m
[ 26%] [32mBuilding CXX object CMakeFiles/spot_msgs__rosidl_typesupport_c.dir/rosidl_typesupport_c/spot_msgs/msg/lease_resource__type_support.cpp.o[0m
[ 27%] [32mBuilding CXX object CMakeFiles/spot_msgs__rosidl_typesupport_c.dir/rosidl_typesupport_c/spot_msgs/msg/power_state__type_support.cpp.o[0m
[ 27%] [32mBuilding CXX object CMakeFiles/spot_msgs__rosidl_typesupport_c.dir/rosidl_typesupport_c/spot_msgs/msg/system_fault_state__type_support.cpp.o[0m
[ 27%] [32mBuilding CXX object CMakeFiles/spot_msgs__rosidl_typesupport_c.dir/rosidl_typesupport_c/spot_msgs/srv/acquire_lease__type_support.cpp.o[0m
[ 27%] [32mBuilding CXX object CMakeFiles/spot_msgs__rosidl_typesupport_cpp.dir/rosidl_typesupport_cpp/spot_msgs/srv/list_logpoints__type_support.cpp.o[0m
[ 27%] [32mBuilding CXX object CMakeFiles/spot_msgs__rosidl_typesupport_c.dir/rosidl_typesupport_c/spot_msgs/srv/choreography_recorded_state_to_animation__type_support.cpp.o[0m
[ 27%] [32mBuilding CXX object CMakeFiles/spot_msgs__rosidl_typesupport_c.dir/rosidl_typesupport_c/spot_msgs/srv/choreography_start_recording_state__type_support.cpp.o[0m
[ 27%] [32mBuilding CXX object CMakeFiles/spot_msgs__rosidl_typesupport_cpp.dir/rosidl_typesupport_cpp/spot_msgs/srv/retrieve_logpoint__type_support.cpp.o[0m
[ 27%] [32mBuilding CXX object CMakeFiles/spot_msgs__rosidl_typesupport_c.dir/rosidl_typesupport_c/spot_msgs/srv/choreography_stop_recording_state__type_support.cpp.o[0m
[ 28%] [32mBuilding CXX object CMakeFiles/spot_msgs__rosidl_typesupport_cpp.dir/rosidl_typesupport_cpp/spot_msgs/srv/robot_command__type_support.cpp.o[0m
[ 29%] [32mBuilding CXX object CMakeFiles/spot_msgs__rosidl_typesupport_c.dir/rosidl_typesupport_c/spot_msgs/srv/get_choreography_status__type_support.cpp.o[0m
[ 29%] [32mBuilding CXX object CMakeFiles/spot_msgs__rosidl_typesupport_c.dir/rosidl_typesupport_c/spot_msgs/srv/get_inverse_kinematic_solutions__type_support.cpp.o[0m
[ 29%] [32mBuilding CXX object CMakeFiles/spot_msgs__rosidl_typesupport_cpp.dir/rosidl_typesupport_cpp/spot_msgs/srv/set_gripper_angle__type_support.cpp.o[0m
[ 29%] [32mBuilding CXX object CMakeFiles/spot_msgs__rosidl_typesupport_cpp.dir/rosidl_typesupport_cpp/spot_msgs/srv/store_logpoint__type_support.cpp.o[0m
[ 29%] [32mBuilding CXX object CMakeFiles/spot_msgs__rosidl_typesupport_cpp.dir/rosidl_typesupport_cpp/spot_msgs/srv/tag_logpoint__type_support.cpp.o[0m
[ 29%] [32mBuilding CXX object CMakeFiles/spot_msgs__rosidl_typesupport_c.dir/rosidl_typesupport_c/spot_msgs/srv/list_graph__type_support.cpp.o[0m
[ 29%] [32mBuilding CXX object CMakeFiles/spot_msgs__rosidl_typesupport_c.dir/rosidl_typesupport_c/spot_msgs/srv/list_world_objects__type_support.cpp.o[0m
[ 29%] [32mBuilding CXX object CMakeFiles/spot_msgs__rosidl_typesupport_c.dir/rosidl_typesupport_c/spot_msgs/srv/return_lease__type_support.cpp.o[0m
[ 29%] [32mBuilding CXX object CMakeFiles/spot_msgs__rosidl_typesupport_c.dir/rosidl_typesupport_c/spot_msgs/srv/set_locomotion__type_support.cpp.o[0m
[ 30%] [32mBuilding CXX object CMakeFiles/spot_msgs__rosidl_typesupport_c.dir/rosidl_typesupport_c/spot_msgs/srv/set_velocity__type_support.cpp.o[0m
[ 30%] [32mBuilding CXX object CMakeFiles/spot_msgs__rosidl_typesupport_c.dir/rosidl_typesupport_c/spot_msgs/srv/list_all_dances__type_support.cpp.o[0m
[ 30%] [32mBuilding CXX object CMakeFiles/spot_msgs__rosidl_typesupport_c.dir/rosidl_typesupport_c/spot_msgs/srv/list_all_moves__type_support.cpp.o[0m
[ 30%] [32mBuilding CXX object CMakeFiles/spot_msgs__rosidl_typesupport_c.dir/rosidl_typesupport_c/spot_msgs/srv/upload_animation__type_support.cpp.o[0m
[ 30%] [32mBuilding CXX object CMakeFiles/spot_msgs__rosidl_typesupport_c.dir/rosidl_typesupport_c/spot_msgs/srv/upload_sequence__type_support.cpp.o[0m
[ 30%] [32mBuilding CXX object CMakeFiles/spot_msgs__rosidl_typesupport_cpp.dir/rosidl_typesupport_cpp/spot_msgs/srv/get_led_brightness__type_support.cpp.o[0m
[ 30%] [32mBuilding CXX object CMakeFiles/spot_msgs__rosidl_typesupport_c.dir/rosidl_typesupport_c/spot_msgs/srv/clear_behavior_fault__type_support.cpp.o[0m
[ 30%] [32mBuilding CXX object CMakeFiles/spot_msgs__rosidl_typesupport_cpp.dir/rosidl_typesupport_cpp/spot_msgs/srv/set_led_brightness__type_support.cpp.o[0m
[ 31%] [32mBuilding CXX object CMakeFiles/spot_msgs__rosidl_typesupport_c.dir/rosidl_typesupport_c/spot_msgs/srv/list_sounds__type_support.cpp.o[0m
[ 32%] [32mBuilding CXX object CMakeFiles/spot_msgs__rosidl_typesupport_cpp.dir/rosidl_typesupport_cpp/spot_msgs/srv/graph_nav_upload_graph__type_support.cpp.o[0m
[ 32%] [32mBuilding CXX object CMakeFiles/spot_msgs__rosidl_typesupport_c.dir/rosidl_typesupport_c/spot_msgs/srv/load_sound__type_support.cpp.o[0m
[ 32%] [32mBuilding CXX object CMakeFiles/spot_msgs__rosidl_typesupport_cpp.dir/rosidl_typesupport_cpp/spot_msgs/srv/graph_nav_clear_graph__type_support.cpp.o[0m
[ 32%] [32mBuilding CXX object CMakeFiles/spot_msgs__rosidl_typesupport_c.dir/rosidl_typesupport_c/spot_msgs/srv/play_sound__type_support.cpp.o[0m
[ 32%] [32mBuilding CXX object CMakeFiles/spot_msgs__rosidl_typesupport_cpp.dir/rosidl_typesupport_cpp/spot_msgs/srv/graph_nav_set_localization__type_support.cpp.o[0m
[ 32%] [32mBuilding CXX object CMakeFiles/spot_msgs__rosidl_typesupport_c.dir/rosidl_typesupport_c/spot_msgs/srv/delete_sound__type_support.cpp.o[0m
[ 32%] [32mBuilding CXX object CMakeFiles/spot_msgs__rosidl_typesupport_cpp.dir/rosidl_typesupport_cpp/spot_msgs/srv/graph_nav_get_localization_pose__type_support.cpp.o[0m
[ 32%] [32mBuilding CXX object CMakeFiles/spot_msgs__rosidl_typesupport_c.dir/rosidl_typesupport_c/spot_msgs/srv/get_volume__type_support.cpp.o[0m
[ 32%] [32mBuilding CXX object CMakeFiles/spot_msgs__rosidl_typesupport_cpp.dir/rosidl_typesupport_cpp/spot_msgs/srv/dock__type_support.cpp.o[0m
[ 32%] [32mBuilding CXX object CMakeFiles/spot_msgs__rosidl_typesupport_cpp.dir/rosidl_typesupport_cpp/spot_msgs/srv/get_gripper_camera_parameters__type_support.cpp.o[0m
[ 33%] [32mBuilding CXX object CMakeFiles/spot_msgs__rosidl_typesupport_cpp.dir/rosidl_typesupport_cpp/spot_msgs/srv/override_grasp_or_carry__type_support.cpp.o[0m
[ 33%] [32mBuilding CXX object CMakeFiles/spot_msgs__rosidl_typesupport_cpp.dir/rosidl_typesupport_cpp/spot_msgs/srv/set_gripper_camera_parameters__type_support.cpp.o[0m
[ 33%] [32mBuilding CXX object CMakeFiles/spot_msgs__rosidl_typesupport_c.dir/rosidl_typesupport_c/spot_msgs/srv/set_volume__type_support.cpp.o[0m
[ 33%] [32mBuilding CXX object CMakeFiles/spot_msgs__rosidl_typesupport_c.dir/rosidl_typesupport_c/spot_msgs/srv/list_ptz__type_support.cpp.o[0m
[ 33%] [32mBuilding CXX object CMakeFiles/spot_msgs__rosidl_typesupport_cpp.dir/rosidl_typesupport_cpp/spot_msgs/srv/set_stand_height__type_support.cpp.o[0m
[ 34%] [32mBuilding CXX object CMakeFiles/spot_msgs__rosidl_typesupport_c.dir/rosidl_typesupport_c/spot_msgs/srv/get_ptz_position__type_support.cpp.o[0m
[ 34%] [32mBuilding CXX object CMakeFiles/spot_msgs__rosidl_typesupport_c.dir/rosidl_typesupport_c/spot_msgs/srv/set_ptz_position__type_support.cpp.o[0m
[ 34%] [32mBuilding CXX object CMakeFiles/spot_msgs__rosidl_typesupport_c.dir/rosidl_typesupport_c/spot_msgs/srv/initialize_lens__type_support.cpp.o[0m
[ 34%] [32mBuilding CXX object CMakeFiles/spot_msgs__rosidl_typesupport_cpp.dir/rosidl_typesupport_cpp/spot_msgs/srv/set_stairs_mode__type_support.cpp.o[0m
[ 34%] [32mBuilding CXX object CMakeFiles/spot_msgs__rosidl_typesupport_c.dir/rosidl_typesupport_c/spot_msgs/srv/delete_logpoint__type_support.cpp.o[0m
[ 34%] [32mBuilding CXX object CMakeFiles/spot_msgs__rosidl_typesupport_c.dir/rosidl_typesupport_c/spot_msgs/srv/get_logpoint_status__type_support.cpp.o[0m
[ 34%] [32mBuilding CXX object CMakeFiles/spot_msgs__rosidl_typesupport_c.dir/rosidl_typesupport_c/spot_msgs/srv/list_cameras__type_support.cpp.o[0m
[ 34%] [32mBuilding CXX object CMakeFiles/spot_msgs__rosidl_typesupport_cpp.dir/rosidl_typesupport_cpp/spot_msgs/srv/mutate_world_object__type_support.cpp.o[0m
[ 34%] [32mBuilding CXX object CMakeFiles/spot_msgs__rosidl_typesupport_cpp.dir/rosidl_typesupport_cpp/spot_msgs/action/arm_surface_contact__type_support.cpp.o[0m
[ 35%] [32mBuilding CXX object CMakeFiles/spot_msgs__rosidl_typesupport_c.dir/rosidl_typesupport_c/spot_msgs/srv/list_logpoints__type_support.cpp.o[0m
[ 35%] [32mBuilding CXX object CMakeFiles/spot_msgs__rosidl_typesupport_c.dir/rosidl_typesupport_c/spot_msgs/srv/retrieve_logpoint__type_support.cpp.o[0m
[ 35%] [32mBuilding CXX object CMakeFiles/spot_msgs__rosidl_typesupport_c.dir/rosidl_typesupport_c/spot_msgs/srv/robot_command__type_support.cpp.o[0m
[ 36%] [32mBuilding CXX object CMakeFiles/spot_msgs__rosidl_typesupport_cpp.dir/rosidl_typesupport_cpp/spot_msgs/action/execute_dance__type_support.cpp.o[0m
[ 36%] [32mBuilding CXX object CMakeFiles/spot_msgs__rosidl_typesupport_c.dir/rosidl_typesupport_c/spot_msgs/srv/set_gripper_angle__type_support.cpp.o[0m
[ 36%] [32mBuilding CXX object CMakeFiles/spot_msgs__rosidl_typesupport_c.dir/rosidl_typesupport_c/spot_msgs/srv/store_logpoint__type_support.cpp.o[0m
[ 36%] [32mBuilding CXX object CMakeFiles/spot_msgs__rosidl_typesupport_c.dir/rosidl_typesupport_c/spot_msgs/srv/tag_logpoint__type_support.cpp.o[0m
[ 36%] [32mBuilding CXX object CMakeFiles/spot_msgs__rosidl_typesupport_cpp.dir/rosidl_typesupport_cpp/spot_msgs/action/navigate_to__type_support.cpp.o[0m
[ 37%] [32mBuilding CXX object CMakeFiles/spot_msgs__rosidl_typesupport_c.dir/rosidl_typesupport_c/spot_msgs/srv/get_led_brightness__type_support.cpp.o[0m
[ 37%] [32mBuilding CXX object CMakeFiles/spot_msgs__rosidl_typesupport_cpp.dir/rosidl_typesupport_cpp/spot_msgs/action/robot_command__type_support.cpp.o[0m
[ 37%] [32mBuilding CXX object CMakeFiles/spot_msgs__rosidl_typesupport_cpp.dir/rosidl_typesupport_cpp/spot_msgs/action/trajectory__type_support.cpp.o[0m
[ 37%] [32mBuilding CXX object CMakeFiles/spot_msgs__rosidl_typesupport_c.dir/rosidl_typesupport_c/spot_msgs/srv/set_led_brightness__type_support.cpp.o[0m
[ 37%] [32mBuilding CXX object CMakeFiles/spot_msgs__rosidl_typesupport_cpp.dir/rosidl_typesupport_cpp/spot_msgs/action/manipulation__type_support.cpp.o[0m
[ 37%] [32mBuilding CXX object CMakeFiles/spot_msgs__rosidl_typesupport_c.dir/rosidl_typesupport_c/spot_msgs/srv/graph_nav_upload_graph__type_support.cpp.o[0m
[ 37%] [32mBuilding CXX object CMakeFiles/spot_msgs__rosidl_typesupport_c.dir/rosidl_typesupport_c/spot_msgs/srv/graph_nav_clear_graph__type_support.cpp.o[0m
[ 37%] [32mBuilding CXX object CMakeFiles/spot_msgs__rosidl_typesupport_c.dir/rosidl_typesupport_c/spot_msgs/srv/graph_nav_set_localization__type_support.cpp.o[0m
[ 37%] [32mBuilding CXX object CMakeFiles/spot_msgs__rosidl_typesupport_c.dir/rosidl_typesupport_c/spot_msgs/srv/graph_nav_get_localization_pose__type_support.cpp.o[0m
[ 38%] [32mBuilding CXX object CMakeFiles/spot_msgs__rosidl_typesupport_c.dir/rosidl_typesupport_c/spot_msgs/srv/dock__type_support.cpp.o[0m
[ 38%] [32mBuilding CXX object CMakeFiles/spot_msgs__rosidl_typesupport_c.dir/rosidl_typesupport_c/spot_msgs/srv/get_gripper_camera_parameters__type_support.cpp.o[0m
[ 38%] [32mBuilding CXX object CMakeFiles/spot_msgs__rosidl_typesupport_c.dir/rosidl_typesupport_c/spot_msgs/srv/set_gripper_camera_parameters__type_support.cpp.o[0m
[ 38%] [32mBuilding CXX object CMakeFiles/spot_msgs__rosidl_typesupport_c.dir/rosidl_typesupport_c/spot_msgs/srv/override_grasp_or_carry__type_support.cpp.o[0m
[ 38%] [32mBuilding CXX object CMakeFiles/spot_msgs__rosidl_typesupport_c.dir/rosidl_typesupport_c/spot_msgs/srv/set_stand_height__type_support.cpp.o[0m
[ 38%] [32mBuilding CXX object CMakeFiles/spot_msgs__rosidl_typesupport_c.dir/rosidl_typesupport_c/spot_msgs/srv/set_stairs_mode__type_support.cpp.o[0m
[ 39%] [32mBuilding CXX object CMakeFiles/spot_msgs__rosidl_typesupport_c.dir/rosidl_typesupport_c/spot_msgs/srv/mutate_world_object__type_support.cpp.o[0m
[ 39%] [32mBuilding CXX object CMakeFiles/spot_msgs__rosidl_typesupport_c.dir/rosidl_typesupport_c/spot_msgs/action/arm_surface_contact__type_support.cpp.o[0m
[ 39%] [32mBuilding CXX object CMakeFiles/spot_msgs__rosidl_typesupport_c.dir/rosidl_typesupport_c/spot_msgs/action/execute_dance__type_support.cpp.o[0m
[ 39%] [32mBuilding CXX object CMakeFiles/spot_msgs__rosidl_typesupport_c.dir/rosidl_typesupport_c/spot_msgs/action/navigate_to__type_support.cpp.o[0m
[ 39%] [32mBuilding CXX object CMakeFiles/spot_msgs__rosidl_typesupport_c.dir/rosidl_typesupport_c/spot_msgs/action/robot_command__type_support.cpp.o[0m
[ 39%] [32mBuilding CXX object CMakeFiles/spot_msgs__rosidl_typesupport_c.dir/rosidl_typesupport_c/spot_msgs/action/trajectory__type_support.cpp.o[0m
[ 40%] [32mBuilding CXX object CMakeFiles/spot_msgs__rosidl_typesupport_c.dir/rosidl_typesupport_c/spot_msgs/action/manipulation__type_support.cpp.o[0m
[ 40%] [32mBuilding CXX object CMakeFiles/spot_msgs__rosidl_typesupport_introspection_cpp.dir/rosidl_typesupport_introspection_cpp/spot_msgs/msg/detail/battery_state_array__type_support.cpp.o[0m
[ 40%] [32mBuilding CXX object CMakeFiles/spot_msgs__rosidl_typesupport_introspection_cpp.dir/rosidl_typesupport_introspection_cpp/spot_msgs/msg/detail/behavior_fault__type_support.cpp.o[0m
[ 40%] [32mBuilding CXX object CMakeFiles/spot_msgs__rosidl_typesupport_introspection_cpp.dir/rosidl_typesupport_introspection_cpp/spot_msgs/msg/detail/foot_state_array__type_support.cpp.o[0m
[ 41%] [32mBuilding CXX object CMakeFiles/spot_msgs__rosidl_typesupport_introspection_cpp.dir/rosidl_typesupport_introspection_cpp/spot_msgs/msg/detail/e_stop_state_array__type_support.cpp.o[0m
[ 41%] [32m[1mLinking CXX shared library libspot_msgs__rosidl_typesupport_c.so[0m
[ 41%] [32mBuilding CXX object CMakeFiles/spot_msgs__rosidl_typesupport_introspection_cpp.dir/rosidl_typesupport_introspection_cpp/spot_msgs/msg/detail/lease_array__type_support.cpp.o[0m
[ 41%] [32mBuilding CXX object CMakeFiles/spot_msgs__rosidl_typesupport_introspection_cpp.dir/rosidl_typesupport_introspection_cpp/spot_msgs/msg/detail/lease_owner__type_support.cpp.o[0m
[ 41%] Built target spot_msgs__rosidl_typesupport_c
[ 41%] [32mBuilding CXX object CMakeFiles/spot_msgs__rosidl_typesupport_introspection_cpp.dir/rosidl_typesupport_introspection_cpp/spot_msgs/msg/detail/metrics__type_support.cpp.o[0m
[ 41%] [32mBuilding CXX object CMakeFiles/spot_msgs__rosidl_typesupport_introspection_cpp.dir/rosidl_typesupport_introspection_cpp/spot_msgs/msg/detail/mobility_params__type_support.cpp.o[0m
[ 42%] [32mBuilding CXX object CMakeFiles/spot_msgs__rosidl_typesupport_introspection_cpp.dir/rosidl_typesupport_introspection_cpp/spot_msgs/msg/detail/system_fault__type_support.cpp.o[0m
[ 42%] [32mBuilding CXX object CMakeFiles/spot_msgs__rosidl_typesupport_introspection_cpp.dir/rosidl_typesupport_introspection_cpp/spot_msgs/msg/detail/wi_fi_state__type_support.cpp.o[0m
[ 42%] [32mBuilding CXX object CMakeFiles/spot_msgs__rosidl_typesupport_introspection_cpp.dir/rosidl_typesupport_introspection_cpp/spot_msgs/msg/detail/battery_state__type_support.cpp.o[0m
[ 42%] [32mBuilding CXX object CMakeFiles/spot_msgs__rosidl_typesupport_introspection_cpp.dir/rosidl_typesupport_introspection_cpp/spot_msgs/msg/detail/behavior_fault_state__type_support.cpp.o[0m
[ 42%] [32m[1mLinking CXX shared library libspot_msgs__rosidl_typesupport_cpp.so[0m
[ 42%] Built target spot_msgs__rosidl_typesupport_cpp
[ 42%] [32mBuilding CXX object CMakeFiles/spot_msgs__rosidl_typesupport_introspection_cpp.dir/rosidl_typesupport_introspection_cpp/spot_msgs/msg/detail/e_stop_state__type_support.cpp.o[0m
[ 42%] [32mBuilding CXX object CMakeFiles/spot_msgs__rosidl_typesupport_introspection_cpp.dir/rosidl_typesupport_introspection_cpp/spot_msgs/msg/detail/feedback__type_support.cpp.o[0m
[ 43%] [32mBuilding CXX object CMakeFiles/spot_msgs__rosidl_typesupport_introspection_cpp.dir/rosidl_typesupport_introspection_cpp/spot_msgs/msg/detail/foot_state__type_support.cpp.o[0m
[ 43%] [32mBuilding CXX object CMakeFiles/spot_msgs__rosidl_typesupport_introspection_cpp.dir/rosidl_typesupport_introspection_cpp/spot_msgs/msg/detail/joint_command__type_support.cpp.o[0m
[ 43%] [32mBuilding CXX object CMakeFiles/spot_msgs__rosidl_typesupport_introspection_cpp.dir/rosidl_typesupport_introspection_cpp/spot_msgs/msg/detail/lease__type_support.cpp.o[0m
[ 43%] [32mBuilding CXX object CMakeFiles/spot_msgs__rosidl_typesupport_introspection_cpp.dir/rosidl_typesupport_introspection_cpp/spot_msgs/msg/detail/lease_resource__type_support.cpp.o[0m
[ 43%] [32mBuilding CXX object CMakeFiles/spot_msgs__rosidl_typesupport_introspection_cpp.dir/rosidl_typesupport_introspection_cpp/spot_msgs/msg/detail/power_state__type_support.cpp.o[0m
[ 43%] [32mBuilding CXX object CMakeFiles/spot_msgs__rosidl_typesupport_introspection_cpp.dir/rosidl_typesupport_introspection_cpp/spot_msgs/msg/detail/system_fault_state__type_support.cpp.o[0m
[ 44%] [32mBuilding CXX object CMakeFiles/spot_msgs__rosidl_typesupport_introspection_cpp.dir/rosidl_typesupport_introspection_cpp/spot_msgs/srv/detail/acquire_lease__type_support.cpp.o[0m
[ 44%] [32mBuilding CXX object CMakeFiles/spot_msgs__rosidl_typesupport_introspection_cpp.dir/rosidl_typesupport_introspection_cpp/spot_msgs/srv/detail/choreography_recorded_state_to_animation__type_support.cpp.o[0m
[ 44%] [32mBuilding CXX object CMakeFiles/spot_msgs__rosidl_typesupport_introspection_cpp.dir/rosidl_typesupport_introspection_cpp/spot_msgs/srv/detail/choreography_start_recording_state__type_support.cpp.o[0m
[ 44%] [32mBuilding CXX object CMakeFiles/spot_msgs__rosidl_typesupport_introspection_cpp.dir/rosidl_typesupport_introspection_cpp/spot_msgs/srv/detail/choreography_stop_recording_state__type_support.cpp.o[0m
[ 44%] [32mBuilding CXX object CMakeFiles/spot_msgs__rosidl_typesupport_introspection_cpp.dir/rosidl_typesupport_introspection_cpp/spot_msgs/srv/detail/get_choreography_status__type_support.cpp.o[0m
[ 44%] [32mBuilding CXX object CMakeFiles/spot_msgs__rosidl_typesupport_introspection_cpp.dir/rosidl_typesupport_introspection_cpp/spot_msgs/srv/detail/get_inverse_kinematic_solutions__type_support.cpp.o[0m
[ 45%] [32mBuilding CXX object CMakeFiles/spot_msgs__rosidl_typesupport_introspection_cpp.dir/rosidl_typesupport_introspection_cpp/spot_msgs/srv/detail/list_graph__type_support.cpp.o[0m
[ 45%] [32mBuilding CXX object CMakeFiles/spot_msgs__rosidl_typesupport_introspection_cpp.dir/rosidl_typesupport_introspection_cpp/spot_msgs/srv/detail/list_world_objects__type_support.cpp.o[0m
[ 45%] [32mBuilding CXX object CMakeFiles/spot_msgs__rosidl_typesupport_introspection_cpp.dir/rosidl_typesupport_introspection_cpp/spot_msgs/srv/detail/return_lease__type_support.cpp.o[0m
[ 45%] [32mBuilding CXX object CMakeFiles/spot_msgs__rosidl_typesupport_introspection_cpp.dir/rosidl_typesupport_introspection_cpp/spot_msgs/srv/detail/set_locomotion__type_support.cpp.o[0m
[ 45%] [32mBuilding CXX object CMakeFiles/spot_msgs__rosidl_typesupport_introspection_cpp.dir/rosidl_typesupport_introspection_cpp/spot_msgs/srv/detail/set_velocity__type_support.cpp.o[0m
[ 45%] [32mBuilding CXX object CMakeFiles/spot_msgs__rosidl_typesupport_introspection_cpp.dir/rosidl_typesupport_introspection_cpp/spot_msgs/srv/detail/list_all_dances__type_support.cpp.o[0m
[ 45%] [32mBuilding C object CMakeFiles/spot_msgs__rosidl_typesupport_introspection_c.dir/rosidl_typesupport_introspection_c/spot_msgs/msg/detail/behavior_fault__type_support.c.o[0m
[ 45%] [32mBuilding C object CMakeFiles/spot_msgs__rosidl_typesupport_introspection_c.dir/rosidl_typesupport_introspection_c/spot_msgs/msg/detail/battery_state_array__type_support.c.o[0m
[ 45%] [32mBuilding C object CMakeFiles/spot_msgs__rosidl_typesupport_introspection_c.dir/rosidl_typesupport_introspection_c/spot_msgs/msg/detail/e_stop_state_array__type_support.c.o[0m
[ 46%] [32mBuilding CXX object CMakeFiles/spot_msgs__rosidl_typesupport_introspection_cpp.dir/rosidl_typesupport_introspection_cpp/spot_msgs/srv/detail/list_all_moves__type_support.cpp.o[0m
[ 46%] [32mBuilding CXX object CMakeFiles/spot_msgs__rosidl_typesupport_introspection_cpp.dir/rosidl_typesupport_introspection_cpp/spot_msgs/srv/detail/upload_animation__type_support.cpp.o[0m
[ 46%] [32mBuilding C object CMakeFiles/spot_msgs__rosidl_typesupport_introspection_c.dir/rosidl_typesupport_introspection_c/spot_msgs/msg/detail/foot_state_array__type_support.c.o[0m
[ 46%] [32mBuilding CXX object CMakeFiles/spot_msgs__rosidl_typesupport_introspection_cpp.dir/rosidl_typesupport_introspection_cpp/spot_msgs/srv/detail/upload_sequence__type_support.cpp.o[0m
[ 46%] [32mBuilding CXX object CMakeFiles/spot_msgs__rosidl_typesupport_introspection_cpp.dir/rosidl_typesupport_introspection_cpp/spot_msgs/srv/detail/clear_behavior_fault__type_support.cpp.o[0m
[ 46%] [32mBuilding C object CMakeFiles/spot_msgs__rosidl_typesupport_introspection_c.dir/rosidl_typesupport_introspection_c/spot_msgs/msg/detail/lease_array__type_support.c.o[0m
[ 46%] [32mBuilding CXX object CMakeFiles/spot_msgs__rosidl_typesupport_introspection_cpp.dir/rosidl_typesupport_introspection_cpp/spot_msgs/srv/detail/list_sounds__type_support.cpp.o[0m
[ 46%] [32mBuilding C object CMakeFiles/spot_msgs__rosidl_typesupport_introspection_c.dir/rosidl_typesupport_introspection_c/spot_msgs/msg/detail/lease_owner__type_support.c.o[0m
[ 47%] [32mBuilding C object CMakeFiles/spot_msgs__rosidl_typesupport_introspection_c.dir/rosidl_typesupport_introspection_c/spot_msgs/msg/detail/metrics__type_support.c.o[0m
[ 47%] [32mBuilding C object CMakeFiles/spot_msgs__rosidl_typesupport_introspection_c.dir/rosidl_typesupport_introspection_c/spot_msgs/msg/detail/mobility_params__type_support.c.o[0m
[ 47%] [32mBuilding CXX object CMakeFiles/spot_msgs__rosidl_typesupport_introspection_cpp.dir/rosidl_typesupport_introspection_cpp/spot_msgs/srv/detail/load_sound__type_support.cpp.o[0m
[ 47%] [32mBuilding C object CMakeFiles/spot_msgs__rosidl_typesupport_introspection_c.dir/rosidl_typesupport_introspection_c/spot_msgs/msg/detail/system_fault__type_support.c.o[0m
[ 47%] [32mBuilding CXX object CMakeFiles/spot_msgs__rosidl_typesupport_fastrtps_cpp.dir/rosidl_typesupport_fastrtps_cpp/spot_msgs/msg/detail/dds_fastrtps/battery_state_array__type_support.cpp.o[0m
[ 47%] [32mBuilding C object CMakeFiles/spot_msgs__rosidl_typesupport_introspection_c.dir/rosidl_typesupport_introspection_c/spot_msgs/msg/detail/wi_fi_state__type_support.c.o[0m
[ 47%] [32mBuilding CXX object CMakeFiles/spot_msgs__rosidl_typesupport_introspection_cpp.dir/rosidl_typesupport_introspection_cpp/spot_msgs/srv/detail/play_sound__type_support.cpp.o[0m
[ 47%] [32mBuilding CXX object CMakeFiles/spot_msgs__rosidl_typesupport_fastrtps_cpp.dir/rosidl_typesupport_fastrtps_cpp/spot_msgs/msg/detail/dds_fastrtps/behavior_fault__type_support.cpp.o[0m
[ 47%] [32mBuilding C object CMakeFiles/spot_msgs__rosidl_typesupport_introspection_c.dir/rosidl_typesupport_introspection_c/spot_msgs/msg/detail/battery_state__type_support.c.o[0m
[ 47%] [32mBuilding C object CMakeFiles/spot_msgs__rosidl_typesupport_introspection_c.dir/rosidl_typesupport_introspection_c/spot_msgs/msg/detail/behavior_fault_state__type_support.c.o[0m
[ 48%] [32mBuilding CXX object CMakeFiles/spot_msgs__rosidl_typesupport_fastrtps_cpp.dir/rosidl_typesupport_fastrtps_cpp/spot_msgs/msg/detail/dds_fastrtps/e_stop_state_array__type_support.cpp.o[0m
[ 48%] [32mBuilding CXX object CMakeFiles/spot_msgs__rosidl_typesupport_fastrtps_cpp.dir/rosidl_typesupport_fastrtps_cpp/spot_msgs/msg/detail/dds_fastrtps/foot_state_array__type_support.cpp.o[0m
[ 49%] [32mBuilding C object CMakeFiles/spot_msgs__rosidl_typesupport_introspection_c.dir/rosidl_typesupport_introspection_c/spot_msgs/msg/detail/e_stop_state__type_support.c.o[0m
[ 49%] [32mBuilding CXX object CMakeFiles/spot_msgs__rosidl_typesupport_fastrtps_cpp.dir/rosidl_typesupport_fastrtps_cpp/spot_msgs/msg/detail/dds_fastrtps/lease_array__type_support.cpp.o[0m
[ 49%] [32mBuilding C object CMakeFiles/spot_msgs__rosidl_typesupport_introspection_c.dir/rosidl_typesupport_introspection_c/spot_msgs/msg/detail/feedback__type_support.c.o[0m
[ 49%] [32mBuilding C object CMakeFiles/spot_msgs__rosidl_typesupport_introspection_c.dir/rosidl_typesupport_introspection_c/spot_msgs/msg/detail/foot_state__type_support.c.o[0m
[ 49%] [32mBuilding C object CMakeFiles/spot_msgs__rosidl_typesupport_introspection_c.dir/rosidl_typesupport_introspection_c/spot_msgs/msg/detail/joint_command__type_support.c.o[0m
[ 49%] [32mBuilding CXX object CMakeFiles/spot_msgs__rosidl_typesupport_fastrtps_cpp.dir/rosidl_typesupport_fastrtps_cpp/spot_msgs/msg/detail/dds_fastrtps/lease_owner__type_support.cpp.o[0m
[ 49%] [32mBuilding CXX object CMakeFiles/spot_msgs__rosidl_typesupport_fastrtps_cpp.dir/rosidl_typesupport_fastrtps_cpp/spot_msgs/msg/detail/dds_fastrtps/metrics__type_support.cpp.o[0m
[ 49%] [32mBuilding CXX object CMakeFiles/spot_msgs__rosidl_typesupport_fastrtps_cpp.dir/rosidl_typesupport_fastrtps_cpp/spot_msgs/msg/detail/dds_fastrtps/mobility_params__type_support.cpp.o[0m
[ 49%] [32mBuilding C object CMakeFiles/spot_msgs__rosidl_typesupport_introspection_c.dir/rosidl_typesupport_introspection_c/spot_msgs/msg/detail/lease__type_support.c.o[0m
[ 50%] [32mBuilding CXX object CMakeFiles/spot_msgs__rosidl_typesupport_fastrtps_cpp.dir/rosidl_typesupport_fastrtps_cpp/spot_msgs/msg/detail/dds_fastrtps/system_fault__type_support.cpp.o[0m
[ 50%] [32mBuilding C object CMakeFiles/spot_msgs__rosidl_typesupport_introspection_c.dir/rosidl_typesupport_introspection_c/spot_msgs/msg/detail/lease_resource__type_support.c.o[0m
[ 50%] [32mBuilding CXX object CMakeFiles/spot_msgs__rosidl_typesupport_fastrtps_cpp.dir/rosidl_typesupport_fastrtps_cpp/spot_msgs/msg/detail/dds_fastrtps/wi_fi_state__type_support.cpp.o[0m
[ 51%] [32mBuilding CXX object CMakeFiles/spot_msgs__rosidl_typesupport_introspection_cpp.dir/rosidl_typesupport_introspection_cpp/spot_msgs/srv/detail/delete_sound__type_support.cpp.o[0m
[ 52%] [32mBuilding C object CMakeFiles/spot_msgs__rosidl_typesupport_introspection_c.dir/rosidl_typesupport_introspection_c/spot_msgs/msg/detail/power_state__type_support.c.o[0m
[ 52%] [32mBuilding CXX object CMakeFiles/spot_msgs__rosidl_typesupport_introspection_cpp.dir/rosidl_typesupport_introspection_cpp/spot_msgs/srv/detail/get_volume__type_support.cpp.o[0m
[ 52%] [32mBuilding C object CMakeFiles/spot_msgs__rosidl_typesupport_introspection_c.dir/rosidl_typesupport_introspection_c/spot_msgs/msg/detail/system_fault_state__type_support.c.o[0m
[ 52%] [32mBuilding CXX object CMakeFiles/spot_msgs__rosidl_typesupport_introspection_cpp.dir/rosidl_typesupport_introspection_cpp/spot_msgs/srv/detail/set_volume__type_support.cpp.o[0m
[ 52%] [32mBuilding C object CMakeFiles/spot_msgs__rosidl_typesupport_introspection_c.dir/rosidl_typesupport_introspection_c/spot_msgs/srv/detail/acquire_lease__type_support.c.o[0m
[ 52%] [32mBuilding C object CMakeFiles/spot_msgs__rosidl_typesupport_introspection_c.dir/rosidl_typesupport_introspection_c/spot_msgs/srv/detail/choreography_recorded_state_to_animation__type_support.c.o[0m
[ 52%] [32mBuilding CXX object CMakeFiles/spot_msgs__rosidl_typesupport_fastrtps_cpp.dir/rosidl_typesupport_fastrtps_cpp/spot_msgs/msg/detail/dds_fastrtps/battery_state__type_support.cpp.o[0m
[ 52%] [32mBuilding C object CMakeFiles/spot_msgs__rosidl_typesupport_introspection_c.dir/rosidl_typesupport_introspection_c/spot_msgs/srv/detail/choreography_start_recording_state__type_support.c.o[0m
[ 52%] [32mBuilding C object CMakeFiles/spot_msgs__rosidl_typesupport_introspection_c.dir/rosidl_typesupport_introspection_c/spot_msgs/srv/detail/choreography_stop_recording_state__type_support.c.o[0m
[ 52%] [32mBuilding CXX object CMakeFiles/spot_msgs__rosidl_typesupport_introspection_cpp.dir/rosidl_typesupport_introspection_cpp/spot_msgs/srv/detail/list_ptz__type_support.cpp.o[0m
[ 52%] [32mBuilding CXX object CMakeFiles/spot_msgs__rosidl_typesupport_introspection_cpp.dir/rosidl_typesupport_introspection_cpp/spot_msgs/srv/detail/get_ptz_position__type_support.cpp.o[0m
[ 52%] [32mBuilding CXX object CMakeFiles/spot_msgs__rosidl_typesupport_fastrtps_c.dir/rosidl_typesupport_fastrtps_c/spot_msgs/msg/detail/battery_state_array__type_support_c.cpp.o[0m
[ 53%] [32mBuilding C object CMakeFiles/spot_msgs__rosidl_typesupport_introspection_c.dir/rosidl_typesupport_introspection_c/spot_msgs/srv/detail/get_choreography_status__type_support.c.o[0m
[ 53%] [32mBuilding C object CMakeFiles/spot_msgs__rosidl_typesupport_introspection_c.dir/rosidl_typesupport_introspection_c/spot_msgs/srv/detail/get_inverse_kinematic_solutions__type_support.c.o[0m
[ 53%] [32mBuilding CXX object CMakeFiles/spot_msgs__rosidl_typesupport_fastrtps_cpp.dir/rosidl_typesupport_fastrtps_cpp/spot_msgs/msg/detail/dds_fastrtps/behavior_fault_state__type_support.cpp.o[0m
[ 53%] [32mBuilding CXX object CMakeFiles/spot_msgs__rosidl_typesupport_fastrtps_cpp.dir/rosidl_typesupport_fastrtps_cpp/spot_msgs/msg/detail/dds_fastrtps/e_stop_state__type_support.cpp.o[0m
[ 53%] [32mBuilding C object CMakeFiles/spot_msgs__rosidl_typesupport_introspection_c.dir/rosidl_typesupport_introspection_c/spot_msgs/srv/detail/list_graph__type_support.c.o[0m
[ 53%] [32mBuilding CXX object CMakeFiles/spot_msgs__rosidl_typesupport_fastrtps_c.dir/rosidl_typesupport_fastrtps_c/spot_msgs/msg/detail/behavior_fault__type_support_c.cpp.o[0m
[ 53%] [32mBuilding C object CMakeFiles/spot_msgs__rosidl_typesupport_introspection_c.dir/rosidl_typesupport_introspection_c/spot_msgs/srv/detail/list_world_objects__type_support.c.o[0m
[ 53%] [32mBuilding C object CMakeFiles/spot_msgs__rosidl_typesupport_introspection_c.dir/rosidl_typesupport_introspection_c/spot_msgs/srv/detail/return_lease__type_support.c.o[0m
[ 53%] [32mBuilding C object CMakeFiles/spot_msgs__rosidl_typesupport_introspection_c.dir/rosidl_typesupport_introspection_c/spot_msgs/srv/detail/set_locomotion__type_support.c.o[0m
[ 53%] [32mBuilding CXX object CMakeFiles/spot_msgs__rosidl_typesupport_introspection_cpp.dir/rosidl_typesupport_introspection_cpp/spot_msgs/srv/detail/set_ptz_position__type_support.cpp.o[0m
[ 54%] [32mBuilding CXX object CMakeFiles/spot_msgs__rosidl_typesupport_introspection_cpp.dir/rosidl_typesupport_introspection_cpp/spot_msgs/srv/detail/initialize_lens__type_support.cpp.o[0m
[ 54%] [32mBuilding CXX object CMakeFiles/spot_msgs__rosidl_typesupport_fastrtps_c.dir/rosidl_typesupport_fastrtps_c/spot_msgs/msg/detail/e_stop_state_array__type_support_c.cpp.o[0m
[ 55%] [32mBuilding C object CMakeFiles/spot_msgs__rosidl_typesupport_introspection_c.dir/rosidl_typesupport_introspection_c/spot_msgs/srv/detail/set_velocity__type_support.c.o[0m
[ 55%] [32mBuilding CXX object CMakeFiles/spot_msgs__rosidl_typesupport_introspection_cpp.dir/rosidl_typesupport_introspection_cpp/spot_msgs/srv/detail/delete_logpoint__type_support.cpp.o[0m
[ 55%] [32mBuilding CXX object CMakeFiles/spot_msgs__rosidl_typesupport_fastrtps_cpp.dir/rosidl_typesupport_fastrtps_cpp/spot_msgs/msg/detail/dds_fastrtps/feedback__type_support.cpp.o[0m
[ 56%] [32mBuilding CXX object CMakeFiles/spot_msgs__rosidl_typesupport_fastrtps_cpp.dir/rosidl_typesupport_fastrtps_cpp/spot_msgs/msg/detail/dds_fastrtps/foot_state__type_support.cpp.o[0m
[ 56%] [32mBuilding C object CMakeFiles/spot_msgs__rosidl_typesupport_introspection_c.dir/rosidl_typesupport_introspection_c/spot_msgs/srv/detail/list_all_dances__type_support.c.o[0m
[ 56%] [32mBuilding CXX object CMakeFiles/spot_msgs__rosidl_typesupport_introspection_cpp.dir/rosidl_typesupport_introspection_cpp/spot_msgs/srv/detail/get_logpoint_status__type_support.cpp.o[0m
[ 56%] [32mBuilding CXX object CMakeFiles/spot_msgs__rosidl_typesupport_fastrtps_cpp.dir/rosidl_typesupport_fastrtps_cpp/spot_msgs/msg/detail/dds_fastrtps/joint_command__type_support.cpp.o[0m
[ 56%] [32mBuilding C object CMakeFiles/spot_msgs__rosidl_typesupport_introspection_c.dir/rosidl_typesupport_introspection_c/spot_msgs/srv/detail/list_all_moves__type_support.c.o[0m
[ 56%] [32mBuilding C object CMakeFiles/spot_msgs__rosidl_typesupport_introspection_c.dir/rosidl_typesupport_introspection_c/spot_msgs/srv/detail/upload_animation__type_support.c.o[0m
[ 56%] [32mBuilding C object CMakeFiles/spot_msgs__rosidl_typesupport_introspection_c.dir/rosidl_typesupport_introspection_c/spot_msgs/srv/detail/upload_sequence__type_support.c.o[0m
[ 56%] [32mBuilding CXX object CMakeFiles/spot_msgs__rosidl_typesupport_introspection_cpp.dir/rosidl_typesupport_introspection_cpp/spot_msgs/srv/detail/list_cameras__type_support.cpp.o[0m
[ 56%] [32mBuilding CXX object CMakeFiles/spot_msgs__rosidl_typesupport_introspection_cpp.dir/rosidl_typesupport_introspection_cpp/spot_msgs/srv/detail/list_logpoints__type_support.cpp.o[0m
[ 56%] [32mBuilding CXX object CMakeFiles/spot_msgs__rosidl_typesupport_fastrtps_cpp.dir/rosidl_typesupport_fastrtps_cpp/spot_msgs/msg/detail/dds_fastrtps/lease__type_support.cpp.o[0m
[ 56%] [32mBuilding C object CMakeFiles/spot_msgs__rosidl_typesupport_introspection_c.dir/rosidl_typesupport_introspection_c/spot_msgs/srv/detail/clear_behavior_fault__type_support.c.o[0m
[ 56%] [32mBuilding CXX object CMakeFiles/spot_msgs__rosidl_typesupport_fastrtps_c.dir/rosidl_typesupport_fastrtps_c/spot_msgs/msg/detail/foot_state_array__type_support_c.cpp.o[0m
[ 56%] [32mBuilding CXX object CMakeFiles/spot_msgs__rosidl_typesupport_fastrtps_cpp.dir/rosidl_typesupport_fastrtps_cpp/spot_msgs/msg/detail/dds_fastrtps/lease_resource__type_support.cpp.o[0m
[ 57%] [32mBuilding C object CMakeFiles/spot_msgs__rosidl_typesupport_introspection_c.dir/rosidl_typesupport_introspection_c/spot_msgs/srv/detail/list_sounds__type_support.c.o[0m
[ 57%] [32mBuilding CXX object CMakeFiles/spot_msgs__rosidl_typesupport_introspection_cpp.dir/rosidl_typesupport_introspection_cpp/spot_msgs/srv/detail/retrieve_logpoint__type_support.cpp.o[0m
[ 58%] [32mBuilding CXX object CMakeFiles/spot_msgs__rosidl_typesupport_introspection_cpp.dir/rosidl_typesupport_introspection_cpp/spot_msgs/srv/detail/robot_command__type_support.cpp.o[0m
[ 58%] [32mBuilding C object CMakeFiles/spot_msgs__rosidl_typesupport_introspection_c.dir/rosidl_typesupport_introspection_c/spot_msgs/srv/detail/load_sound__type_support.c.o[0m
[ 58%] [32mBuilding CXX object CMakeFiles/spot_msgs__rosidl_typesupport_introspection_cpp.dir/rosidl_typesupport_introspection_cpp/spot_msgs/srv/detail/set_gripper_angle__type_support.cpp.o[0m
[ 58%] [32mBuilding C object CMakeFiles/spot_msgs__rosidl_typesupport_introspection_c.dir/rosidl_typesupport_introspection_c/spot_msgs/srv/detail/play_sound__type_support.c.o[0m
[ 58%] [32mBuilding CXX object CMakeFiles/spot_msgs__rosidl_typesupport_fastrtps_c.dir/rosidl_typesupport_fastrtps_c/spot_msgs/msg/detail/lease_array__type_support_c.cpp.o[0m
[ 58%] [32mBuilding CXX object CMakeFiles/spot_msgs__rosidl_typesupport_fastrtps_c.dir/rosidl_typesupport_fastrtps_c/spot_msgs/msg/detail/lease_owner__type_support_c.cpp.o[0m
[ 59%] [32mBuilding C object CMakeFiles/spot_msgs__rosidl_typesupport_introspection_c.dir/rosidl_typesupport_introspection_c/spot_msgs/srv/detail/delete_sound__type_support.c.o[0m
[ 59%] [32mBuilding CXX object CMakeFiles/spot_msgs__rosidl_typesupport_fastrtps_c.dir/rosidl_typesupport_fastrtps_c/spot_msgs/msg/detail/metrics__type_support_c.cpp.o[0m
[ 59%] [32mBuilding CXX object CMakeFiles/spot_msgs__rosidl_typesupport_introspection_cpp.dir/rosidl_typesupport_introspection_cpp/spot_msgs/srv/detail/store_logpoint__type_support.cpp.o[0m
[ 59%] [32mBuilding CXX object CMakeFiles/spot_msgs__rosidl_typesupport_fastrtps_c.dir/rosidl_typesupport_fastrtps_c/spot_msgs/msg/detail/mobility_params__type_support_c.cpp.o[0m
[ 59%] [32mBuilding CXX object CMakeFiles/spot_msgs__rosidl_typesupport_introspection_cpp.dir/rosidl_typesupport_introspection_cpp/spot_msgs/srv/detail/tag_logpoint__type_support.cpp.o[0m
[ 59%] [32mBuilding C object CMakeFiles/spot_msgs__rosidl_typesupport_introspection_c.dir/rosidl_typesupport_introspection_c/spot_msgs/srv/detail/get_volume__type_support.c.o[0m
[ 59%] [32mBuilding C object CMakeFiles/spot_msgs__rosidl_typesupport_introspection_c.dir/rosidl_typesupport_introspection_c/spot_msgs/srv/detail/set_volume__type_support.c.o[0m
[ 59%] [32mBuilding C object CMakeFiles/spot_msgs__rosidl_typesupport_introspection_c.dir/rosidl_typesupport_introspection_c/spot_msgs/srv/detail/list_ptz__type_support.c.o[0m
[ 59%] [32mBuilding CXX object CMakeFiles/spot_msgs__rosidl_typesupport_fastrtps_c.dir/rosidl_typesupport_fastrtps_c/spot_msgs/msg/detail/system_fault__type_support_c.cpp.o[0m
[ 59%] [32mBuilding CXX object CMakeFiles/spot_msgs__rosidl_typesupport_fastrtps_cpp.dir/rosidl_typesupport_fastrtps_cpp/spot_msgs/msg/detail/dds_fastrtps/power_state__type_support.cpp.o[0m
[ 60%] [32mBuilding C object CMakeFiles/spot_msgs__rosidl_typesupport_introspection_c.dir/rosidl_typesupport_introspection_c/spot_msgs/srv/detail/get_ptz_position__type_support.c.o[0m
[ 60%] [32mBuilding C object CMakeFiles/spot_msgs__rosidl_typesupport_introspection_c.dir/rosidl_typesupport_introspection_c/spot_msgs/srv/detail/set_ptz_position__type_support.c.o[0m
[ 60%] [32mBuilding CXX object CMakeFiles/spot_msgs__rosidl_typesupport_fastrtps_cpp.dir/rosidl_typesupport_fastrtps_cpp/spot_msgs/msg/detail/dds_fastrtps/system_fault_state__type_support.cpp.o[0m
[ 60%] [32mBuilding CXX object CMakeFiles/spot_msgs__rosidl_typesupport_fastrtps_c.dir/rosidl_typesupport_fastrtps_c/spot_msgs/msg/detail/wi_fi_state__type_support_c.cpp.o[0m
[ 60%] [32mBuilding C object CMakeFiles/spot_msgs__rosidl_typesupport_introspection_c.dir/rosidl_typesupport_introspection_c/spot_msgs/srv/detail/initialize_lens__type_support.c.o[0m
[ 60%] [32mBuilding CXX object CMakeFiles/spot_msgs__rosidl_typesupport_introspection_cpp.dir/rosidl_typesupport_introspection_cpp/spot_msgs/srv/detail/get_led_brightness__type_support.cpp.o[0m
[ 60%] [32mBuilding CXX object CMakeFiles/spot_msgs__rosidl_typesupport_introspection_cpp.dir/rosidl_typesupport_introspection_cpp/spot_msgs/srv/detail/set_led_brightness__type_support.cpp.o[0m
[ 62%] [32mBuilding CXX object CMakeFiles/spot_msgs__rosidl_typesupport_introspection_cpp.dir/rosidl_typesupport_introspection_cpp/spot_msgs/srv/detail/graph_nav_upload_graph__type_support.cpp.o[0m
[ 62%] [32mBuilding C object CMakeFiles/spot_msgs__rosidl_typesupport_introspection_c.dir/rosidl_typesupport_introspection_c/spot_msgs/srv/detail/delete_logpoint__type_support.c.o[0m
[ 62%] [32mBuilding CXX object CMakeFiles/spot_msgs__rosidl_typesupport_fastrtps_cpp.dir/rosidl_typesupport_fastrtps_cpp/spot_msgs/srv/detail/dds_fastrtps/acquire_lease__type_support.cpp.o[0m
[ 62%] [32mBuilding CXX object CMakeFiles/spot_msgs__rosidl_typesupport_fastrtps_c.dir/rosidl_typesupport_fastrtps_c/spot_msgs/msg/detail/battery_state__type_support_c.cpp.o[0m
[ 62%] [32mBuilding CXX object CMakeFiles/spot_msgs__rosidl_typesupport_fastrtps_cpp.dir/rosidl_typesupport_fastrtps_cpp/spot_msgs/srv/detail/dds_fastrtps/choreography_recorded_state_to_animation__type_support.cpp.o[0m
[ 62%] [32mBuilding C object CMakeFiles/spot_msgs__rosidl_typesupport_introspection_c.dir/rosidl_typesupport_introspection_c/spot_msgs/srv/detail/get_logpoint_status__type_support.c.o[0m
[ 62%] [32mBuilding CXX object CMakeFiles/spot_msgs__rosidl_typesupport_introspection_cpp.dir/rosidl_typesupport_introspection_cpp/spot_msgs/srv/detail/graph_nav_clear_graph__type_support.cpp.o[0m
[ 62%] [32mBuilding CXX object CMakeFiles/spot_msgs__rosidl_typesupport_fastrtps_cpp.dir/rosidl_typesupport_fastrtps_cpp/spot_msgs/srv/detail/dds_fastrtps/choreography_start_recording_state__type_support.cpp.o[0m
[ 62%] [32mBuilding C object CMakeFiles/spot_msgs__rosidl_typesupport_introspection_c.dir/rosidl_typesupport_introspection_c/spot_msgs/srv/detail/list_cameras__type_support.c.o[0m
[ 62%] [32mBuilding CXX object CMakeFiles/spot_msgs__rosidl_typesupport_fastrtps_c.dir/rosidl_typesupport_fastrtps_c/spot_msgs/msg/detail/behavior_fault_state__type_support_c.cpp.o[0m
[ 62%] [32mBuilding CXX object CMakeFiles/spot_msgs__rosidl_typesupport_introspection_cpp.dir/rosidl_typesupport_introspection_cpp/spot_msgs/srv/detail/graph_nav_set_localization__type_support.cpp.o[0m
[ 63%] [32mBuilding C object CMakeFiles/spot_msgs__rosidl_typesupport_introspection_c.dir/rosidl_typesupport_introspection_c/spot_msgs/srv/detail/list_logpoints__type_support.c.o[0m
[ 63%] [32mBuilding C object CMakeFiles/spot_msgs__rosidl_typesupport_introspection_c.dir/rosidl_typesupport_introspection_c/spot_msgs/srv/detail/retrieve_logpoint__type_support.c.o[0m
[ 63%] [32mBuilding CXX object CMakeFiles/spot_msgs__rosidl_typesupport_fastrtps_cpp.dir/rosidl_typesupport_fastrtps_cpp/spot_msgs/srv/detail/dds_fastrtps/choreography_stop_recording_state__type_support.cpp.o[0m
[ 64%] [32mBuilding CXX object CMakeFiles/spot_msgs__rosidl_typesupport_fastrtps_c.dir/rosidl_typesupport_fastrtps_c/spot_msgs/msg/detail/e_stop_state__type_support_c.cpp.o[0m
[ 64%] [32mBuilding C object CMakeFiles/spot_msgs__rosidl_typesupport_introspection_c.dir/rosidl_typesupport_introspection_c/spot_msgs/srv/detail/robot_command__type_support.c.o[0m
[ 64%] [32mBuilding CXX object CMakeFiles/spot_msgs__rosidl_typesupport_introspection_cpp.dir/rosidl_typesupport_introspection_cpp/spot_msgs/srv/detail/graph_nav_get_localization_pose__type_support.cpp.o[0m
[ 64%] [32mBuilding C object CMakeFiles/spot_msgs__rosidl_typesupport_introspection_c.dir/rosidl_typesupport_introspection_c/spot_msgs/srv/detail/set_gripper_angle__type_support.c.o[0m
[ 64%] [32mBuilding CXX object CMakeFiles/spot_msgs__rosidl_typesupport_fastrtps_cpp.dir/rosidl_typesupport_fastrtps_cpp/spot_msgs/srv/detail/dds_fastrtps/get_choreography_status__type_support.cpp.o[0m
[ 64%] [32mBuilding C object CMakeFiles/spot_msgs__rosidl_typesupport_introspection_c.dir/rosidl_typesupport_introspection_c/spot_msgs/srv/detail/store_logpoint__type_support.c.o[0m
[ 64%] [32mBuilding CXX object CMakeFiles/spot_msgs__rosidl_typesupport_introspection_cpp.dir/rosidl_typesupport_introspection_cpp/spot_msgs/srv/detail/dock__type_support.cpp.o[0m
[ 64%] [32mBuilding C object CMakeFiles/spot_msgs__rosidl_typesupport_introspection_c.dir/rosidl_typesupport_introspection_c/spot_msgs/srv/detail/tag_logpoint__type_support.c.o[0m
[ 64%] [32mBuilding CXX object CMakeFiles/spot_msgs__rosidl_typesupport_fastrtps_c.dir/rosidl_typesupport_fastrtps_c/spot_msgs/msg/detail/feedback__type_support_c.cpp.o[0m
[ 65%] [32mBuilding C object CMakeFiles/spot_msgs__rosidl_typesupport_introspection_c.dir/rosidl_typesupport_introspection_c/spot_msgs/srv/detail/get_led_brightness__type_support.c.o[0m
[ 65%] [32mBuilding CXX object CMakeFiles/spot_msgs__rosidl_typesupport_fastrtps_c.dir/rosidl_typesupport_fastrtps_c/spot_msgs/msg/detail/foot_state__type_support_c.cpp.o[0m
[ 65%] [32mBuilding CXX object CMakeFiles/spot_msgs__rosidl_typesupport_fastrtps_cpp.dir/rosidl_typesupport_fastrtps_cpp/spot_msgs/srv/detail/dds_fastrtps/get_inverse_kinematic_solutions__type_support.cpp.o[0m
[ 65%] [32mBuilding C object CMakeFiles/spot_msgs__rosidl_typesupport_introspection_c.dir/rosidl_typesupport_introspection_c/spot_msgs/srv/detail/set_led_brightness__type_support.c.o[0m
[ 65%] [32mBuilding C object CMakeFiles/spot_msgs__rosidl_typesupport_introspection_c.dir/rosidl_typesupport_introspection_c/spot_msgs/srv/detail/graph_nav_upload_graph__type_support.c.o[0m
[ 65%] [32mBuilding C object CMakeFiles/spot_msgs__rosidl_typesupport_introspection_c.dir/rosidl_typesupport_introspection_c/spot_msgs/srv/detail/graph_nav_clear_graph__type_support.c.o[0m
[ 65%] [32mBuilding CXX object CMakeFiles/spot_msgs__rosidl_typesupport_introspection_cpp.dir/rosidl_typesupport_introspection_cpp/spot_msgs/srv/detail/get_gripper_camera_parameters__type_support.cpp.o[0m
[ 65%] [32mBuilding CXX object CMakeFiles/spot_msgs__rosidl_typesupport_fastrtps_c.dir/rosidl_typesupport_fastrtps_c/spot_msgs/msg/detail/joint_command__type_support_c.cpp.o[0m
[ 65%] [32mBuilding C object CMakeFiles/spot_msgs__rosidl_typesupport_introspection_c.dir/rosidl_typesupport_introspection_c/spot_msgs/srv/detail/graph_nav_set_localization__type_support.c.o[0m
[ 65%] [32mBuilding CXX object CMakeFiles/spot_msgs__rosidl_typesupport_fastrtps_c.dir/rosidl_typesupport_fastrtps_c/spot_msgs/msg/detail/lease__type_support_c.cpp.o[0m
[ 66%] [32mBuilding CXX object CMakeFiles/spot_msgs__rosidl_typesupport_fastrtps_cpp.dir/rosidl_typesupport_fastrtps_cpp/spot_msgs/srv/detail/dds_fastrtps/list_graph__type_support.cpp.o[0m
[ 67%] [32mBuilding CXX object CMakeFiles/spot_msgs__rosidl_typesupport_introspection_cpp.dir/rosidl_typesupport_introspection_cpp/spot_msgs/srv/detail/set_gripper_camera_parameters__type_support.cpp.o[0m
[ 67%] [32mBuilding C object CMakeFiles/spot_msgs__rosidl_typesupport_introspection_c.dir/rosidl_typesupport_introspection_c/spot_msgs/srv/detail/graph_nav_get_localization_pose__type_support.c.o[0m
[ 67%] [32mBuilding CXX object CMakeFiles/spot_msgs__rosidl_typesupport_introspection_cpp.dir/rosidl_typesupport_introspection_cpp/spot_msgs/srv/detail/override_grasp_or_carry__type_support.cpp.o[0m
[ 67%] [32mBuilding CXX object CMakeFiles/spot_msgs__rosidl_typesupport_fastrtps_cpp.dir/rosidl_typesupport_fastrtps_cpp/spot_msgs/srv/detail/dds_fastrtps/list_world_objects__type_support.cpp.o[0m
[ 68%] [32mBuilding C object CMakeFiles/spot_msgs__rosidl_typesupport_introspection_c.dir/rosidl_typesupport_introspection_c/spot_msgs/srv/detail/dock__type_support.c.o[0m
[ 68%] [32mBuilding C object CMakeFiles/spot_msgs__rosidl_typesupport_introspection_c.dir/rosidl_typesupport_introspection_c/spot_msgs/srv/detail/get_gripper_camera_parameters__type_support.c.o[0m
[ 68%] [32mBuilding C object CMakeFiles/spot_msgs__rosidl_typesupport_introspection_c.dir/rosidl_typesupport_introspection_c/spot_msgs/srv/detail/set_gripper_camera_parameters__type_support.c.o[0m
[ 68%] [32mBuilding CXX object CMakeFiles/spot_msgs__rosidl_typesupport_fastrtps_cpp.dir/rosidl_typesupport_fastrtps_cpp/spot_msgs/srv/detail/dds_fastrtps/return_lease__type_support.cpp.o[0m
[ 68%] [32mBuilding C object CMakeFiles/spot_msgs__rosidl_typesupport_introspection_c.dir/rosidl_typesupport_introspection_c/spot_msgs/srv/detail/override_grasp_or_carry__type_support.c.o[0m
[ 68%] [32mBuilding CXX object CMakeFiles/spot_msgs__rosidl_typesupport_fastrtps_cpp.dir/rosidl_typesupport_fastrtps_cpp/spot_msgs/srv/detail/dds_fastrtps/set_locomotion__type_support.cpp.o[0m
[ 68%] [32mBuilding C object CMakeFiles/spot_msgs__rosidl_typesupport_introspection_c.dir/rosidl_typesupport_introspection_c/spot_msgs/srv/detail/set_stand_height__type_support.c.o[0m
[ 68%] [32mBuilding CXX object CMakeFiles/spot_msgs__rosidl_typesupport_fastrtps_cpp.dir/rosidl_typesupport_fastrtps_cpp/spot_msgs/srv/detail/dds_fastrtps/set_velocity__type_support.cpp.o[0m
[ 68%] [32mBuilding C object CMakeFiles/spot_msgs__rosidl_typesupport_introspection_c.dir/rosidl_typesupport_introspection_c/spot_msgs/srv/detail/set_stairs_mode__type_support.c.o[0m
[ 69%] [32mBuilding CXX object CMakeFiles/spot_msgs__rosidl_typesupport_fastrtps_c.dir/rosidl_typesupport_fastrtps_c/spot_msgs/msg/detail/lease_resource__type_support_c.cpp.o[0m
[ 69%] [32mBuilding C object CMakeFiles/spot_msgs__rosidl_typesupport_introspection_c.dir/rosidl_typesupport_introspection_c/spot_msgs/srv/detail/mutate_world_object__type_support.c.o[0m
[ 69%] [32mBuilding CXX object CMakeFiles/spot_msgs__rosidl_typesupport_introspection_cpp.dir/rosidl_typesupport_introspection_cpp/spot_msgs/srv/detail/set_stand_height__type_support.cpp.o[0m
[ 69%] [32mBuilding C object CMakeFiles/spot_msgs__rosidl_typesupport_introspection_c.dir/rosidl_typesupport_introspection_c/spot_msgs/action/detail/arm_surface_contact__type_support.c.o[0m
[ 70%] [32mBuilding CXX object CMakeFiles/spot_msgs__rosidl_typesupport_fastrtps_c.dir/rosidl_typesupport_fastrtps_c/spot_msgs/msg/detail/power_state__type_support_c.cpp.o[0m
[ 70%] [32mBuilding CXX object CMakeFiles/spot_msgs__rosidl_typesupport_introspection_cpp.dir/rosidl_typesupport_introspection_cpp/spot_msgs/srv/detail/set_stairs_mode__type_support.cpp.o[0m
[ 70%] [32mBuilding CXX object CMakeFiles/spot_msgs__rosidl_typesupport_introspection_cpp.dir/rosidl_typesupport_introspection_cpp/spot_msgs/srv/detail/mutate_world_object__type_support.cpp.o[0m
[ 70%] [32mBuilding C object CMakeFiles/spot_msgs__rosidl_typesupport_introspection_c.dir/rosidl_typesupport_introspection_c/spot_msgs/action/detail/execute_dance__type_support.c.o[0m
[ 70%] [32mBuilding CXX object CMakeFiles/spot_msgs__rosidl_typesupport_fastrtps_cpp.dir/rosidl_typesupport_fastrtps_cpp/spot_msgs/srv/detail/dds_fastrtps/list_all_dances__type_support.cpp.o[0m
[ 70%] [32mBuilding C object CMakeFiles/spot_msgs__rosidl_typesupport_introspection_c.dir/rosidl_typesupport_introspection_c/spot_msgs/action/detail/navigate_to__type_support.c.o[0m
[ 71%] [32mBuilding CXX object CMakeFiles/spot_msgs__rosidl_typesupport_fastrtps_cpp.dir/rosidl_typesupport_fastrtps_cpp/spot_msgs/srv/detail/dds_fastrtps/list_all_moves__type_support.cpp.o[0m
[ 71%] [32mBuilding CXX object CMakeFiles/spot_msgs__rosidl_typesupport_introspection_cpp.dir/rosidl_typesupport_introspection_cpp/spot_msgs/action/detail/arm_surface_contact__type_support.cpp.o[0m
[ 71%] [32mBuilding C object CMakeFiles/spot_msgs__rosidl_typesupport_introspection_c.dir/rosidl_typesupport_introspection_c/spot_msgs/action/detail/robot_command__type_support.c.o[0m
[ 71%] [32mBuilding CXX object CMakeFiles/spot_msgs__rosidl_typesupport_fastrtps_c.dir/rosidl_typesupport_fastrtps_c/spot_msgs/msg/detail/system_fault_state__type_support_c.cpp.o[0m
[ 71%] [32mBuilding C object CMakeFiles/spot_msgs__rosidl_typesupport_introspection_c.dir/rosidl_typesupport_introspection_c/spot_msgs/action/detail/trajectory__type_support.c.o[0m
[ 72%] [32mBuilding CXX object CMakeFiles/spot_msgs__rosidl_typesupport_introspection_cpp.dir/rosidl_typesupport_introspection_cpp/spot_msgs/action/detail/execute_dance__type_support.cpp.o[0m
[ 73%] [32mBuilding C object CMakeFiles/spot_msgs__rosidl_typesupport_introspection_c.dir/rosidl_typesupport_introspection_c/spot_msgs/action/detail/manipulation__type_support.c.o[0m
[ 73%] [32mBuilding CXX object CMakeFiles/spot_msgs__rosidl_typesupport_fastrtps_cpp.dir/rosidl_typesupport_fastrtps_cpp/spot_msgs/srv/detail/dds_fastrtps/upload_animation__type_support.cpp.o[0m
[ 73%] [32mBuilding CXX object CMakeFiles/spot_msgs__rosidl_typesupport_fastrtps_c.dir/rosidl_typesupport_fastrtps_c/spot_msgs/srv/detail/acquire_lease__type_support_c.cpp.o[0m
[ 73%] [32mBuilding CXX object CMakeFiles/spot_msgs__rosidl_typesupport_fastrtps_cpp.dir/rosidl_typesupport_fastrtps_cpp/spot_msgs/srv/detail/dds_fastrtps/upload_sequence__type_support.cpp.o[0m
[ 73%] [32m[1mLinking C shared library libspot_msgs__rosidl_typesupport_introspection_c.so[0m
[ 73%] [32mBuilding CXX object CMakeFiles/spot_msgs__rosidl_typesupport_introspection_cpp.dir/rosidl_typesupport_introspection_cpp/spot_msgs/action/detail/navigate_to__type_support.cpp.o[0m
[ 73%] [32mBuilding CXX object CMakeFiles/spot_msgs__rosidl_typesupport_fastrtps_cpp.dir/rosidl_typesupport_fastrtps_cpp/spot_msgs/srv/detail/dds_fastrtps/clear_behavior_fault__type_support.cpp.o[0m
[ 73%] [32mBuilding CXX object CMakeFiles/spot_msgs__rosidl_typesupport_fastrtps_cpp.dir/rosidl_typesupport_fastrtps_cpp/spot_msgs/srv/detail/dds_fastrtps/list_sounds__type_support.cpp.o[0m
[ 73%] [32mBuilding CXX object CMakeFiles/spot_msgs__rosidl_typesupport_fastrtps_c.dir/rosidl_typesupport_fastrtps_c/spot_msgs/srv/detail/choreography_recorded_state_to_animation__type_support_c.cpp.o[0m
[ 73%] [32mBuilding CXX object CMakeFiles/spot_msgs__rosidl_typesupport_introspection_cpp.dir/rosidl_typesupport_introspection_cpp/spot_msgs/action/detail/robot_command__type_support.cpp.o[0m
[ 73%] Built target spot_msgs__rosidl_typesupport_introspection_c
[ 73%] [32mBuilding CXX object CMakeFiles/spot_msgs__rosidl_typesupport_fastrtps_cpp.dir/rosidl_typesupport_fastrtps_cpp/spot_msgs/srv/detail/dds_fastrtps/load_sound__type_support.cpp.o[0m
[ 73%] [32mBuilding CXX object CMakeFiles/spot_msgs__rosidl_typesupport_fastrtps_c.dir/rosidl_typesupport_fastrtps_c/spot_msgs/srv/detail/choreography_start_recording_state__type_support_c.cpp.o[0m
[ 73%] [32mBuilding CXX object CMakeFiles/spot_msgs__rosidl_typesupport_introspection_cpp.dir/rosidl_typesupport_introspection_cpp/spot_msgs/action/detail/trajectory__type_support.cpp.o[0m
[ 73%] [32mBuilding CXX object CMakeFiles/spot_msgs__rosidl_typesupport_fastrtps_c.dir/rosidl_typesupport_fastrtps_c/spot_msgs/srv/detail/choreography_stop_recording_state__type_support_c.cpp.o[0m
[ 73%] [32mBuilding CXX object CMakeFiles/spot_msgs__rosidl_typesupport_introspection_cpp.dir/rosidl_typesupport_introspection_cpp/spot_msgs/action/detail/manipulation__type_support.cpp.o[0m
[ 73%] [32mBuilding CXX object CMakeFiles/spot_msgs__rosidl_typesupport_fastrtps_cpp.dir/rosidl_typesupport_fastrtps_cpp/spot_msgs/srv/detail/dds_fastrtps/play_sound__type_support.cpp.o[0m
[ 74%] [32mBuilding CXX object CMakeFiles/spot_msgs__rosidl_typesupport_fastrtps_c.dir/rosidl_typesupport_fastrtps_c/spot_msgs/srv/detail/get_choreography_status__type_support_c.cpp.o[0m
[ 74%] [32mBuilding CXX object CMakeFiles/spot_msgs__rosidl_typesupport_fastrtps_c.dir/rosidl_typesupport_fastrtps_c/spot_msgs/srv/detail/get_inverse_kinematic_solutions__type_support_c.cpp.o[0m
[ 75%] [32mBuilding CXX object CMakeFiles/spot_msgs__rosidl_typesupport_fastrtps_c.dir/rosidl_typesupport_fastrtps_c/spot_msgs/srv/detail/list_graph__type_support_c.cpp.o[0m
[ 75%] [32mBuilding CXX object CMakeFiles/spot_msgs__rosidl_typesupport_fastrtps_cpp.dir/rosidl_typesupport_fastrtps_cpp/spot_msgs/srv/detail/dds_fastrtps/delete_sound__type_support.cpp.o[0m
[ 75%] [32mBuilding CXX object CMakeFiles/spot_msgs__rosidl_typesupport_fastrtps_c.dir/rosidl_typesupport_fastrtps_c/spot_msgs/srv/detail/list_world_objects__type_support_c.cpp.o[0m
[ 75%] [32mBuilding CXX object CMakeFiles/spot_msgs__rosidl_typesupport_fastrtps_c.dir/rosidl_typesupport_fastrtps_c/spot_msgs/srv/detail/return_lease__type_support_c.cpp.o[0m
[ 75%] [32mBuilding CXX object CMakeFiles/spot_msgs__rosidl_typesupport_fastrtps_cpp.dir/rosidl_typesupport_fastrtps_cpp/spot_msgs/srv/detail/dds_fastrtps/get_volume__type_support.cpp.o[0m
[ 75%] [32mBuilding CXX object CMakeFiles/spot_msgs__rosidl_typesupport_fastrtps_c.dir/rosidl_typesupport_fastrtps_c/spot_msgs/srv/detail/set_locomotion__type_support_c.cpp.o[0m
[ 76%] [32mBuilding CXX object CMakeFiles/spot_msgs__rosidl_typesupport_fastrtps_c.dir/rosidl_typesupport_fastrtps_c/spot_msgs/srv/detail/set_velocity__type_support_c.cpp.o[0m
[ 76%] [32mBuilding CXX object CMakeFiles/spot_msgs__rosidl_typesupport_fastrtps_c.dir/rosidl_typesupport_fastrtps_c/spot_msgs/srv/detail/list_all_dances__type_support_c.cpp.o[0m
[ 76%] [32mBuilding CXX object CMakeFiles/spot_msgs__rosidl_typesupport_fastrtps_cpp.dir/rosidl_typesupport_fastrtps_cpp/spot_msgs/srv/detail/dds_fastrtps/set_volume__type_support.cpp.o[0m
[ 76%] [32mBuilding CXX object CMakeFiles/spot_msgs__rosidl_typesupport_fastrtps_cpp.dir/rosidl_typesupport_fastrtps_cpp/spot_msgs/srv/detail/dds_fastrtps/list_ptz__type_support.cpp.o[0m
[ 76%] [32mBuilding CXX object CMakeFiles/spot_msgs__rosidl_typesupport_fastrtps_cpp.dir/rosidl_typesupport_fastrtps_cpp/spot_msgs/srv/detail/dds_fastrtps/get_ptz_position__type_support.cpp.o[0m
[ 76%] [32mBuilding CXX object CMakeFiles/spot_msgs__rosidl_typesupport_fastrtps_cpp.dir/rosidl_typesupport_fastrtps_cpp/spot_msgs/srv/detail/dds_fastrtps/set_ptz_position__type_support.cpp.o[0m
[ 76%] [32mBuilding CXX object CMakeFiles/spot_msgs__rosidl_typesupport_fastrtps_c.dir/rosidl_typesupport_fastrtps_c/spot_msgs/srv/detail/list_all_moves__type_support_c.cpp.o[0m
[ 77%] [32mBuilding CXX object CMakeFiles/spot_msgs__rosidl_typesupport_fastrtps_cpp.dir/rosidl_typesupport_fastrtps_cpp/spot_msgs/srv/detail/dds_fastrtps/initialize_lens__type_support.cpp.o[0m
[ 77%] [32mBuilding CXX object CMakeFiles/spot_msgs__rosidl_typesupport_fastrtps_cpp.dir/rosidl_typesupport_fastrtps_cpp/spot_msgs/srv/detail/dds_fastrtps/delete_logpoint__type_support.cpp.o[0m
[ 77%] [32mBuilding CXX object CMakeFiles/spot_msgs__rosidl_typesupport_fastrtps_cpp.dir/rosidl_typesupport_fastrtps_cpp/spot_msgs/srv/detail/dds_fastrtps/get_logpoint_status__type_support.cpp.o[0m
[ 77%] [32mBuilding CXX object CMakeFiles/spot_msgs__rosidl_typesupport_fastrtps_c.dir/rosidl_typesupport_fastrtps_c/spot_msgs/srv/detail/upload_animation__type_support_c.cpp.o[0m
[ 77%] [32mBuilding CXX object CMakeFiles/spot_msgs__rosidl_typesupport_fastrtps_c.dir/rosidl_typesupport_fastrtps_c/spot_msgs/srv/detail/clear_behavior_fault__type_support_c.cpp.o[0m
[ 77%] [32mBuilding CXX object CMakeFiles/spot_msgs__rosidl_typesupport_fastrtps_c.dir/rosidl_typesupport_fastrtps_c/spot_msgs/srv/detail/upload_sequence__type_support_c.cpp.o[0m
[ 77%] [32mBuilding CXX object CMakeFiles/spot_msgs__rosidl_typesupport_fastrtps_cpp.dir/rosidl_typesupport_fastrtps_cpp/spot_msgs/srv/detail/dds_fastrtps/list_cameras__type_support.cpp.o[0m
[ 78%] [32mBuilding CXX object CMakeFiles/spot_msgs__rosidl_typesupport_fastrtps_c.dir/rosidl_typesupport_fastrtps_c/spot_msgs/srv/detail/list_sounds__type_support_c.cpp.o[0m
[ 78%] [32mBuilding CXX object CMakeFiles/spot_msgs__rosidl_typesupport_fastrtps_cpp.dir/rosidl_typesupport_fastrtps_cpp/spot_msgs/srv/detail/dds_fastrtps/list_logpoints__type_support.cpp.o[0m
[ 78%] [32mBuilding CXX object CMakeFiles/spot_msgs__rosidl_typesupport_fastrtps_cpp.dir/rosidl_typesupport_fastrtps_cpp/spot_msgs/srv/detail/dds_fastrtps/retrieve_logpoint__type_support.cpp.o[0m
[ 78%] [32mBuilding CXX object CMakeFiles/spot_msgs__rosidl_typesupport_fastrtps_c.dir/rosidl_typesupport_fastrtps_c/spot_msgs/srv/detail/load_sound__type_support_c.cpp.o[0m
[ 78%] [32mBuilding CXX object CMakeFiles/spot_msgs__rosidl_typesupport_fastrtps_c.dir/rosidl_typesupport_fastrtps_c/spot_msgs/srv/detail/play_sound__type_support_c.cpp.o[0m
[ 78%] [32m[1mLinking CXX shared library libspot_msgs__rosidl_typesupport_introspection_cpp.so[0m
[ 79%] [32mBuilding CXX object CMakeFiles/spot_msgs__rosidl_typesupport_fastrtps_cpp.dir/rosidl_typesupport_fastrtps_cpp/spot_msgs/srv/detail/dds_fastrtps/robot_command__type_support.cpp.o[0m
[ 79%] [32mBuilding CXX object CMakeFiles/spot_msgs__rosidl_typesupport_fastrtps_c.dir/rosidl_typesupport_fastrtps_c/spot_msgs/srv/detail/delete_sound__type_support_c.cpp.o[0m
[ 79%] [32mBuilding CXX object CMakeFiles/spot_msgs__rosidl_typesupport_fastrtps_c.dir/rosidl_typesupport_fastrtps_c/spot_msgs/srv/detail/get_volume__type_support_c.cpp.o[0m
[ 79%] [32mBuilding CXX object CMakeFiles/spot_msgs__rosidl_typesupport_fastrtps_cpp.dir/rosidl_typesupport_fastrtps_cpp/spot_msgs/srv/detail/dds_fastrtps/set_gripper_angle__type_support.cpp.o[0m
[ 79%] [32mBuilding CXX object CMakeFiles/spot_msgs__rosidl_typesupport_fastrtps_c.dir/rosidl_typesupport_fastrtps_c/spot_msgs/srv/detail/set_volume__type_support_c.cpp.o[0m
[ 79%] [32mBuilding CXX object CMakeFiles/spot_msgs__rosidl_typesupport_fastrtps_c.dir/rosidl_typesupport_fastrtps_c/spot_msgs/srv/detail/list_ptz__type_support_c.cpp.o[0m
[ 80%] [32mBuilding CXX object CMakeFiles/spot_msgs__rosidl_typesupport_fastrtps_c.dir/rosidl_typesupport_fastrtps_c/spot_msgs/srv/detail/get_ptz_position__type_support_c.cpp.o[0m
[ 80%] [32mBuilding CXX object CMakeFiles/spot_msgs__rosidl_typesupport_fastrtps_cpp.dir/rosidl_typesupport_fastrtps_cpp/spot_msgs/srv/detail/dds_fastrtps/store_logpoint__type_support.cpp.o[0m
[ 80%] [32mBuilding CXX object CMakeFiles/spot_msgs__rosidl_typesupport_fastrtps_c.dir/rosidl_typesupport_fastrtps_c/spot_msgs/srv/detail/set_ptz_position__type_support_c.cpp.o[0m
[ 80%] [32mBuilding CXX object CMakeFiles/spot_msgs__rosidl_typesupport_fastrtps_cpp.dir/rosidl_typesupport_fastrtps_cpp/spot_msgs/srv/detail/dds_fastrtps/tag_logpoint__type_support.cpp.o[0m
[ 80%] [32mBuilding CXX object CMakeFiles/spot_msgs__rosidl_typesupport_fastrtps_cpp.dir/rosidl_typesupport_fastrtps_cpp/spot_msgs/srv/detail/dds_fastrtps/get_led_brightness__type_support.cpp.o[0m
[ 80%] Built target spot_msgs__rosidl_typesupport_introspection_cpp
[ 80%] [32mBuilding CXX object CMakeFiles/spot_msgs__rosidl_typesupport_fastrtps_cpp.dir/rosidl_typesupport_fastrtps_cpp/spot_msgs/srv/detail/dds_fastrtps/set_led_brightness__type_support.cpp.o[0m
[ 80%] [32mBuilding CXX object CMakeFiles/spot_msgs__rosidl_typesupport_fastrtps_c.dir/rosidl_typesupport_fastrtps_c/spot_msgs/srv/detail/initialize_lens__type_support_c.cpp.o[0m
[ 80%] [32mBuilding CXX object CMakeFiles/spot_msgs__rosidl_typesupport_fastrtps_c.dir/rosidl_typesupport_fastrtps_c/spot_msgs/srv/detail/delete_logpoint__type_support_c.cpp.o[0m
[ 81%] [32mBuilding CXX object CMakeFiles/spot_msgs__rosidl_typesupport_fastrtps_cpp.dir/rosidl_typesupport_fastrtps_cpp/spot_msgs/srv/detail/dds_fastrtps/graph_nav_upload_graph__type_support.cpp.o[0m
[ 81%] [32mBuilding CXX object CMakeFiles/spot_msgs__rosidl_typesupport_fastrtps_cpp.dir/rosidl_typesupport_fastrtps_cpp/spot_msgs/srv/detail/dds_fastrtps/graph_nav_clear_graph__type_support.cpp.o[0m
[ 81%] [32mBuilding CXX object CMakeFiles/spot_msgs__rosidl_typesupport_fastrtps_cpp.dir/rosidl_typesupport_fastrtps_cpp/spot_msgs/srv/detail/dds_fastrtps/graph_nav_set_localization__type_support.cpp.o[0m
[ 81%] [32mBuilding CXX object CMakeFiles/spot_msgs__rosidl_typesupport_fastrtps_cpp.dir/rosidl_typesupport_fastrtps_cpp/spot_msgs/srv/detail/dds_fastrtps/graph_nav_get_localization_pose__type_support.cpp.o[0m
[ 81%] [32mBuilding CXX object CMakeFiles/spot_msgs__rosidl_typesupport_fastrtps_cpp.dir/rosidl_typesupport_fastrtps_cpp/spot_msgs/srv/detail/dds_fastrtps/dock__type_support.cpp.o[0m
[ 81%] [32mBuilding CXX object CMakeFiles/spot_msgs__rosidl_typesupport_fastrtps_cpp.dir/rosidl_typesupport_fastrtps_cpp/spot_msgs/srv/detail/dds_fastrtps/get_gripper_camera_parameters__type_support.cpp.o[0m
[ 82%] [32mBuilding CXX object CMakeFiles/spot_msgs__rosidl_typesupport_fastrtps_cpp.dir/rosidl_typesupport_fastrtps_cpp/spot_msgs/srv/detail/dds_fastrtps/set_gripper_camera_parameters__type_support.cpp.o[0m
[ 82%] [32mBuilding CXX object CMakeFiles/spot_msgs__rosidl_typesupport_fastrtps_cpp.dir/rosidl_typesupport_fastrtps_cpp/spot_msgs/srv/detail/dds_fastrtps/override_grasp_or_carry__type_support.cpp.o[0m
[ 82%] [32mBuilding CXX object CMakeFiles/spot_msgs__rosidl_typesupport_fastrtps_c.dir/rosidl_typesupport_fastrtps_c/spot_msgs/srv/detail/get_logpoint_status__type_support_c.cpp.o[0m
[ 82%] [32mBuilding CXX object CMakeFiles/spot_msgs__rosidl_typesupport_fastrtps_c.dir/rosidl_typesupport_fastrtps_c/spot_msgs/srv/detail/list_cameras__type_support_c.cpp.o[0m
[ 83%] [32mBuilding CXX object CMakeFiles/spot_msgs__rosidl_typesupport_fastrtps_c.dir/rosidl_typesupport_fastrtps_c/spot_msgs/srv/detail/list_logpoints__type_support_c.cpp.o[0m
[ 83%] [32mBuilding CXX object CMakeFiles/spot_msgs__rosidl_typesupport_fastrtps_cpp.dir/rosidl_typesupport_fastrtps_cpp/spot_msgs/srv/detail/dds_fastrtps/set_stand_height__type_support.cpp.o[0m
[ 83%] [32mBuilding CXX object CMakeFiles/spot_msgs__rosidl_typesupport_fastrtps_cpp.dir/rosidl_typesupport_fastrtps_cpp/spot_msgs/srv/detail/dds_fastrtps/set_stairs_mode__type_support.cpp.o[0m
[ 83%] [32mBuilding CXX object CMakeFiles/spot_msgs__rosidl_typesupport_fastrtps_cpp.dir/rosidl_typesupport_fastrtps_cpp/spot_msgs/srv/detail/dds_fastrtps/mutate_world_object__type_support.cpp.o[0m
[ 83%] [32mBuilding CXX object CMakeFiles/spot_msgs__rosidl_typesupport_fastrtps_c.dir/rosidl_typesupport_fastrtps_c/spot_msgs/srv/detail/retrieve_logpoint__type_support_c.cpp.o[0m
[ 83%] [32mBuilding CXX object CMakeFiles/spot_msgs__rosidl_typesupport_fastrtps_c.dir/rosidl_typesupport_fastrtps_c/spot_msgs/srv/detail/robot_command__type_support_c.cpp.o[0m
[ 83%] [32mBuilding CXX object CMakeFiles/spot_msgs__rosidl_typesupport_fastrtps_cpp.dir/rosidl_typesupport_fastrtps_cpp/spot_msgs/action/detail/dds_fastrtps/arm_surface_contact__type_support.cpp.o[0m
[ 83%] [32mBuilding CXX object CMakeFiles/spot_msgs__rosidl_typesupport_fastrtps_c.dir/rosidl_typesupport_fastrtps_c/spot_msgs/srv/detail/set_gripper_angle__type_support_c.cpp.o[0m
[ 84%] [32mBuilding CXX object CMakeFiles/spot_msgs__rosidl_typesupport_fastrtps_cpp.dir/rosidl_typesupport_fastrtps_cpp/spot_msgs/action/detail/dds_fastrtps/execute_dance__type_support.cpp.o[0m
[ 84%] [32mBuilding CXX object CMakeFiles/spot_msgs__rosidl_typesupport_fastrtps_cpp.dir/rosidl_typesupport_fastrtps_cpp/spot_msgs/action/detail/dds_fastrtps/navigate_to__type_support.cpp.o[0m
[ 84%] [32mBuilding CXX object CMakeFiles/spot_msgs__rosidl_typesupport_fastrtps_c.dir/rosidl_typesupport_fastrtps_c/spot_msgs/srv/detail/store_logpoint__type_support_c.cpp.o[0m
[ 84%] [32mBuilding CXX object CMakeFiles/spot_msgs__rosidl_typesupport_fastrtps_c.dir/rosidl_typesupport_fastrtps_c/spot_msgs/srv/detail/tag_logpoint__type_support_c.cpp.o[0m
[ 84%] [32mBuilding CXX object CMakeFiles/spot_msgs__rosidl_typesupport_fastrtps_cpp.dir/rosidl_typesupport_fastrtps_cpp/spot_msgs/action/detail/dds_fastrtps/robot_command__type_support.cpp.o[0m
[ 85%] [32mBuilding CXX object CMakeFiles/spot_msgs__rosidl_typesupport_fastrtps_c.dir/rosidl_typesupport_fastrtps_c/spot_msgs/srv/detail/get_led_brightness__type_support_c.cpp.o[0m
[ 85%] [32mBuilding CXX object CMakeFiles/spot_msgs__rosidl_typesupport_fastrtps_cpp.dir/rosidl_typesupport_fastrtps_cpp/spot_msgs/action/detail/dds_fastrtps/trajectory__type_support.cpp.o[0m
[ 85%] [32mBuilding CXX object CMakeFiles/spot_msgs__rosidl_typesupport_fastrtps_cpp.dir/rosidl_typesupport_fastrtps_cpp/spot_msgs/action/detail/dds_fastrtps/manipulation__type_support.cpp.o[0m
[ 85%] [32mBuilding CXX object CMakeFiles/spot_msgs__rosidl_typesupport_fastrtps_c.dir/rosidl_typesupport_fastrtps_c/spot_msgs/srv/detail/set_led_brightness__type_support_c.cpp.o[0m
[ 85%] [32mBuilding CXX object CMakeFiles/spot_msgs__rosidl_typesupport_fastrtps_c.dir/rosidl_typesupport_fastrtps_c/spot_msgs/srv/detail/graph_nav_upload_graph__type_support_c.cpp.o[0m
[ 85%] [32mBuilding CXX object CMakeFiles/spot_msgs__rosidl_typesupport_fastrtps_c.dir/rosidl_typesupport_fastrtps_c/spot_msgs/srv/detail/graph_nav_clear_graph__type_support_c.cpp.o[0m
[ 85%] [32mBuilding CXX object CMakeFiles/spot_msgs__rosidl_typesupport_fastrtps_c.dir/rosidl_typesupport_fastrtps_c/spot_msgs/srv/detail/graph_nav_set_localization__type_support_c.cpp.o[0m
[ 85%] [32mBuilding CXX object CMakeFiles/spot_msgs__rosidl_typesupport_fastrtps_c.dir/rosidl_typesupport_fastrtps_c/spot_msgs/srv/detail/graph_nav_get_localization_pose__type_support_c.cpp.o[0m
[ 86%] [32mBuilding CXX object CMakeFiles/spot_msgs__rosidl_typesupport_fastrtps_c.dir/rosidl_typesupport_fastrtps_c/spot_msgs/srv/detail/dock__type_support_c.cpp.o[0m
[ 86%] [32mBuilding CXX object CMakeFiles/spot_msgs__rosidl_typesupport_fastrtps_c.dir/rosidl_typesupport_fastrtps_c/spot_msgs/srv/detail/get_gripper_camera_parameters__type_support_c.cpp.o[0m
[ 86%] [32mBuilding CXX object CMakeFiles/spot_msgs__rosidl_typesupport_fastrtps_c.dir/rosidl_typesupport_fastrtps_c/spot_msgs/srv/detail/set_gripper_camera_parameters__type_support_c.cpp.o[0m
[ 86%] [32mBuilding CXX object CMakeFiles/spot_msgs__rosidl_typesupport_fastrtps_c.dir/rosidl_typesupport_fastrtps_c/spot_msgs/srv/detail/override_grasp_or_carry__type_support_c.cpp.o[0m
[ 86%] [32mBuilding CXX object CMakeFiles/spot_msgs__rosidl_typesupport_fastrtps_c.dir/rosidl_typesupport_fastrtps_c/spot_msgs/srv/detail/set_stand_height__type_support_c.cpp.o[0m
[ 86%] [32mBuilding CXX object CMakeFiles/spot_msgs__rosidl_typesupport_fastrtps_c.dir/rosidl_typesupport_fastrtps_c/spot_msgs/srv/detail/set_stairs_mode__type_support_c.cpp.o[0m
[ 87%] [32mBuilding CXX object CMakeFiles/spot_msgs__rosidl_typesupport_fastrtps_c.dir/rosidl_typesupport_fastrtps_c/spot_msgs/srv/detail/mutate_world_object__type_support_c.cpp.o[0m
[ 87%] [32mBuilding CXX object CMakeFiles/spot_msgs__rosidl_typesupport_fastrtps_c.dir/rosidl_typesupport_fastrtps_c/spot_msgs/action/detail/arm_surface_contact__type_support_c.cpp.o[0m
[ 87%] [32mBuilding CXX object CMakeFiles/spot_msgs__rosidl_typesupport_fastrtps_c.dir/rosidl_typesupport_fastrtps_c/spot_msgs/action/detail/execute_dance__type_support_c.cpp.o[0m
[ 87%] [32mBuilding CXX object CMakeFiles/spot_msgs__rosidl_typesupport_fastrtps_c.dir/rosidl_typesupport_fastrtps_c/spot_msgs/action/detail/navigate_to__type_support_c.cpp.o[0m
[ 87%] [32mBuilding CXX object CMakeFiles/spot_msgs__rosidl_typesupport_fastrtps_c.dir/rosidl_typesupport_fastrtps_c/spot_msgs/action/detail/robot_command__type_support_c.cpp.o[0m
[ 87%] [32mBuilding CXX object CMakeFiles/spot_msgs__rosidl_typesupport_fastrtps_c.dir/rosidl_typesupport_fastrtps_c/spot_msgs/action/detail/trajectory__type_support_c.cpp.o[0m
[ 88%] [32mBuilding CXX object CMakeFiles/spot_msgs__rosidl_typesupport_fastrtps_c.dir/rosidl_typesupport_fastrtps_c/spot_msgs/action/detail/manipulation__type_support_c.cpp.o[0m
[ 88%] [32m[1mLinking CXX shared library libspot_msgs__rosidl_typesupport_fastrtps_cpp.so[0m
[ 88%] [32m[1mLinking CXX shared library libspot_msgs__rosidl_typesupport_fastrtps_c.so[0m
[ 88%] Built target spot_msgs__rosidl_typesupport_fastrtps_cpp
[ 88%] Built target spot_msgs__rosidl_typesupport_fastrtps_c
[ 88%] Built target spot_msgs
[ 88%] [34m[1mGenerating Python code for ROS interfaces[0m
[ 88%] Built target spot_msgs__py
[ 88%] [32mBuilding C object CMakeFiles/spot_msgs__rosidl_generator_py.dir/rosidl_generator_py/spot_msgs/msg/_wi_fi_state_s.c.o[0m
[ 88%] [32mBuilding C object CMakeFiles/spot_msgs__rosidl_generator_py.dir/rosidl_generator_py/spot_msgs/msg/_lease_array_s.c.o[0m
[ 88%] [32mBuilding C object CMakeFiles/spot_msgs__rosidl_generator_py.dir/rosidl_generator_py/spot_msgs/msg/_metrics_s.c.o[0m
[ 88%] [32mBuilding C object CMakeFiles/spot_msgs__rosidl_generator_py.dir/rosidl_generator_py/spot_msgs/msg/_behavior_fault_s.c.o[0m
[ 88%] [32mBuilding C object CMakeFiles/spot_msgs__rosidl_generator_py.dir/rosidl_generator_py/spot_msgs/msg/_battery_state_array_s.c.o[0m
[ 88%] [32mBuilding C object CMakeFiles/spot_msgs__rosidl_generator_py.dir/rosidl_generator_py/spot_msgs/msg/_lease_owner_s.c.o[0m
[ 88%] [32mBuilding C object CMakeFiles/spot_msgs__rosidl_generator_py.dir/rosidl_generator_py/spot_msgs/msg/_foot_state_array_s.c.o[0m
[ 88%] [32mBuilding C object CMakeFiles/spot_msgs__rosidl_generator_py.dir/rosidl_generator_py/spot_msgs/msg/_mobility_params_s.c.o[0m
[ 90%] [32mBuilding C object CMakeFiles/spot_msgs__rosidl_generator_py.dir/rosidl_generator_py/spot_msgs/msg/_system_fault_s.c.o[0m
[ 90%] [32mBuilding C object CMakeFiles/spot_msgs__rosidl_generator_py.dir/rosidl_generator_py/spot_msgs/msg/_e_stop_state_array_s.c.o[0m
[ 90%] [32mBuilding C object CMakeFiles/spot_msgs__rosidl_generator_py.dir/rosidl_generator_py/spot_msgs/msg/_behavior_fault_state_s.c.o[0m
[ 90%] [32mBuilding C object CMakeFiles/spot_msgs__rosidl_generator_py.dir/rosidl_generator_py/spot_msgs/msg/_feedback_s.c.o[0m
[ 90%] [32mBuilding C object CMakeFiles/spot_msgs__rosidl_generator_py.dir/rosidl_generator_py/spot_msgs/msg/_e_stop_state_s.c.o[0m
[ 91%] [32mBuilding C object CMakeFiles/spot_msgs__rosidl_generator_py.dir/rosidl_generator_py/spot_msgs/msg/_foot_state_s.c.o[0m
[ 91%] [32mBuilding C object CMakeFiles/spot_msgs__rosidl_generator_py.dir/rosidl_generator_py/spot_msgs/msg/_battery_state_s.c.o[0m
[ 91%] [32mBuilding C object CMakeFiles/spot_msgs__rosidl_generator_py.dir/rosidl_generator_py/spot_msgs/msg/_joint_command_s.c.o[0m
[ 91%] [32mBuilding C object CMakeFiles/spot_msgs__rosidl_generator_py.dir/rosidl_generator_py/spot_msgs/msg/_lease_s.c.o[0m
[ 91%] [32mBuilding C object CMakeFiles/spot_msgs__rosidl_generator_py.dir/rosidl_generator_py/spot_msgs/msg/_lease_resource_s.c.o[0m
[ 91%] [32mBuilding C object CMakeFiles/spot_msgs__rosidl_generator_py.dir/rosidl_generator_py/spot_msgs/msg/_power_state_s.c.o[0m
[ 91%] [32mBuilding C object CMakeFiles/spot_msgs__rosidl_generator_py.dir/rosidl_generator_py/spot_msgs/msg/_system_fault_state_s.c.o[0m
[ 91%] [32mBuilding C object CMakeFiles/spot_msgs__rosidl_generator_py.dir/rosidl_generator_py/spot_msgs/srv/_choreography_recorded_state_to_animation_s.c.o[0m
[ 92%] [32mBuilding C object CMakeFiles/spot_msgs__rosidl_generator_py.dir/rosidl_generator_py/spot_msgs/srv/_acquire_lease_s.c.o[0m
[ 92%] [32mBuilding C object CMakeFiles/spot_msgs__rosidl_generator_py.dir/rosidl_generator_py/spot_msgs/srv/_choreography_start_recording_state_s.c.o[0m
[ 92%] [32mBuilding C object CMakeFiles/spot_msgs__rosidl_generator_py.dir/rosidl_generator_py/spot_msgs/srv/_choreography_stop_recording_state_s.c.o[0m
[ 92%] [32mBuilding C object CMakeFiles/spot_msgs__rosidl_generator_py.dir/rosidl_generator_py/spot_msgs/srv/_get_choreography_status_s.c.o[0m
[ 92%] [32mBuilding C object CMakeFiles/spot_msgs__rosidl_generator_py.dir/rosidl_generator_py/spot_msgs/srv/_get_inverse_kinematic_solutions_s.c.o[0m
[ 93%] [32mBuilding C object CMakeFiles/spot_msgs__rosidl_generator_py.dir/rosidl_generator_py/spot_msgs/srv/_list_graph_s.c.o[0m
[ 93%] [32mBuilding C object CMakeFiles/spot_msgs__rosidl_generator_py.dir/rosidl_generator_py/spot_msgs/srv/_return_lease_s.c.o[0m
[ 93%] [32mBuilding C object CMakeFiles/spot_msgs__rosidl_generator_py.dir/rosidl_generator_py/spot_msgs/srv/_list_world_objects_s.c.o[0m
[ 93%] [32mBuilding C object CMakeFiles/spot_msgs__rosidl_generator_py.dir/rosidl_generator_py/spot_msgs/srv/_set_velocity_s.c.o[0m
[ 93%] [32mBuilding C object CMakeFiles/spot_msgs__rosidl_generator_py.dir/rosidl_generator_py/spot_msgs/srv/_set_locomotion_s.c.o[0m
[ 93%] [32mBuilding C object CMakeFiles/spot_msgs__rosidl_generator_py.dir/rosidl_generator_py/spot_msgs/srv/_list_all_dances_s.c.o[0m
[ 94%] [32mBuilding C object CMakeFiles/spot_msgs__rosidl_generator_py.dir/rosidl_generator_py/spot_msgs/srv/_list_all_moves_s.c.o[0m
[ 94%] [32mBuilding C object CMakeFiles/spot_msgs__rosidl_generator_py.dir/rosidl_generator_py/spot_msgs/srv/_upload_animation_s.c.o[0m
[ 94%] [32mBuilding C object CMakeFiles/spot_msgs__rosidl_generator_py.dir/rosidl_generator_py/spot_msgs/srv/_clear_behavior_fault_s.c.o[0m
[ 94%] [32mBuilding C object CMakeFiles/spot_msgs__rosidl_generator_py.dir/rosidl_generator_py/spot_msgs/srv/_upload_sequence_s.c.o[0m
[ 94%] [32mBuilding C object CMakeFiles/spot_msgs__rosidl_generator_py.dir/rosidl_generator_py/spot_msgs/srv/_list_sounds_s.c.o[0m
[ 94%] [32mBuilding C object CMakeFiles/spot_msgs__rosidl_generator_py.dir/rosidl_generator_py/spot_msgs/srv/_load_sound_s.c.o[0m
[ 94%] [32mBuilding C object CMakeFiles/spot_msgs__rosidl_generator_py.dir/rosidl_generator_py/spot_msgs/srv/_play_sound_s.c.o[0m
[ 95%] [32mBuilding C object CMakeFiles/spot_msgs__rosidl_generator_py.dir/rosidl_generator_py/spot_msgs/srv/_delete_sound_s.c.o[0m
[ 95%] [32mBuilding C object CMakeFiles/spot_msgs__rosidl_generator_py.dir/rosidl_generator_py/spot_msgs/srv/_get_volume_s.c.o[0m
[ 95%] [32mBuilding C object CMakeFiles/spot_msgs__rosidl_generator_py.dir/rosidl_generator_py/spot_msgs/srv/_get_ptz_position_s.c.o[0m
[ 95%] [32mBuilding C object CMakeFiles/spot_msgs__rosidl_generator_py.dir/rosidl_generator_py/spot_msgs/srv/_set_volume_s.c.o[0m
[ 95%] [32mBuilding C object CMakeFiles/spot_msgs__rosidl_generator_py.dir/rosidl_generator_py/spot_msgs/srv/_list_ptz_s.c.o[0m
[ 96%] [32mBuilding C object CMakeFiles/spot_msgs__rosidl_generator_py.dir/rosidl_generator_py/spot_msgs/srv/_set_ptz_position_s.c.o[0m
[ 96%] [32mBuilding C object CMakeFiles/spot_msgs__rosidl_generator_py.dir/rosidl_generator_py/spot_msgs/srv/_initialize_lens_s.c.o[0m
[ 96%] [32mBuilding C object CMakeFiles/spot_msgs__rosidl_generator_py.dir/rosidl_generator_py/spot_msgs/srv/_delete_logpoint_s.c.o[0m
[ 96%] [32mBuilding C object CMakeFiles/spot_msgs__rosidl_generator_py.dir/rosidl_generator_py/spot_msgs/srv/_get_logpoint_status_s.c.o[0m
[ 96%] [32mBuilding C object CMakeFiles/spot_msgs__rosidl_generator_py.dir/rosidl_generator_py/spot_msgs/srv/_list_cameras_s.c.o[0m
[ 96%] [32mBuilding C object CMakeFiles/spot_msgs__rosidl_generator_py.dir/rosidl_generator_py/spot_msgs/srv/_list_logpoints_s.c.o[0m
[ 96%] [32mBuilding C object CMakeFiles/spot_msgs__rosidl_generator_py.dir/rosidl_generator_py/spot_msgs/srv/_retrieve_logpoint_s.c.o[0m
[ 97%] [32mBuilding C object CMakeFiles/spot_msgs__rosidl_generator_py.dir/rosidl_generator_py/spot_msgs/srv/_robot_command_s.c.o[0m
[ 97%] [32mBuilding C object CMakeFiles/spot_msgs__rosidl_generator_py.dir/rosidl_generator_py/spot_msgs/srv/_tag_logpoint_s.c.o[0m
[ 97%] [32mBuilding C object CMakeFiles/spot_msgs__rosidl_generator_py.dir/rosidl_generator_py/spot_msgs/srv/_set_gripper_angle_s.c.o[0m
[ 97%] [32mBuilding C object CMakeFiles/spot_msgs__rosidl_generator_py.dir/rosidl_generator_py/spot_msgs/srv/_store_logpoint_s.c.o[0m
[ 97%] [32mBuilding C object CMakeFiles/spot_msgs__rosidl_generator_py.dir/rosidl_generator_py/spot_msgs/srv/_get_led_brightness_s.c.o[0m
[ 97%] [32mBuilding C object CMakeFiles/spot_msgs__rosidl_generator_py.dir/rosidl_generator_py/spot_msgs/srv/_set_led_brightness_s.c.o[0m
[ 98%] [32mBuilding C object CMakeFiles/spot_msgs__rosidl_generator_py.dir/rosidl_generator_py/spot_msgs/srv/_graph_nav_upload_graph_s.c.o[0m
[ 98%] [32mBuilding C object CMakeFiles/spot_msgs__rosidl_generator_py.dir/rosidl_generator_py/spot_msgs/srv/_graph_nav_clear_graph_s.c.o[0m
[ 98%] [32mBuilding C object CMakeFiles/spot_msgs__rosidl_generator_py.dir/rosidl_generator_py/spot_msgs/srv/_graph_nav_set_localization_s.c.o[0m
[ 98%] [32mBuilding C object CMakeFiles/spot_msgs__rosidl_generator_py.dir/rosidl_generator_py/spot_msgs/srv/_graph_nav_get_localization_pose_s.c.o[0m
[ 98%] [32mBuilding C object CMakeFiles/spot_msgs__rosidl_generator_py.dir/rosidl_generator_py/spot_msgs/srv/_dock_s.c.o[0m
[ 98%] [32mBuilding C object CMakeFiles/spot_msgs__rosidl_generator_py.dir/rosidl_generator_py/spot_msgs/srv/_get_gripper_camera_parameters_s.c.o[0m
[ 99%] [32mBuilding C object CMakeFiles/spot_msgs__rosidl_generator_py.dir/rosidl_generator_py/spot_msgs/srv/_set_gripper_camera_parameters_s.c.o[0m
[ 99%] [32mBuilding C object CMakeFiles/spot_msgs__rosidl_generator_py.dir/rosidl_generator_py/spot_msgs/srv/_override_grasp_or_carry_s.c.o[0m
[ 99%] [32mBuilding C object CMakeFiles/spot_msgs__rosidl_generator_py.dir/rosidl_generator_py/spot_msgs/srv/_set_stand_height_s.c.o[0m
[ 99%] [32mBuilding C object CMakeFiles/spot_msgs__rosidl_generator_py.dir/rosidl_generator_py/spot_msgs/srv/_mutate_world_object_s.c.o[0m
[ 99%] [32mBuilding C object CMakeFiles/spot_msgs__rosidl_generator_py.dir/rosidl_generator_py/spot_msgs/action/_arm_surface_contact_s.c.o[0m
[ 99%] [32mBuilding C object CMakeFiles/spot_msgs__rosidl_generator_py.dir/rosidl_generator_py/spot_msgs/srv/_set_stairs_mode_s.c.o[0m
[ 99%] [32mBuilding C object CMakeFiles/spot_msgs__rosidl_generator_py.dir/rosidl_generator_py/spot_msgs/action/_robot_command_s.c.o[0m
[ 99%] [32mBuilding C object CMakeFiles/spot_msgs__rosidl_generator_py.dir/rosidl_generator_py/spot_msgs/action/_navigate_to_s.c.o[0m
[100%] [32mBuilding C object CMakeFiles/spot_msgs__rosidl_generator_py.dir/rosidl_generator_py/spot_msgs/action/_execute_dance_s.c.o[0m
[100%] [32mBuilding C object CMakeFiles/spot_msgs__rosidl_generator_py.dir/rosidl_generator_py/spot_msgs/action/_trajectory_s.c.o[0m
[100%] [32mBuilding C object CMakeFiles/spot_msgs__rosidl_generator_py.dir/rosidl_generator_py/spot_msgs/action/_manipulation_s.c.o[0m
[100%] [32m[1mLinking C shared library rosidl_generator_py/spot_msgs/libspot_msgs__rosidl_generator_py.so[0m
[100%] Built target spot_msgs__rosidl_generator_py
[100%] [32mBuilding C object CMakeFiles/spot_msgs__rosidl_typesupport_introspection_c__pyext.dir/rosidl_generator_py/spot_msgs/_spot_msgs_s.ep.rosidl_typesupport_introspection_c.c.o[0m
[100%] [32mBuilding C object CMakeFiles/spot_msgs__rosidl_typesupport_c__pyext.dir/rosidl_generator_py/spot_msgs/_spot_msgs_s.ep.rosidl_typesupport_c.c.o[0m
[100%] [32mBuilding C object CMakeFiles/spot_msgs__rosidl_typesupport_fastrtps_c__pyext.dir/rosidl_generator_py/spot_msgs/_spot_msgs_s.ep.rosidl_typesupport_fastrtps_c.c.o[0m
[100%] [32m[1mLinking C shared library rosidl_generator_py/spot_msgs/spot_msgs_s__rosidl_typesupport_introspection_c.cpython-310-x86_64-linux-gnu.so[0m
[100%] [32m[1mLinking C shared library rosidl_generator_py/spot_msgs/spot_msgs_s__rosidl_typesupport_c.cpython-310-x86_64-linux-gnu.so[0m
[100%] [32m[1mLinking C shared library rosidl_generator_py/spot_msgs/spot_msgs_s__rosidl_typesupport_fastrtps_c.cpython-310-x86_64-linux-gnu.so[0m
[100%] Built target spot_msgs__rosidl_typesupport_fastrtps_c__pyext
[100%] Built target spot_msgs__rosidl_typesupport_c__pyext
[100%] Built target spot_msgs__rosidl_typesupport_introspection_c__pyext
-- Install configuration: ""
-- Execute custom install script
-- Symlinking: /home/mtouri/spot_ws/install/spot_msgs/share/ament_index/resource_index/rosidl_interfaces/spot_msgs
-- Symlinking: /home/mtouri/spot_ws/install/spot_msgs/include/spot_msgs/spot_msgs/action/arm_surface_contact.h
-- Symlinking: /home/mtouri/spot_ws/install/spot_msgs/include/spot_msgs/spot_msgs/action/detail/arm_surface_contact__functions.h
-- Symlinking: /home/mtouri/spot_ws/install/spot_msgs/include/spot_msgs/spot_msgs/action/detail/arm_surface_contact__struct.h
-- Symlinking: /home/mtouri/spot_ws/install/spot_msgs/include/spot_msgs/spot_msgs/action/detail/arm_surface_contact__type_support.h
-- Symlinking: /home/mtouri/spot_ws/install/spot_msgs/include/spot_msgs/spot_msgs/action/detail/execute_dance__functions.h
-- Symlinking: /home/mtouri/spot_ws/install/spot_msgs/include/spot_msgs/spot_msgs/action/detail/execute_dance__struct.h
-- Symlinking: /home/mtouri/spot_ws/install/spot_msgs/include/spot_msgs/spot_msgs/action/detail/execute_dance__type_support.h
-- Symlinking: /home/mtouri/spot_ws/install/spot_msgs/include/spot_msgs/spot_msgs/action/detail/manipulation__functions.h
-- Symlinking: /home/mtouri/spot_ws/install/spot_msgs/include/spot_msgs/spot_msgs/action/detail/manipulation__struct.h
-- Symlinking: /home/mtouri/spot_ws/install/spot_msgs/include/spot_msgs/spot_msgs/action/detail/manipulation__type_support.h
-- Symlinking: /home/mtouri/spot_ws/install/spot_msgs/include/spot_msgs/spot_msgs/action/detail/navigate_to__functions.h
-- Symlinking: /home/mtouri/spot_ws/install/spot_msgs/include/spot_msgs/spot_msgs/action/detail/navigate_to__struct.h
-- Symlinking: /home/mtouri/spot_ws/install/spot_msgs/include/spot_msgs/spot_msgs/action/detail/navigate_to__type_support.h
-- Symlinking: /home/mtouri/spot_ws/install/spot_msgs/include/spot_msgs/spot_msgs/action/detail/robot_command__functions.h
-- Symlinking: /home/mtouri/spot_ws/install/spot_msgs/include/spot_msgs/spot_msgs/action/detail/robot_command__struct.h
-- Symlinking: /home/mtouri/spot_ws/install/spot_msgs/include/spot_msgs/spot_msgs/action/detail/robot_command__type_support.h
-- Symlinking: /home/mtouri/spot_ws/install/spot_msgs/include/spot_msgs/spot_msgs/action/detail/trajectory__functions.h
-- Symlinking: /home/mtouri/spot_ws/install/spot_msgs/include/spot_msgs/spot_msgs/action/detail/trajectory__struct.h
-- Symlinking: /home/mtouri/spot_ws/install/spot_msgs/include/spot_msgs/spot_msgs/action/detail/trajectory__type_support.h
-- Symlinking: /home/mtouri/spot_ws/install/spot_msgs/include/spot_msgs/spot_msgs/action/execute_dance.h
-- Symlinking: /home/mtouri/spot_ws/install/spot_msgs/include/spot_msgs/spot_msgs/action/manipulation.h
-- Symlinking: /home/mtouri/spot_ws/install/spot_msgs/include/spot_msgs/spot_msgs/action/navigate_to.h
-- Symlinking: /home/mtouri/spot_ws/install/spot_msgs/include/spot_msgs/spot_msgs/action/robot_command.h
-- Symlinking: /home/mtouri/spot_ws/install/spot_msgs/include/spot_msgs/spot_msgs/action/trajectory.h
-- Symlinking: /home/mtouri/spot_ws/install/spot_msgs/include/spot_msgs/spot_msgs/msg/battery_state.h
-- Symlinking: /home/mtouri/spot_ws/install/spot_msgs/include/spot_msgs/spot_msgs/msg/battery_state_array.h
-- Symlinking: /home/mtouri/spot_ws/install/spot_msgs/include/spot_msgs/spot_msgs/msg/behavior_fault.h
-- Symlinking: /home/mtouri/spot_ws/install/spot_msgs/include/spot_msgs/spot_msgs/msg/behavior_fault_state.h
-- Symlinking: /home/mtouri/spot_ws/install/spot_msgs/include/spot_msgs/spot_msgs/msg/detail/battery_state__functions.h
-- Symlinking: /home/mtouri/spot_ws/install/spot_msgs/include/spot_msgs/spot_msgs/msg/detail/battery_state__struct.h
-- Symlinking: /home/mtouri/spot_ws/install/spot_msgs/include/spot_msgs/spot_msgs/msg/detail/battery_state__type_support.h
-- Symlinking: /home/mtouri/spot_ws/install/spot_msgs/include/spot_msgs/spot_msgs/msg/detail/battery_state_array__functions.h
-- Symlinking: /home/mtouri/spot_ws/install/spot_msgs/include/spot_msgs/spot_msgs/msg/detail/battery_state_array__struct.h
-- Symlinking: /home/mtouri/spot_ws/install/spot_msgs/include/spot_msgs/spot_msgs/msg/detail/battery_state_array__type_support.h
-- Symlinking: /home/mtouri/spot_ws/install/spot_msgs/include/spot_msgs/spot_msgs/msg/detail/behavior_fault__functions.h
-- Symlinking: /home/mtouri/spot_ws/install/spot_msgs/include/spot_msgs/spot_msgs/msg/detail/behavior_fault__struct.h
-- Symlinking: /home/mtouri/spot_ws/install/spot_msgs/include/spot_msgs/spot_msgs/msg/detail/behavior_fault__type_support.h
-- Symlinking: /home/mtouri/spot_ws/install/spot_msgs/include/spot_msgs/spot_msgs/msg/detail/behavior_fault_state__functions.h
-- Symlinking: /home/mtouri/spot_ws/install/spot_msgs/include/spot_msgs/spot_msgs/msg/detail/behavior_fault_state__struct.h
-- Symlinking: /home/mtouri/spot_ws/install/spot_msgs/include/spot_msgs/spot_msgs/msg/detail/behavior_fault_state__type_support.h
-- Symlinking: /home/mtouri/spot_ws/install/spot_msgs/include/spot_msgs/spot_msgs/msg/detail/e_stop_state__functions.h
-- Symlinking: /home/mtouri/spot_ws/install/spot_msgs/include/spot_msgs/spot_msgs/msg/detail/e_stop_state__struct.h
-- Symlinking: /home/mtouri/spot_ws/install/spot_msgs/include/spot_msgs/spot_msgs/msg/detail/e_stop_state__type_support.h
-- Symlinking: /home/mtouri/spot_ws/install/spot_msgs/include/spot_msgs/spot_msgs/msg/detail/e_stop_state_array__functions.h
-- Symlinking: /home/mtouri/spot_ws/install/spot_msgs/include/spot_msgs/spot_msgs/msg/detail/e_stop_state_array__struct.h
-- Symlinking: /home/mtouri/spot_ws/install/spot_msgs/include/spot_msgs/spot_msgs/msg/detail/e_stop_state_array__type_support.h
-- Symlinking: /home/mtouri/spot_ws/install/spot_msgs/include/spot_msgs/spot_msgs/msg/detail/feedback__functions.h
-- Symlinking: /home/mtouri/spot_ws/install/spot_msgs/include/spot_msgs/spot_msgs/msg/detail/feedback__struct.h
-- Symlinking: /home/mtouri/spot_ws/install/spot_msgs/include/spot_msgs/spot_msgs/msg/detail/feedback__type_support.h
-- Symlinking: /home/mtouri/spot_ws/install/spot_msgs/include/spot_msgs/spot_msgs/msg/detail/foot_state__functions.h
-- Symlinking: /home/mtouri/spot_ws/install/spot_msgs/include/spot_msgs/spot_msgs/msg/detail/foot_state__struct.h
-- Symlinking: /home/mtouri/spot_ws/install/spot_msgs/include/spot_msgs/spot_msgs/msg/detail/foot_state__type_support.h
-- Symlinking: /home/mtouri/spot_ws/install/spot_msgs/include/spot_msgs/spot_msgs/msg/detail/foot_state_array__functions.h
-- Symlinking: /home/mtouri/spot_ws/install/spot_msgs/include/spot_msgs/spot_msgs/msg/detail/foot_state_array__struct.h
-- Symlinking: /home/mtouri/spot_ws/install/spot_msgs/include/spot_msgs/spot_msgs/msg/detail/foot_state_array__type_support.h
-- Symlinking: /home/mtouri/spot_ws/install/spot_msgs/include/spot_msgs/spot_msgs/msg/detail/joint_command__functions.h
-- Symlinking: /home/mtouri/spot_ws/install/spot_msgs/include/spot_msgs/spot_msgs/msg/detail/joint_command__struct.h
-- Symlinking: /home/mtouri/spot_ws/install/spot_msgs/include/spot_msgs/spot_msgs/msg/detail/joint_command__type_support.h
-- Symlinking: /home/mtouri/spot_ws/install/spot_msgs/include/spot_msgs/spot_msgs/msg/detail/lease__functions.h
-- Symlinking: /home/mtouri/spot_ws/install/spot_msgs/include/spot_msgs/spot_msgs/msg/detail/lease__struct.h
-- Symlinking: /home/mtouri/spot_ws/install/spot_msgs/include/spot_msgs/spot_msgs/msg/detail/lease__type_support.h
-- Symlinking: /home/mtouri/spot_ws/install/spot_msgs/include/spot_msgs/spot_msgs/msg/detail/lease_array__functions.h
-- Symlinking: /home/mtouri/spot_ws/install/spot_msgs/include/spot_msgs/spot_msgs/msg/detail/lease_array__struct.h
-- Symlinking: /home/mtouri/spot_ws/install/spot_msgs/include/spot_msgs/spot_msgs/msg/detail/lease_array__type_support.h
-- Symlinking: /home/mtouri/spot_ws/install/spot_msgs/include/spot_msgs/spot_msgs/msg/detail/lease_owner__functions.h
-- Symlinking: /home/mtouri/spot_ws/install/spot_msgs/include/spot_msgs/spot_msgs/msg/detail/lease_owner__struct.h
-- Symlinking: /home/mtouri/spot_ws/install/spot_msgs/include/spot_msgs/spot_msgs/msg/detail/lease_owner__type_support.h
-- Symlinking: /home/mtouri/spot_ws/install/spot_msgs/include/spot_msgs/spot_msgs/msg/detail/lease_resource__functions.h
-- Symlinking: /home/mtouri/spot_ws/install/spot_msgs/include/spot_msgs/spot_msgs/msg/detail/lease_resource__struct.h
-- Symlinking: /home/mtouri/spot_ws/install/spot_msgs/include/spot_msgs/spot_msgs/msg/detail/lease_resource__type_support.h
-- Symlinking: /home/mtouri/spot_ws/install/spot_msgs/include/spot_msgs/spot_msgs/msg/detail/metrics__functions.h
-- Symlinking: /home/mtouri/spot_ws/install/spot_msgs/include/spot_msgs/spot_msgs/msg/detail/metrics__struct.h
-- Symlinking: /home/mtouri/spot_ws/install/spot_msgs/include/spot_msgs/spot_msgs/msg/detail/metrics__type_support.h
-- Symlinking: /home/mtouri/spot_ws/install/spot_msgs/include/spot_msgs/spot_msgs/msg/detail/mobility_params__functions.h
-- Symlinking: /home/mtouri/spot_ws/install/spot_msgs/include/spot_msgs/spot_msgs/msg/detail/mobility_params__struct.h
-- Symlinking: /home/mtouri/spot_ws/install/spot_msgs/include/spot_msgs/spot_msgs/msg/detail/mobility_params__type_support.h
-- Symlinking: /home/mtouri/spot_ws/install/spot_msgs/include/spot_msgs/spot_msgs/msg/detail/power_state__functions.h
-- Symlinking: /home/mtouri/spot_ws/install/spot_msgs/include/spot_msgs/spot_msgs/msg/detail/power_state__struct.h
-- Symlinking: /home/mtouri/spot_ws/install/spot_msgs/include/spot_msgs/spot_msgs/msg/detail/power_state__type_support.h
-- Symlinking: /home/mtouri/spot_ws/install/spot_msgs/include/spot_msgs/spot_msgs/msg/detail/system_fault__functions.h
-- Symlinking: /home/mtouri/spot_ws/install/spot_msgs/include/spot_msgs/spot_msgs/msg/detail/system_fault__struct.h
-- Symlinking: /home/mtouri/spot_ws/install/spot_msgs/include/spot_msgs/spot_msgs/msg/detail/system_fault__type_support.h
-- Symlinking: /home/mtouri/spot_ws/install/spot_msgs/include/spot_msgs/spot_msgs/msg/detail/system_fault_state__functions.h
-- Symlinking: /home/mtouri/spot_ws/install/spot_msgs/include/spot_msgs/spot_msgs/msg/detail/system_fault_state__struct.h
-- Symlinking: /home/mtouri/spot_ws/install/spot_msgs/include/spot_msgs/spot_msgs/msg/detail/system_fault_state__type_support.h
-- Symlinking: /home/mtouri/spot_ws/install/spot_msgs/include/spot_msgs/spot_msgs/msg/detail/wi_fi_state__functions.h
-- Symlinking: /home/mtouri/spot_ws/install/spot_msgs/include/spot_msgs/spot_msgs/msg/detail/wi_fi_state__struct.h
-- Symlinking: /home/mtouri/spot_ws/install/spot_msgs/include/spot_msgs/spot_msgs/msg/detail/wi_fi_state__type_support.h
-- Symlinking: /home/mtouri/spot_ws/install/spot_msgs/include/spot_msgs/spot_msgs/msg/e_stop_state.h
-- Symlinking: /home/mtouri/spot_ws/install/spot_msgs/include/spot_msgs/spot_msgs/msg/e_stop_state_array.h
-- Symlinking: /home/mtouri/spot_ws/install/spot_msgs/include/spot_msgs/spot_msgs/msg/feedback.h
-- Symlinking: /home/mtouri/spot_ws/install/spot_msgs/include/spot_msgs/spot_msgs/msg/foot_state.h
-- Symlinking: /home/mtouri/spot_ws/install/spot_msgs/include/spot_msgs/spot_msgs/msg/foot_state_array.h
-- Symlinking: /home/mtouri/spot_ws/install/spot_msgs/include/spot_msgs/spot_msgs/msg/joint_command.h
-- Symlinking: /home/mtouri/spot_ws/install/spot_msgs/include/spot_msgs/spot_msgs/msg/lease.h
-- Symlinking: /home/mtouri/spot_ws/install/spot_msgs/include/spot_msgs/spot_msgs/msg/lease_array.h
-- Symlinking: /home/mtouri/spot_ws/install/spot_msgs/include/spot_msgs/spot_msgs/msg/lease_owner.h
-- Symlinking: /home/mtouri/spot_ws/install/spot_msgs/include/spot_msgs/spot_msgs/msg/lease_resource.h
-- Symlinking: /home/mtouri/spot_ws/install/spot_msgs/include/spot_msgs/spot_msgs/msg/metrics.h
-- Symlinking: /home/mtouri/spot_ws/install/spot_msgs/include/spot_msgs/spot_msgs/msg/mobility_params.h
-- Symlinking: /home/mtouri/spot_ws/install/spot_msgs/include/spot_msgs/spot_msgs/msg/power_state.h
-- Symlinking: /home/mtouri/spot_ws/install/spot_msgs/include/spot_msgs/spot_msgs/msg/rosidl_generator_c__visibility_control.h
-- Symlinking: /home/mtouri/spot_ws/install/spot_msgs/include/spot_msgs/spot_msgs/msg/system_fault.h
-- Symlinking: /home/mtouri/spot_ws/install/spot_msgs/include/spot_msgs/spot_msgs/msg/system_fault_state.h
-- Symlinking: /home/mtouri/spot_ws/install/spot_msgs/include/spot_msgs/spot_msgs/msg/wi_fi_state.h
-- Symlinking: /home/mtouri/spot_ws/install/spot_msgs/include/spot_msgs/spot_msgs/srv/acquire_lease.h
-- Symlinking: /home/mtouri/spot_ws/install/spot_msgs/include/spot_msgs/spot_msgs/srv/choreography_recorded_state_to_animation.h
-- Symlinking: /home/mtouri/spot_ws/install/spot_msgs/include/spot_msgs/spot_msgs/srv/choreography_start_recording_state.h
-- Symlinking: /home/mtouri/spot_ws/install/spot_msgs/include/spot_msgs/spot_msgs/srv/choreography_stop_recording_state.h
-- Symlinking: /home/mtouri/spot_ws/install/spot_msgs/include/spot_msgs/spot_msgs/srv/clear_behavior_fault.h
-- Symlinking: /home/mtouri/spot_ws/install/spot_msgs/include/spot_msgs/spot_msgs/srv/delete_logpoint.h
-- Symlinking: /home/mtouri/spot_ws/install/spot_msgs/include/spot_msgs/spot_msgs/srv/delete_sound.h
-- Symlinking: /home/mtouri/spot_ws/install/spot_msgs/include/spot_msgs/spot_msgs/srv/detail/acquire_lease__functions.h
-- Symlinking: /home/mtouri/spot_ws/install/spot_msgs/include/spot_msgs/spot_msgs/srv/detail/acquire_lease__struct.h
-- Symlinking: /home/mtouri/spot_ws/install/spot_msgs/include/spot_msgs/spot_msgs/srv/detail/acquire_lease__type_support.h
-- Symlinking: /home/mtouri/spot_ws/install/spot_msgs/include/spot_msgs/spot_msgs/srv/detail/choreography_recorded_state_to_animation__functions.h
-- Symlinking: /home/mtouri/spot_ws/install/spot_msgs/include/spot_msgs/spot_msgs/srv/detail/choreography_recorded_state_to_animation__struct.h
-- Symlinking: /home/mtouri/spot_ws/install/spot_msgs/include/spot_msgs/spot_msgs/srv/detail/choreography_recorded_state_to_animation__type_support.h
-- Symlinking: /home/mtouri/spot_ws/install/spot_msgs/include/spot_msgs/spot_msgs/srv/detail/choreography_start_recording_state__functions.h
-- Symlinking: /home/mtouri/spot_ws/install/spot_msgs/include/spot_msgs/spot_msgs/srv/detail/choreography_start_recording_state__struct.h
-- Symlinking: /home/mtouri/spot_ws/install/spot_msgs/include/spot_msgs/spot_msgs/srv/detail/choreography_start_recording_state__type_support.h
-- Symlinking: /home/mtouri/spot_ws/install/spot_msgs/include/spot_msgs/spot_msgs/srv/detail/choreography_stop_recording_state__functions.h
-- Symlinking: /home/mtouri/spot_ws/install/spot_msgs/include/spot_msgs/spot_msgs/srv/detail/choreography_stop_recording_state__struct.h
-- Symlinking: /home/mtouri/spot_ws/install/spot_msgs/include/spot_msgs/spot_msgs/srv/detail/choreography_stop_recording_state__type_support.h
-- Symlinking: /home/mtouri/spot_ws/install/spot_msgs/include/spot_msgs/spot_msgs/srv/detail/clear_behavior_fault__functions.h
-- Symlinking: /home/mtouri/spot_ws/install/spot_msgs/include/spot_msgs/spot_msgs/srv/detail/clear_behavior_fault__struct.h
-- Symlinking: /home/mtouri/spot_ws/install/spot_msgs/include/spot_msgs/spot_msgs/srv/detail/clear_behavior_fault__type_support.h
-- Symlinking: /home/mtouri/spot_ws/install/spot_msgs/include/spot_msgs/spot_msgs/srv/detail/delete_logpoint__functions.h
-- Symlinking: /home/mtouri/spot_ws/install/spot_msgs/include/spot_msgs/spot_msgs/srv/detail/delete_logpoint__struct.h
-- Symlinking: /home/mtouri/spot_ws/install/spot_msgs/include/spot_msgs/spot_msgs/srv/detail/delete_logpoint__type_support.h
-- Symlinking: /home/mtouri/spot_ws/install/spot_msgs/include/spot_msgs/spot_msgs/srv/detail/delete_sound__functions.h
-- Symlinking: /home/mtouri/spot_ws/install/spot_msgs/include/spot_msgs/spot_msgs/srv/detail/delete_sound__struct.h
-- Symlinking: /home/mtouri/spot_ws/install/spot_msgs/include/spot_msgs/spot_msgs/srv/detail/delete_sound__type_support.h
-- Symlinking: /home/mtouri/spot_ws/install/spot_msgs/include/spot_msgs/spot_msgs/srv/detail/dock__functions.h
-- Symlinking: /home/mtouri/spot_ws/install/spot_msgs/include/spot_msgs/spot_msgs/srv/detail/dock__struct.h
-- Symlinking: /home/mtouri/spot_ws/install/spot_msgs/include/spot_msgs/spot_msgs/srv/detail/dock__type_support.h
-- Symlinking: /home/mtouri/spot_ws/install/spot_msgs/include/spot_msgs/spot_msgs/srv/detail/get_choreography_status__functions.h
-- Symlinking: /home/mtouri/spot_ws/install/spot_msgs/include/spot_msgs/spot_msgs/srv/detail/get_choreography_status__struct.h
-- Symlinking: /home/mtouri/spot_ws/install/spot_msgs/include/spot_msgs/spot_msgs/srv/detail/get_choreography_status__type_support.h
-- Symlinking: /home/mtouri/spot_ws/install/spot_msgs/include/spot_msgs/spot_msgs/srv/detail/get_gripper_camera_parameters__functions.h
-- Symlinking: /home/mtouri/spot_ws/install/spot_msgs/include/spot_msgs/spot_msgs/srv/detail/get_gripper_camera_parameters__struct.h
-- Symlinking: /home/mtouri/spot_ws/install/spot_msgs/include/spot_msgs/spot_msgs/srv/detail/get_gripper_camera_parameters__type_support.h
-- Symlinking: /home/mtouri/spot_ws/install/spot_msgs/include/spot_msgs/spot_msgs/srv/detail/get_inverse_kinematic_solutions__functions.h
-- Symlinking: /home/mtouri/spot_ws/install/spot_msgs/include/spot_msgs/spot_msgs/srv/detail/get_inverse_kinematic_solutions__struct.h
-- Symlinking: /home/mtouri/spot_ws/install/spot_msgs/include/spot_msgs/spot_msgs/srv/detail/get_inverse_kinematic_solutions__type_support.h
-- Symlinking: /home/mtouri/spot_ws/install/spot_msgs/include/spot_msgs/spot_msgs/srv/detail/get_led_brightness__functions.h
-- Symlinking: /home/mtouri/spot_ws/install/spot_msgs/include/spot_msgs/spot_msgs/srv/detail/get_led_brightness__struct.h
-- Symlinking: /home/mtouri/spot_ws/install/spot_msgs/include/spot_msgs/spot_msgs/srv/detail/get_led_brightness__type_support.h
-- Symlinking: /home/mtouri/spot_ws/install/spot_msgs/include/spot_msgs/spot_msgs/srv/detail/get_logpoint_status__functions.h
-- Symlinking: /home/mtouri/spot_ws/install/spot_msgs/include/spot_msgs/spot_msgs/srv/detail/get_logpoint_status__struct.h
-- Symlinking: /home/mtouri/spot_ws/install/spot_msgs/include/spot_msgs/spot_msgs/srv/detail/get_logpoint_status__type_support.h
-- Symlinking: /home/mtouri/spot_ws/install/spot_msgs/include/spot_msgs/spot_msgs/srv/detail/get_ptz_position__functions.h
-- Symlinking: /home/mtouri/spot_ws/install/spot_msgs/include/spot_msgs/spot_msgs/srv/detail/get_ptz_position__struct.h
-- Symlinking: /home/mtouri/spot_ws/install/spot_msgs/include/spot_msgs/spot_msgs/srv/detail/get_ptz_position__type_support.h
-- Symlinking: /home/mtouri/spot_ws/install/spot_msgs/include/spot_msgs/spot_msgs/srv/detail/get_volume__functions.h
-- Symlinking: /home/mtouri/spot_ws/install/spot_msgs/include/spot_msgs/spot_msgs/srv/detail/get_volume__struct.h
-- Symlinking: /home/mtouri/spot_ws/install/spot_msgs/include/spot_msgs/spot_msgs/srv/detail/get_volume__type_support.h
-- Symlinking: /home/mtouri/spot_ws/install/spot_msgs/include/spot_msgs/spot_msgs/srv/detail/graph_nav_clear_graph__functions.h
-- Symlinking: /home/mtouri/spot_ws/install/spot_msgs/include/spot_msgs/spot_msgs/srv/detail/graph_nav_clear_graph__struct.h
-- Symlinking: /home/mtouri/spot_ws/install/spot_msgs/include/spot_msgs/spot_msgs/srv/detail/graph_nav_clear_graph__type_support.h
-- Symlinking: /home/mtouri/spot_ws/install/spot_msgs/include/spot_msgs/spot_msgs/srv/detail/graph_nav_get_localization_pose__functions.h
-- Symlinking: /home/mtouri/spot_ws/install/spot_msgs/include/spot_msgs/spot_msgs/srv/detail/graph_nav_get_localization_pose__struct.h
-- Symlinking: /home/mtouri/spot_ws/install/spot_msgs/include/spot_msgs/spot_msgs/srv/detail/graph_nav_get_localization_pose__type_support.h
-- Symlinking: /home/mtouri/spot_ws/install/spot_msgs/include/spot_msgs/spot_msgs/srv/detail/graph_nav_set_localization__functions.h
-- Symlinking: /home/mtouri/spot_ws/install/spot_msgs/include/spot_msgs/spot_msgs/srv/detail/graph_nav_set_localization__struct.h
-- Symlinking: /home/mtouri/spot_ws/install/spot_msgs/include/spot_msgs/spot_msgs/srv/detail/graph_nav_set_localization__type_support.h
-- Symlinking: /home/mtouri/spot_ws/install/spot_msgs/include/spot_msgs/spot_msgs/srv/detail/graph_nav_upload_graph__functions.h
-- Symlinking: /home/mtouri/spot_ws/install/spot_msgs/include/spot_msgs/spot_msgs/srv/detail/graph_nav_upload_graph__struct.h
-- Symlinking: /home/mtouri/spot_ws/install/spot_msgs/include/spot_msgs/spot_msgs/srv/detail/graph_nav_upload_graph__type_support.h
-- Symlinking: /home/mtouri/spot_ws/install/spot_msgs/include/spot_msgs/spot_msgs/srv/detail/initialize_lens__functions.h
-- Symlinking: /home/mtouri/spot_ws/install/spot_msgs/include/spot_msgs/spot_msgs/srv/detail/initialize_lens__struct.h
-- Symlinking: /home/mtouri/spot_ws/install/spot_msgs/include/spot_msgs/spot_msgs/srv/detail/initialize_lens__type_support.h
-- Symlinking: /home/mtouri/spot_ws/install/spot_msgs/include/spot_msgs/spot_msgs/srv/detail/list_all_dances__functions.h
-- Symlinking: /home/mtouri/spot_ws/install/spot_msgs/include/spot_msgs/spot_msgs/srv/detail/list_all_dances__struct.h
-- Symlinking: /home/mtouri/spot_ws/install/spot_msgs/include/spot_msgs/spot_msgs/srv/detail/list_all_dances__type_support.h
-- Symlinking: /home/mtouri/spot_ws/install/spot_msgs/include/spot_msgs/spot_msgs/srv/detail/list_all_moves__functions.h
-- Symlinking: /home/mtouri/spot_ws/install/spot_msgs/include/spot_msgs/spot_msgs/srv/detail/list_all_moves__struct.h
-- Symlinking: /home/mtouri/spot_ws/install/spot_msgs/include/spot_msgs/spot_msgs/srv/detail/list_all_moves__type_support.h
-- Symlinking: /home/mtouri/spot_ws/install/spot_msgs/include/spot_msgs/spot_msgs/srv/detail/list_cameras__functions.h
-- Symlinking: /home/mtouri/spot_ws/install/spot_msgs/include/spot_msgs/spot_msgs/srv/detail/list_cameras__struct.h
-- Symlinking: /home/mtouri/spot_ws/install/spot_msgs/include/spot_msgs/spot_msgs/srv/detail/list_cameras__type_support.h
-- Symlinking: /home/mtouri/spot_ws/install/spot_msgs/include/spot_msgs/spot_msgs/srv/detail/list_graph__functions.h
-- Symlinking: /home/mtouri/spot_ws/install/spot_msgs/include/spot_msgs/spot_msgs/srv/detail/list_graph__struct.h
-- Symlinking: /home/mtouri/spot_ws/install/spot_msgs/include/spot_msgs/spot_msgs/srv/detail/list_graph__type_support.h
-- Symlinking: /home/mtouri/spot_ws/install/spot_msgs/include/spot_msgs/spot_msgs/srv/detail/list_logpoints__functions.h
-- Symlinking: /home/mtouri/spot_ws/install/spot_msgs/include/spot_msgs/spot_msgs/srv/detail/list_logpoints__struct.h
-- Symlinking: /home/mtouri/spot_ws/install/spot_msgs/include/spot_msgs/spot_msgs/srv/detail/list_logpoints__type_support.h
-- Symlinking: /home/mtouri/spot_ws/install/spot_msgs/include/spot_msgs/spot_msgs/srv/detail/list_ptz__functions.h
-- Symlinking: /home/mtouri/spot_ws/install/spot_msgs/include/spot_msgs/spot_msgs/srv/detail/list_ptz__struct.h
-- Symlinking: /home/mtouri/spot_ws/install/spot_msgs/include/spot_msgs/spot_msgs/srv/detail/list_ptz__type_support.h
-- Symlinking: /home/mtouri/spot_ws/install/spot_msgs/include/spot_msgs/spot_msgs/srv/detail/list_sounds__functions.h
-- Symlinking: /home/mtouri/spot_ws/install/spot_msgs/include/spot_msgs/spot_msgs/srv/detail/list_sounds__struct.h
-- Symlinking: /home/mtouri/spot_ws/install/spot_msgs/include/spot_msgs/spot_msgs/srv/detail/list_sounds__type_support.h
-- Symlinking: /home/mtouri/spot_ws/install/spot_msgs/include/spot_msgs/spot_msgs/srv/detail/list_world_objects__functions.h
-- Symlinking: /home/mtouri/spot_ws/install/spot_msgs/include/spot_msgs/spot_msgs/srv/detail/list_world_objects__struct.h
-- Symlinking: /home/mtouri/spot_ws/install/spot_msgs/include/spot_msgs/spot_msgs/srv/detail/list_world_objects__type_support.h
-- Symlinking: /home/mtouri/spot_ws/install/spot_msgs/include/spot_msgs/spot_msgs/srv/detail/load_sound__functions.h
-- Symlinking: /home/mtouri/spot_ws/install/spot_msgs/include/spot_msgs/spot_msgs/srv/detail/load_sound__struct.h
-- Symlinking: /home/mtouri/spot_ws/install/spot_msgs/include/spot_msgs/spot_msgs/srv/detail/load_sound__type_support.h
-- Symlinking: /home/mtouri/spot_ws/install/spot_msgs/include/spot_msgs/spot_msgs/srv/detail/mutate_world_object__functions.h
-- Symlinking: /home/mtouri/spot_ws/install/spot_msgs/include/spot_msgs/spot_msgs/srv/detail/mutate_world_object__struct.h
-- Symlinking: /home/mtouri/spot_ws/install/spot_msgs/include/spot_msgs/spot_msgs/srv/detail/mutate_world_object__type_support.h
-- Symlinking: /home/mtouri/spot_ws/install/spot_msgs/include/spot_msgs/spot_msgs/srv/detail/override_grasp_or_carry__functions.h
-- Symlinking: /home/mtouri/spot_ws/install/spot_msgs/include/spot_msgs/spot_msgs/srv/detail/override_grasp_or_carry__struct.h
-- Symlinking: /home/mtouri/spot_ws/install/spot_msgs/include/spot_msgs/spot_msgs/srv/detail/override_grasp_or_carry__type_support.h
-- Symlinking: /home/mtouri/spot_ws/install/spot_msgs/include/spot_msgs/spot_msgs/srv/detail/play_sound__functions.h
-- Symlinking: /home/mtouri/spot_ws/install/spot_msgs/include/spot_msgs/spot_msgs/srv/detail/play_sound__struct.h
-- Symlinking: /home/mtouri/spot_ws/install/spot_msgs/include/spot_msgs/spot_msgs/srv/detail/play_sound__type_support.h
-- Symlinking: /home/mtouri/spot_ws/install/spot_msgs/include/spot_msgs/spot_msgs/srv/detail/retrieve_logpoint__functions.h
-- Symlinking: /home/mtouri/spot_ws/install/spot_msgs/include/spot_msgs/spot_msgs/srv/detail/retrieve_logpoint__struct.h
-- Symlinking: /home/mtouri/spot_ws/install/spot_msgs/include/spot_msgs/spot_msgs/srv/detail/retrieve_logpoint__type_support.h
-- Symlinking: /home/mtouri/spot_ws/install/spot_msgs/include/spot_msgs/spot_msgs/srv/detail/return_lease__functions.h
-- Symlinking: /home/mtouri/spot_ws/install/spot_msgs/include/spot_msgs/spot_msgs/srv/detail/return_lease__struct.h
-- Symlinking: /home/mtouri/spot_ws/install/spot_msgs/include/spot_msgs/spot_msgs/srv/detail/return_lease__type_support.h
-- Symlinking: /home/mtouri/spot_ws/install/spot_msgs/include/spot_msgs/spot_msgs/srv/detail/robot_command__functions.h
-- Symlinking: /home/mtouri/spot_ws/install/spot_msgs/include/spot_msgs/spot_msgs/srv/detail/robot_command__struct.h
-- Symlinking: /home/mtouri/spot_ws/install/spot_msgs/include/spot_msgs/spot_msgs/srv/detail/robot_command__type_support.h
-- Symlinking: /home/mtouri/spot_ws/install/spot_msgs/include/spot_msgs/spot_msgs/srv/detail/set_gripper_angle__functions.h
-- Symlinking: /home/mtouri/spot_ws/install/spot_msgs/include/spot_msgs/spot_msgs/srv/detail/set_gripper_angle__struct.h
-- Symlinking: /home/mtouri/spot_ws/install/spot_msgs/include/spot_msgs/spot_msgs/srv/detail/set_gripper_angle__type_support.h
-- Symlinking: /home/mtouri/spot_ws/install/spot_msgs/include/spot_msgs/spot_msgs/srv/detail/set_gripper_camera_parameters__functions.h
-- Symlinking: /home/mtouri/spot_ws/install/spot_msgs/include/spot_msgs/spot_msgs/srv/detail/set_gripper_camera_parameters__struct.h
-- Symlinking: /home/mtouri/spot_ws/install/spot_msgs/include/spot_msgs/spot_msgs/srv/detail/set_gripper_camera_parameters__type_support.h
-- Symlinking: /home/mtouri/spot_ws/install/spot_msgs/include/spot_msgs/spot_msgs/srv/detail/set_led_brightness__functions.h
-- Symlinking: /home/mtouri/spot_ws/install/spot_msgs/include/spot_msgs/spot_msgs/srv/detail/set_led_brightness__struct.h
-- Symlinking: /home/mtouri/spot_ws/install/spot_msgs/include/spot_msgs/spot_msgs/srv/detail/set_led_brightness__type_support.h
-- Symlinking: /home/mtouri/spot_ws/install/spot_msgs/include/spot_msgs/spot_msgs/srv/detail/set_locomotion__functions.h
-- Symlinking: /home/mtouri/spot_ws/install/spot_msgs/include/spot_msgs/spot_msgs/srv/detail/set_locomotion__struct.h
-- Symlinking: /home/mtouri/spot_ws/install/spot_msgs/include/spot_msgs/spot_msgs/srv/detail/set_locomotion__type_support.h
-- Symlinking: /home/mtouri/spot_ws/install/spot_msgs/include/spot_msgs/spot_msgs/srv/detail/set_ptz_position__functions.h
-- Symlinking: /home/mtouri/spot_ws/install/spot_msgs/include/spot_msgs/spot_msgs/srv/detail/set_ptz_position__struct.h
-- Symlinking: /home/mtouri/spot_ws/install/spot_msgs/include/spot_msgs/spot_msgs/srv/detail/set_ptz_position__type_support.h
-- Symlinking: /home/mtouri/spot_ws/install/spot_msgs/include/spot_msgs/spot_msgs/srv/detail/set_stairs_mode__functions.h
-- Symlinking: /home/mtouri/spot_ws/install/spot_msgs/include/spot_msgs/spot_msgs/srv/detail/set_stairs_mode__struct.h
-- Symlinking: /home/mtouri/spot_ws/install/spot_msgs/include/spot_msgs/spot_msgs/srv/detail/set_stairs_mode__type_support.h
-- Symlinking: /home/mtouri/spot_ws/install/spot_msgs/include/spot_msgs/spot_msgs/srv/detail/set_stand_height__functions.h
-- Symlinking: /home/mtouri/spot_ws/install/spot_msgs/include/spot_msgs/spot_msgs/srv/detail/set_stand_height__struct.h
-- Symlinking: /home/mtouri/spot_ws/install/spot_msgs/include/spot_msgs/spot_msgs/srv/detail/set_stand_height__type_support.h
-- Symlinking: /home/mtouri/spot_ws/install/spot_msgs/include/spot_msgs/spot_msgs/srv/detail/set_velocity__functions.h
-- Symlinking: /home/mtouri/spot_ws/install/spot_msgs/include/spot_msgs/spot_msgs/srv/detail/set_velocity__struct.h
-- Symlinking: /home/mtouri/spot_ws/install/spot_msgs/include/spot_msgs/spot_msgs/srv/detail/set_velocity__type_support.h
-- Symlinking: /home/mtouri/spot_ws/install/spot_msgs/include/spot_msgs/spot_msgs/srv/detail/set_volume__functions.h
-- Symlinking: /home/mtouri/spot_ws/install/spot_msgs/include/spot_msgs/spot_msgs/srv/detail/set_volume__struct.h
-- Symlinking: /home/mtouri/spot_ws/install/spot_msgs/include/spot_msgs/spot_msgs/srv/detail/set_volume__type_support.h
-- Symlinking: /home/mtouri/spot_ws/install/spot_msgs/include/spot_msgs/spot_msgs/srv/detail/store_logpoint__functions.h
-- Symlinking: /home/mtouri/spot_ws/install/spot_msgs/include/spot_msgs/spot_msgs/srv/detail/store_logpoint__struct.h
-- Symlinking: /home/mtouri/spot_ws/install/spot_msgs/include/spot_msgs/spot_msgs/srv/detail/store_logpoint__type_support.h
-- Symlinking: /home/mtouri/spot_ws/install/spot_msgs/include/spot_msgs/spot_msgs/srv/detail/tag_logpoint__functions.h
-- Symlinking: /home/mtouri/spot_ws/install/spot_msgs/include/spot_msgs/spot_msgs/srv/detail/tag_logpoint__struct.h
-- Symlinking: /home/mtouri/spot_ws/install/spot_msgs/include/spot_msgs/spot_msgs/srv/detail/tag_logpoint__type_support.h
-- Symlinking: /home/mtouri/spot_ws/install/spot_msgs/include/spot_msgs/spot_msgs/srv/detail/upload_animation__functions.h
-- Symlinking: /home/mtouri/spot_ws/install/spot_msgs/include/spot_msgs/spot_msgs/srv/detail/upload_animation__struct.h
-- Symlinking: /home/mtouri/spot_ws/install/spot_msgs/include/spot_msgs/spot_msgs/srv/detail/upload_animation__type_support.h
-- Symlinking: /home/mtouri/spot_ws/install/spot_msgs/include/spot_msgs/spot_msgs/srv/detail/upload_sequence__functions.h
-- Symlinking: /home/mtouri/spot_ws/install/spot_msgs/include/spot_msgs/spot_msgs/srv/detail/upload_sequence__struct.h
-- Symlinking: /home/mtouri/spot_ws/install/spot_msgs/include/spot_msgs/spot_msgs/srv/detail/upload_sequence__type_support.h
-- Symlinking: /home/mtouri/spot_ws/install/spot_msgs/include/spot_msgs/spot_msgs/srv/dock.h
-- Symlinking: /home/mtouri/spot_ws/install/spot_msgs/include/spot_msgs/spot_msgs/srv/get_choreography_status.h
-- Symlinking: /home/mtouri/spot_ws/install/spot_msgs/include/spot_msgs/spot_msgs/srv/get_gripper_camera_parameters.h
-- Symlinking: /home/mtouri/spot_ws/install/spot_msgs/include/spot_msgs/spot_msgs/srv/get_inverse_kinematic_solutions.h
-- Symlinking: /home/mtouri/spot_ws/install/spot_msgs/include/spot_msgs/spot_msgs/srv/get_led_brightness.h
-- Symlinking: /home/mtouri/spot_ws/install/spot_msgs/include/spot_msgs/spot_msgs/srv/get_logpoint_status.h
-- Symlinking: /home/mtouri/spot_ws/install/spot_msgs/include/spot_msgs/spot_msgs/srv/get_ptz_position.h
-- Symlinking: /home/mtouri/spot_ws/install/spot_msgs/include/spot_msgs/spot_msgs/srv/get_volume.h
-- Symlinking: /home/mtouri/spot_ws/install/spot_msgs/include/spot_msgs/spot_msgs/srv/graph_nav_clear_graph.h
-- Symlinking: /home/mtouri/spot_ws/install/spot_msgs/include/spot_msgs/spot_msgs/srv/graph_nav_get_localization_pose.h
-- Symlinking: /home/mtouri/spot_ws/install/spot_msgs/include/spot_msgs/spot_msgs/srv/graph_nav_set_localization.h
-- Symlinking: /home/mtouri/spot_ws/install/spot_msgs/include/spot_msgs/spot_msgs/srv/graph_nav_upload_graph.h
-- Symlinking: /home/mtouri/spot_ws/install/spot_msgs/include/spot_msgs/spot_msgs/srv/initialize_lens.h
-- Symlinking: /home/mtouri/spot_ws/install/spot_msgs/include/spot_msgs/spot_msgs/srv/list_all_dances.h
-- Symlinking: /home/mtouri/spot_ws/install/spot_msgs/include/spot_msgs/spot_msgs/srv/list_all_moves.h
-- Symlinking: /home/mtouri/spot_ws/install/spot_msgs/include/spot_msgs/spot_msgs/srv/list_cameras.h
-- Symlinking: /home/mtouri/spot_ws/install/spot_msgs/include/spot_msgs/spot_msgs/srv/list_graph.h
-- Symlinking: /home/mtouri/spot_ws/install/spot_msgs/include/spot_msgs/spot_msgs/srv/list_logpoints.h
-- Symlinking: /home/mtouri/spot_ws/install/spot_msgs/include/spot_msgs/spot_msgs/srv/list_ptz.h
-- Symlinking: /home/mtouri/spot_ws/install/spot_msgs/include/spot_msgs/spot_msgs/srv/list_sounds.h
-- Symlinking: /home/mtouri/spot_ws/install/spot_msgs/include/spot_msgs/spot_msgs/srv/list_world_objects.h
-- Symlinking: /home/mtouri/spot_ws/install/spot_msgs/include/spot_msgs/spot_msgs/srv/load_sound.h
-- Symlinking: /home/mtouri/spot_ws/install/spot_msgs/include/spot_msgs/spot_msgs/srv/mutate_world_object.h
-- Symlinking: /home/mtouri/spot_ws/install/spot_msgs/include/spot_msgs/spot_msgs/srv/override_grasp_or_carry.h
-- Symlinking: /home/mtouri/spot_ws/install/spot_msgs/include/spot_msgs/spot_msgs/srv/play_sound.h
-- Symlinking: /home/mtouri/spot_ws/install/spot_msgs/include/spot_msgs/spot_msgs/srv/retrieve_logpoint.h
-- Symlinking: /home/mtouri/spot_ws/install/spot_msgs/include/spot_msgs/spot_msgs/srv/return_lease.h
-- Symlinking: /home/mtouri/spot_ws/install/spot_msgs/include/spot_msgs/spot_msgs/srv/robot_command.h
-- Symlinking: /home/mtouri/spot_ws/install/spot_msgs/include/spot_msgs/spot_msgs/srv/set_gripper_angle.h
-- Symlinking: /home/mtouri/spot_ws/install/spot_msgs/include/spot_msgs/spot_msgs/srv/set_gripper_camera_parameters.h
-- Symlinking: /home/mtouri/spot_ws/install/spot_msgs/include/spot_msgs/spot_msgs/srv/set_led_brightness.h
-- Symlinking: /home/mtouri/spot_ws/install/spot_msgs/include/spot_msgs/spot_msgs/srv/set_locomotion.h
-- Symlinking: /home/mtouri/spot_ws/install/spot_msgs/include/spot_msgs/spot_msgs/srv/set_ptz_position.h
-- Symlinking: /home/mtouri/spot_ws/install/spot_msgs/include/spot_msgs/spot_msgs/srv/set_stairs_mode.h
-- Symlinking: /home/mtouri/spot_ws/install/spot_msgs/include/spot_msgs/spot_msgs/srv/set_stand_height.h
-- Symlinking: /home/mtouri/spot_ws/install/spot_msgs/include/spot_msgs/spot_msgs/srv/set_velocity.h
-- Symlinking: /home/mtouri/spot_ws/install/spot_msgs/include/spot_msgs/spot_msgs/srv/set_volume.h
-- Symlinking: /home/mtouri/spot_ws/install/spot_msgs/include/spot_msgs/spot_msgs/srv/store_logpoint.h
-- Symlinking: /home/mtouri/spot_ws/install/spot_msgs/include/spot_msgs/spot_msgs/srv/tag_logpoint.h
-- Symlinking: /home/mtouri/spot_ws/install/spot_msgs/include/spot_msgs/spot_msgs/srv/upload_animation.h
-- Symlinking: /home/mtouri/spot_ws/install/spot_msgs/include/spot_msgs/spot_msgs/srv/upload_sequence.h
-- Symlinking: /home/mtouri/spot_ws/install/spot_msgs/share/spot_msgs/environment/library_path.sh
-- Symlinking: /home/mtouri/spot_ws/install/spot_msgs/share/spot_msgs/environment/library_path.dsv
-- Symlinking: /home/mtouri/spot_ws/install/spot_msgs/include/spot_msgs/spot_msgs/action/detail/arm_surface_contact__rosidl_typesupport_fastrtps_c.h
-- Symlinking: /home/mtouri/spot_ws/install/spot_msgs/include/spot_msgs/spot_msgs/action/detail/execute_dance__rosidl_typesupport_fastrtps_c.h
-- Symlinking: /home/mtouri/spot_ws/install/spot_msgs/include/spot_msgs/spot_msgs/action/detail/manipulation__rosidl_typesupport_fastrtps_c.h
-- Symlinking: /home/mtouri/spot_ws/install/spot_msgs/include/spot_msgs/spot_msgs/action/detail/navigate_to__rosidl_typesupport_fastrtps_c.h
-- Symlinking: /home/mtouri/spot_ws/install/spot_msgs/include/spot_msgs/spot_msgs/action/detail/robot_command__rosidl_typesupport_fastrtps_c.h
-- Symlinking: /home/mtouri/spot_ws/install/spot_msgs/include/spot_msgs/spot_msgs/action/detail/trajectory__rosidl_typesupport_fastrtps_c.h
-- Symlinking: /home/mtouri/spot_ws/install/spot_msgs/include/spot_msgs/spot_msgs/msg/detail/battery_state__rosidl_typesupport_fastrtps_c.h
-- Symlinking: /home/mtouri/spot_ws/install/spot_msgs/include/spot_msgs/spot_msgs/msg/detail/battery_state_array__rosidl_typesupport_fastrtps_c.h
-- Symlinking: /home/mtouri/spot_ws/install/spot_msgs/include/spot_msgs/spot_msgs/msg/detail/behavior_fault__rosidl_typesupport_fastrtps_c.h
-- Symlinking: /home/mtouri/spot_ws/install/spot_msgs/include/spot_msgs/spot_msgs/msg/detail/behavior_fault_state__rosidl_typesupport_fastrtps_c.h
-- Symlinking: /home/mtouri/spot_ws/install/spot_msgs/include/spot_msgs/spot_msgs/msg/detail/e_stop_state__rosidl_typesupport_fastrtps_c.h
-- Symlinking: /home/mtouri/spot_ws/install/spot_msgs/include/spot_msgs/spot_msgs/msg/detail/e_stop_state_array__rosidl_typesupport_fastrtps_c.h
-- Symlinking: /home/mtouri/spot_ws/install/spot_msgs/include/spot_msgs/spot_msgs/msg/detail/feedback__rosidl_typesupport_fastrtps_c.h
-- Symlinking: /home/mtouri/spot_ws/install/spot_msgs/include/spot_msgs/spot_msgs/msg/detail/foot_state__rosidl_typesupport_fastrtps_c.h
-- Symlinking: /home/mtouri/spot_ws/install/spot_msgs/include/spot_msgs/spot_msgs/msg/detail/foot_state_array__rosidl_typesupport_fastrtps_c.h
-- Symlinking: /home/mtouri/spot_ws/install/spot_msgs/include/spot_msgs/spot_msgs/msg/detail/joint_command__rosidl_typesupport_fastrtps_c.h
-- Symlinking: /home/mtouri/spot_ws/install/spot_msgs/include/spot_msgs/spot_msgs/msg/detail/lease__rosidl_typesupport_fastrtps_c.h
-- Symlinking: /home/mtouri/spot_ws/install/spot_msgs/include/spot_msgs/spot_msgs/msg/detail/lease_array__rosidl_typesupport_fastrtps_c.h
-- Symlinking: /home/mtouri/spot_ws/install/spot_msgs/include/spot_msgs/spot_msgs/msg/detail/lease_owner__rosidl_typesupport_fastrtps_c.h
-- Symlinking: /home/mtouri/spot_ws/install/spot_msgs/include/spot_msgs/spot_msgs/msg/detail/lease_resource__rosidl_typesupport_fastrtps_c.h
-- Symlinking: /home/mtouri/spot_ws/install/spot_msgs/include/spot_msgs/spot_msgs/msg/detail/metrics__rosidl_typesupport_fastrtps_c.h
-- Symlinking: /home/mtouri/spot_ws/install/spot_msgs/include/spot_msgs/spot_msgs/msg/detail/mobility_params__rosidl_typesupport_fastrtps_c.h
-- Symlinking: /home/mtouri/spot_ws/install/spot_msgs/include/spot_msgs/spot_msgs/msg/detail/power_state__rosidl_typesupport_fastrtps_c.h
-- Symlinking: /home/mtouri/spot_ws/install/spot_msgs/include/spot_msgs/spot_msgs/msg/detail/system_fault__rosidl_typesupport_fastrtps_c.h
-- Symlinking: /home/mtouri/spot_ws/install/spot_msgs/include/spot_msgs/spot_msgs/msg/detail/system_fault_state__rosidl_typesupport_fastrtps_c.h
-- Symlinking: /home/mtouri/spot_ws/install/spot_msgs/include/spot_msgs/spot_msgs/msg/detail/wi_fi_state__rosidl_typesupport_fastrtps_c.h
-- Symlinking: /home/mtouri/spot_ws/install/spot_msgs/include/spot_msgs/spot_msgs/msg/rosidl_typesupport_fastrtps_c__visibility_control.h
-- Symlinking: /home/mtouri/spot_ws/install/spot_msgs/include/spot_msgs/spot_msgs/srv/detail/acquire_lease__rosidl_typesupport_fastrtps_c.h
-- Symlinking: /home/mtouri/spot_ws/install/spot_msgs/include/spot_msgs/spot_msgs/srv/detail/choreography_recorded_state_to_animation__rosidl_typesupport_fastrtps_c.h
-- Symlinking: /home/mtouri/spot_ws/install/spot_msgs/include/spot_msgs/spot_msgs/srv/detail/choreography_start_recording_state__rosidl_typesupport_fastrtps_c.h
-- Symlinking: /home/mtouri/spot_ws/install/spot_msgs/include/spot_msgs/spot_msgs/srv/detail/choreography_stop_recording_state__rosidl_typesupport_fastrtps_c.h
-- Symlinking: /home/mtouri/spot_ws/install/spot_msgs/include/spot_msgs/spot_msgs/srv/detail/clear_behavior_fault__rosidl_typesupport_fastrtps_c.h
-- Symlinking: /home/mtouri/spot_ws/install/spot_msgs/include/spot_msgs/spot_msgs/srv/detail/delete_logpoint__rosidl_typesupport_fastrtps_c.h
-- Symlinking: /home/mtouri/spot_ws/install/spot_msgs/include/spot_msgs/spot_msgs/srv/detail/delete_sound__rosidl_typesupport_fastrtps_c.h
-- Symlinking: /home/mtouri/spot_ws/install/spot_msgs/include/spot_msgs/spot_msgs/srv/detail/dock__rosidl_typesupport_fastrtps_c.h
-- Symlinking: /home/mtouri/spot_ws/install/spot_msgs/include/spot_msgs/spot_msgs/srv/detail/get_choreography_status__rosidl_typesupport_fastrtps_c.h
-- Symlinking: /home/mtouri/spot_ws/install/spot_msgs/include/spot_msgs/spot_msgs/srv/detail/get_gripper_camera_parameters__rosidl_typesupport_fastrtps_c.h
-- Symlinking: /home/mtouri/spot_ws/install/spot_msgs/include/spot_msgs/spot_msgs/srv/detail/get_inverse_kinematic_solutions__rosidl_typesupport_fastrtps_c.h
-- Symlinking: /home/mtouri/spot_ws/install/spot_msgs/include/spot_msgs/spot_msgs/srv/detail/get_led_brightness__rosidl_typesupport_fastrtps_c.h
-- Symlinking: /home/mtouri/spot_ws/install/spot_msgs/include/spot_msgs/spot_msgs/srv/detail/get_logpoint_status__rosidl_typesupport_fastrtps_c.h
-- Symlinking: /home/mtouri/spot_ws/install/spot_msgs/include/spot_msgs/spot_msgs/srv/detail/get_ptz_position__rosidl_typesupport_fastrtps_c.h
-- Symlinking: /home/mtouri/spot_ws/install/spot_msgs/include/spot_msgs/spot_msgs/srv/detail/get_volume__rosidl_typesupport_fastrtps_c.h
-- Symlinking: /home/mtouri/spot_ws/install/spot_msgs/include/spot_msgs/spot_msgs/srv/detail/graph_nav_clear_graph__rosidl_typesupport_fastrtps_c.h
-- Symlinking: /home/mtouri/spot_ws/install/spot_msgs/include/spot_msgs/spot_msgs/srv/detail/graph_nav_get_localization_pose__rosidl_typesupport_fastrtps_c.h
-- Symlinking: /home/mtouri/spot_ws/install/spot_msgs/include/spot_msgs/spot_msgs/srv/detail/graph_nav_set_localization__rosidl_typesupport_fastrtps_c.h
-- Symlinking: /home/mtouri/spot_ws/install/spot_msgs/include/spot_msgs/spot_msgs/srv/detail/graph_nav_upload_graph__rosidl_typesupport_fastrtps_c.h
-- Symlinking: /home/mtouri/spot_ws/install/spot_msgs/include/spot_msgs/spot_msgs/srv/detail/initialize_lens__rosidl_typesupport_fastrtps_c.h
-- Symlinking: /home/mtouri/spot_ws/install/spot_msgs/include/spot_msgs/spot_msgs/srv/detail/list_all_dances__rosidl_typesupport_fastrtps_c.h
-- Symlinking: /home/mtouri/spot_ws/install/spot_msgs/include/spot_msgs/spot_msgs/srv/detail/list_all_moves__rosidl_typesupport_fastrtps_c.h
-- Symlinking: /home/mtouri/spot_ws/install/spot_msgs/include/spot_msgs/spot_msgs/srv/detail/list_cameras__rosidl_typesupport_fastrtps_c.h
-- Symlinking: /home/mtouri/spot_ws/install/spot_msgs/include/spot_msgs/spot_msgs/srv/detail/list_graph__rosidl_typesupport_fastrtps_c.h
-- Symlinking: /home/mtouri/spot_ws/install/spot_msgs/include/spot_msgs/spot_msgs/srv/detail/list_logpoints__rosidl_typesupport_fastrtps_c.h
-- Symlinking: /home/mtouri/spot_ws/install/spot_msgs/include/spot_msgs/spot_msgs/srv/detail/list_ptz__rosidl_typesupport_fastrtps_c.h
-- Symlinking: /home/mtouri/spot_ws/install/spot_msgs/include/spot_msgs/spot_msgs/srv/detail/list_sounds__rosidl_typesupport_fastrtps_c.h
-- Symlinking: /home/mtouri/spot_ws/install/spot_msgs/include/spot_msgs/spot_msgs/srv/detail/list_world_objects__rosidl_typesupport_fastrtps_c.h
-- Symlinking: /home/mtouri/spot_ws/install/spot_msgs/include/spot_msgs/spot_msgs/srv/detail/load_sound__rosidl_typesupport_fastrtps_c.h
-- Symlinking: /home/mtouri/spot_ws/install/spot_msgs/include/spot_msgs/spot_msgs/srv/detail/mutate_world_object__rosidl_typesupport_fastrtps_c.h
-- Symlinking: /home/mtouri/spot_ws/install/spot_msgs/include/spot_msgs/spot_msgs/srv/detail/override_grasp_or_carry__rosidl_typesupport_fastrtps_c.h
-- Symlinking: /home/mtouri/spot_ws/install/spot_msgs/include/spot_msgs/spot_msgs/srv/detail/play_sound__rosidl_typesupport_fastrtps_c.h
-- Symlinking: /home/mtouri/spot_ws/install/spot_msgs/include/spot_msgs/spot_msgs/srv/detail/retrieve_logpoint__rosidl_typesupport_fastrtps_c.h
-- Symlinking: /home/mtouri/spot_ws/install/spot_msgs/include/spot_msgs/spot_msgs/srv/detail/return_lease__rosidl_typesupport_fastrtps_c.h
-- Symlinking: /home/mtouri/spot_ws/install/spot_msgs/include/spot_msgs/spot_msgs/srv/detail/robot_command__rosidl_typesupport_fastrtps_c.h
-- Symlinking: /home/mtouri/spot_ws/install/spot_msgs/include/spot_msgs/spot_msgs/srv/detail/set_gripper_angle__rosidl_typesupport_fastrtps_c.h
-- Symlinking: /home/mtouri/spot_ws/install/spot_msgs/include/spot_msgs/spot_msgs/srv/detail/set_gripper_camera_parameters__rosidl_typesupport_fastrtps_c.h
-- Symlinking: /home/mtouri/spot_ws/install/spot_msgs/include/spot_msgs/spot_msgs/srv/detail/set_led_brightness__rosidl_typesupport_fastrtps_c.h
-- Symlinking: /home/mtouri/spot_ws/install/spot_msgs/include/spot_msgs/spot_msgs/srv/detail/set_locomotion__rosidl_typesupport_fastrtps_c.h
-- Symlinking: /home/mtouri/spot_ws/install/spot_msgs/include/spot_msgs/spot_msgs/srv/detail/set_ptz_position__rosidl_typesupport_fastrtps_c.h
-- Symlinking: /home/mtouri/spot_ws/install/spot_msgs/include/spot_msgs/spot_msgs/srv/detail/set_stairs_mode__rosidl_typesupport_fastrtps_c.h
-- Symlinking: /home/mtouri/spot_ws/install/spot_msgs/include/spot_msgs/spot_msgs/srv/detail/set_stand_height__rosidl_typesupport_fastrtps_c.h
-- Symlinking: /home/mtouri/spot_ws/install/spot_msgs/include/spot_msgs/spot_msgs/srv/detail/set_velocity__rosidl_typesupport_fastrtps_c.h
-- Symlinking: /home/mtouri/spot_ws/install/spot_msgs/include/spot_msgs/spot_msgs/srv/detail/set_volume__rosidl_typesupport_fastrtps_c.h
-- Symlinking: /home/mtouri/spot_ws/install/spot_msgs/include/spot_msgs/spot_msgs/srv/detail/store_logpoint__rosidl_typesupport_fastrtps_c.h
-- Symlinking: /home/mtouri/spot_ws/install/spot_msgs/include/spot_msgs/spot_msgs/srv/detail/tag_logpoint__rosidl_typesupport_fastrtps_c.h
-- Symlinking: /home/mtouri/spot_ws/install/spot_msgs/include/spot_msgs/spot_msgs/srv/detail/upload_animation__rosidl_typesupport_fastrtps_c.h
-- Symlinking: /home/mtouri/spot_ws/install/spot_msgs/include/spot_msgs/spot_msgs/srv/detail/upload_sequence__rosidl_typesupport_fastrtps_c.h
-- Symlinking: /home/mtouri/spot_ws/install/spot_msgs/include/spot_msgs/spot_msgs/action/arm_surface_contact.hpp
-- Symlinking: /home/mtouri/spot_ws/install/spot_msgs/include/spot_msgs/spot_msgs/action/detail/arm_surface_contact__builder.hpp
-- Symlinking: /home/mtouri/spot_ws/install/spot_msgs/include/spot_msgs/spot_msgs/action/detail/arm_surface_contact__struct.hpp
-- Symlinking: /home/mtouri/spot_ws/install/spot_msgs/include/spot_msgs/spot_msgs/action/detail/arm_surface_contact__traits.hpp
-- Symlinking: /home/mtouri/spot_ws/install/spot_msgs/include/spot_msgs/spot_msgs/action/detail/arm_surface_contact__type_support.hpp
-- Symlinking: /home/mtouri/spot_ws/install/spot_msgs/include/spot_msgs/spot_msgs/action/detail/execute_dance__builder.hpp
-- Symlinking: /home/mtouri/spot_ws/install/spot_msgs/include/spot_msgs/spot_msgs/action/detail/execute_dance__struct.hpp
-- Symlinking: /home/mtouri/spot_ws/install/spot_msgs/include/spot_msgs/spot_msgs/action/detail/execute_dance__traits.hpp
-- Symlinking: /home/mtouri/spot_ws/install/spot_msgs/include/spot_msgs/spot_msgs/action/detail/execute_dance__type_support.hpp
-- Symlinking: /home/mtouri/spot_ws/install/spot_msgs/include/spot_msgs/spot_msgs/action/detail/manipulation__builder.hpp
-- Symlinking: /home/mtouri/spot_ws/install/spot_msgs/include/spot_msgs/spot_msgs/action/detail/manipulation__struct.hpp
-- Symlinking: /home/mtouri/spot_ws/install/spot_msgs/include/spot_msgs/spot_msgs/action/detail/manipulation__traits.hpp
-- Symlinking: /home/mtouri/spot_ws/install/spot_msgs/include/spot_msgs/spot_msgs/action/detail/manipulation__type_support.hpp
-- Symlinking: /home/mtouri/spot_ws/install/spot_msgs/include/spot_msgs/spot_msgs/action/detail/navigate_to__builder.hpp
-- Symlinking: /home/mtouri/spot_ws/install/spot_msgs/include/spot_msgs/spot_msgs/action/detail/navigate_to__struct.hpp
-- Symlinking: /home/mtouri/spot_ws/install/spot_msgs/include/spot_msgs/spot_msgs/action/detail/navigate_to__traits.hpp
-- Symlinking: /home/mtouri/spot_ws/install/spot_msgs/include/spot_msgs/spot_msgs/action/detail/navigate_to__type_support.hpp
-- Symlinking: /home/mtouri/spot_ws/install/spot_msgs/include/spot_msgs/spot_msgs/action/detail/robot_command__builder.hpp
-- Symlinking: /home/mtouri/spot_ws/install/spot_msgs/include/spot_msgs/spot_msgs/action/detail/robot_command__struct.hpp
-- Symlinking: /home/mtouri/spot_ws/install/spot_msgs/include/spot_msgs/spot_msgs/action/detail/robot_command__traits.hpp
-- Symlinking: /home/mtouri/spot_ws/install/spot_msgs/include/spot_msgs/spot_msgs/action/detail/robot_command__type_support.hpp
-- Symlinking: /home/mtouri/spot_ws/install/spot_msgs/include/spot_msgs/spot_msgs/action/detail/trajectory__builder.hpp
-- Symlinking: /home/mtouri/spot_ws/install/spot_msgs/include/spot_msgs/spot_msgs/action/detail/trajectory__struct.hpp
-- Symlinking: /home/mtouri/spot_ws/install/spot_msgs/include/spot_msgs/spot_msgs/action/detail/trajectory__traits.hpp
-- Symlinking: /home/mtouri/spot_ws/install/spot_msgs/include/spot_msgs/spot_msgs/action/detail/trajectory__type_support.hpp
-- Symlinking: /home/mtouri/spot_ws/install/spot_msgs/include/spot_msgs/spot_msgs/action/execute_dance.hpp
-- Symlinking: /home/mtouri/spot_ws/install/spot_msgs/include/spot_msgs/spot_msgs/action/manipulation.hpp
-- Symlinking: /home/mtouri/spot_ws/install/spot_msgs/include/spot_msgs/spot_msgs/action/navigate_to.hpp
-- Symlinking: /home/mtouri/spot_ws/install/spot_msgs/include/spot_msgs/spot_msgs/action/robot_command.hpp
-- Symlinking: /home/mtouri/spot_ws/install/spot_msgs/include/spot_msgs/spot_msgs/action/trajectory.hpp
-- Symlinking: /home/mtouri/spot_ws/install/spot_msgs/include/spot_msgs/spot_msgs/msg/battery_state.hpp
-- Symlinking: /home/mtouri/spot_ws/install/spot_msgs/include/spot_msgs/spot_msgs/msg/battery_state_array.hpp
-- Symlinking: /home/mtouri/spot_ws/install/spot_msgs/include/spot_msgs/spot_msgs/msg/behavior_fault.hpp
-- Symlinking: /home/mtouri/spot_ws/install/spot_msgs/include/spot_msgs/spot_msgs/msg/behavior_fault_state.hpp
-- Symlinking: /home/mtouri/spot_ws/install/spot_msgs/include/spot_msgs/spot_msgs/msg/detail/battery_state__builder.hpp
-- Symlinking: /home/mtouri/spot_ws/install/spot_msgs/include/spot_msgs/spot_msgs/msg/detail/battery_state__struct.hpp
-- Symlinking: /home/mtouri/spot_ws/install/spot_msgs/include/spot_msgs/spot_msgs/msg/detail/battery_state__traits.hpp
-- Symlinking: /home/mtouri/spot_ws/install/spot_msgs/include/spot_msgs/spot_msgs/msg/detail/battery_state__type_support.hpp
-- Symlinking: /home/mtouri/spot_ws/install/spot_msgs/include/spot_msgs/spot_msgs/msg/detail/battery_state_array__builder.hpp
-- Symlinking: /home/mtouri/spot_ws/install/spot_msgs/include/spot_msgs/spot_msgs/msg/detail/battery_state_array__struct.hpp
-- Symlinking: /home/mtouri/spot_ws/install/spot_msgs/include/spot_msgs/spot_msgs/msg/detail/battery_state_array__traits.hpp
-- Symlinking: /home/mtouri/spot_ws/install/spot_msgs/include/spot_msgs/spot_msgs/msg/detail/battery_state_array__type_support.hpp
-- Symlinking: /home/mtouri/spot_ws/install/spot_msgs/include/spot_msgs/spot_msgs/msg/detail/behavior_fault__builder.hpp
-- Symlinking: /home/mtouri/spot_ws/install/spot_msgs/include/spot_msgs/spot_msgs/msg/detail/behavior_fault__struct.hpp
-- Symlinking: /home/mtouri/spot_ws/install/spot_msgs/include/spot_msgs/spot_msgs/msg/detail/behavior_fault__traits.hpp
-- Symlinking: /home/mtouri/spot_ws/install/spot_msgs/include/spot_msgs/spot_msgs/msg/detail/behavior_fault__type_support.hpp
-- Symlinking: /home/mtouri/spot_ws/install/spot_msgs/include/spot_msgs/spot_msgs/msg/detail/behavior_fault_state__builder.hpp
-- Symlinking: /home/mtouri/spot_ws/install/spot_msgs/include/spot_msgs/spot_msgs/msg/detail/behavior_fault_state__struct.hpp
-- Symlinking: /home/mtouri/spot_ws/install/spot_msgs/include/spot_msgs/spot_msgs/msg/detail/behavior_fault_state__traits.hpp
-- Symlinking: /home/mtouri/spot_ws/install/spot_msgs/include/spot_msgs/spot_msgs/msg/detail/behavior_fault_state__type_support.hpp
-- Symlinking: /home/mtouri/spot_ws/install/spot_msgs/include/spot_msgs/spot_msgs/msg/detail/e_stop_state__builder.hpp
-- Symlinking: /home/mtouri/spot_ws/install/spot_msgs/include/spot_msgs/spot_msgs/msg/detail/e_stop_state__struct.hpp
-- Symlinking: /home/mtouri/spot_ws/install/spot_msgs/include/spot_msgs/spot_msgs/msg/detail/e_stop_state__traits.hpp
-- Symlinking: /home/mtouri/spot_ws/install/spot_msgs/include/spot_msgs/spot_msgs/msg/detail/e_stop_state__type_support.hpp
-- Symlinking: /home/mtouri/spot_ws/install/spot_msgs/include/spot_msgs/spot_msgs/msg/detail/e_stop_state_array__builder.hpp
-- Symlinking: /home/mtouri/spot_ws/install/spot_msgs/include/spot_msgs/spot_msgs/msg/detail/e_stop_state_array__struct.hpp
-- Symlinking: /home/mtouri/spot_ws/install/spot_msgs/include/spot_msgs/spot_msgs/msg/detail/e_stop_state_array__traits.hpp
-- Symlinking: /home/mtouri/spot_ws/install/spot_msgs/include/spot_msgs/spot_msgs/msg/detail/e_stop_state_array__type_support.hpp
-- Symlinking: /home/mtouri/spot_ws/install/spot_msgs/include/spot_msgs/spot_msgs/msg/detail/feedback__builder.hpp
-- Symlinking: /home/mtouri/spot_ws/install/spot_msgs/include/spot_msgs/spot_msgs/msg/detail/feedback__struct.hpp
-- Symlinking: /home/mtouri/spot_ws/install/spot_msgs/include/spot_msgs/spot_msgs/msg/detail/feedback__traits.hpp
-- Symlinking: /home/mtouri/spot_ws/install/spot_msgs/include/spot_msgs/spot_msgs/msg/detail/feedback__type_support.hpp
-- Symlinking: /home/mtouri/spot_ws/install/spot_msgs/include/spot_msgs/spot_msgs/msg/detail/foot_state__builder.hpp
-- Symlinking: /home/mtouri/spot_ws/install/spot_msgs/include/spot_msgs/spot_msgs/msg/detail/foot_state__struct.hpp
-- Symlinking: /home/mtouri/spot_ws/install/spot_msgs/include/spot_msgs/spot_msgs/msg/detail/foot_state__traits.hpp
-- Symlinking: /home/mtouri/spot_ws/install/spot_msgs/include/spot_msgs/spot_msgs/msg/detail/foot_state__type_support.hpp
-- Symlinking: /home/mtouri/spot_ws/install/spot_msgs/include/spot_msgs/spot_msgs/msg/detail/foot_state_array__builder.hpp
-- Symlinking: /home/mtouri/spot_ws/install/spot_msgs/include/spot_msgs/spot_msgs/msg/detail/foot_state_array__struct.hpp
-- Symlinking: /home/mtouri/spot_ws/install/spot_msgs/include/spot_msgs/spot_msgs/msg/detail/foot_state_array__traits.hpp
-- Symlinking: /home/mtouri/spot_ws/install/spot_msgs/include/spot_msgs/spot_msgs/msg/detail/foot_state_array__type_support.hpp
-- Symlinking: /home/mtouri/spot_ws/install/spot_msgs/include/spot_msgs/spot_msgs/msg/detail/joint_command__builder.hpp
-- Symlinking: /home/mtouri/spot_ws/install/spot_msgs/include/spot_msgs/spot_msgs/msg/detail/joint_command__struct.hpp
-- Symlinking: /home/mtouri/spot_ws/install/spot_msgs/include/spot_msgs/spot_msgs/msg/detail/joint_command__traits.hpp
-- Symlinking: /home/mtouri/spot_ws/install/spot_msgs/include/spot_msgs/spot_msgs/msg/detail/joint_command__type_support.hpp
-- Symlinking: /home/mtouri/spot_ws/install/spot_msgs/include/spot_msgs/spot_msgs/msg/detail/lease__builder.hpp
-- Symlinking: /home/mtouri/spot_ws/install/spot_msgs/include/spot_msgs/spot_msgs/msg/detail/lease__struct.hpp
-- Symlinking: /home/mtouri/spot_ws/install/spot_msgs/include/spot_msgs/spot_msgs/msg/detail/lease__traits.hpp
-- Symlinking: /home/mtouri/spot_ws/install/spot_msgs/include/spot_msgs/spot_msgs/msg/detail/lease__type_support.hpp
-- Symlinking: /home/mtouri/spot_ws/install/spot_msgs/include/spot_msgs/spot_msgs/msg/detail/lease_array__builder.hpp
-- Symlinking: /home/mtouri/spot_ws/install/spot_msgs/include/spot_msgs/spot_msgs/msg/detail/lease_array__struct.hpp
-- Symlinking: /home/mtouri/spot_ws/install/spot_msgs/include/spot_msgs/spot_msgs/msg/detail/lease_array__traits.hpp
-- Symlinking: /home/mtouri/spot_ws/install/spot_msgs/include/spot_msgs/spot_msgs/msg/detail/lease_array__type_support.hpp
-- Symlinking: /home/mtouri/spot_ws/install/spot_msgs/include/spot_msgs/spot_msgs/msg/detail/lease_owner__builder.hpp
-- Symlinking: /home/mtouri/spot_ws/install/spot_msgs/include/spot_msgs/spot_msgs/msg/detail/lease_owner__struct.hpp
-- Symlinking: /home/mtouri/spot_ws/install/spot_msgs/include/spot_msgs/spot_msgs/msg/detail/lease_owner__traits.hpp
-- Symlinking: /home/mtouri/spot_ws/install/spot_msgs/include/spot_msgs/spot_msgs/msg/detail/lease_owner__type_support.hpp
-- Symlinking: /home/mtouri/spot_ws/install/spot_msgs/include/spot_msgs/spot_msgs/msg/detail/lease_resource__builder.hpp
-- Symlinking: /home/mtouri/spot_ws/install/spot_msgs/include/spot_msgs/spot_msgs/msg/detail/lease_resource__struct.hpp
-- Symlinking: /home/mtouri/spot_ws/install/spot_msgs/include/spot_msgs/spot_msgs/msg/detail/lease_resource__traits.hpp
-- Symlinking: /home/mtouri/spot_ws/install/spot_msgs/include/spot_msgs/spot_msgs/msg/detail/lease_resource__type_support.hpp
-- Symlinking: /home/mtouri/spot_ws/install/spot_msgs/include/spot_msgs/spot_msgs/msg/detail/metrics__builder.hpp
-- Symlinking: /home/mtouri/spot_ws/install/spot_msgs/include/spot_msgs/spot_msgs/msg/detail/metrics__struct.hpp
-- Symlinking: /home/mtouri/spot_ws/install/spot_msgs/include/spot_msgs/spot_msgs/msg/detail/metrics__traits.hpp
-- Symlinking: /home/mtouri/spot_ws/install/spot_msgs/include/spot_msgs/spot_msgs/msg/detail/metrics__type_support.hpp
-- Symlinking: /home/mtouri/spot_ws/install/spot_msgs/include/spot_msgs/spot_msgs/msg/detail/mobility_params__builder.hpp
-- Symlinking: /home/mtouri/spot_ws/install/spot_msgs/include/spot_msgs/spot_msgs/msg/detail/mobility_params__struct.hpp
-- Symlinking: /home/mtouri/spot_ws/install/spot_msgs/include/spot_msgs/spot_msgs/msg/detail/mobility_params__traits.hpp
-- Symlinking: /home/mtouri/spot_ws/install/spot_msgs/include/spot_msgs/spot_msgs/msg/detail/mobility_params__type_support.hpp
-- Symlinking: /home/mtouri/spot_ws/install/spot_msgs/include/spot_msgs/spot_msgs/msg/detail/power_state__builder.hpp
-- Symlinking: /home/mtouri/spot_ws/install/spot_msgs/include/spot_msgs/spot_msgs/msg/detail/power_state__struct.hpp
-- Symlinking: /home/mtouri/spot_ws/install/spot_msgs/include/spot_msgs/spot_msgs/msg/detail/power_state__traits.hpp
-- Symlinking: /home/mtouri/spot_ws/install/spot_msgs/include/spot_msgs/spot_msgs/msg/detail/power_state__type_support.hpp
-- Symlinking: /home/mtouri/spot_ws/install/spot_msgs/include/spot_msgs/spot_msgs/msg/detail/system_fault__builder.hpp
-- Symlinking: /home/mtouri/spot_ws/install/spot_msgs/include/spot_msgs/spot_msgs/msg/detail/system_fault__struct.hpp
-- Symlinking: /home/mtouri/spot_ws/install/spot_msgs/include/spot_msgs/spot_msgs/msg/detail/system_fault__traits.hpp
-- Symlinking: /home/mtouri/spot_ws/install/spot_msgs/include/spot_msgs/spot_msgs/msg/detail/system_fault__type_support.hpp
-- Symlinking: /home/mtouri/spot_ws/install/spot_msgs/include/spot_msgs/spot_msgs/msg/detail/system_fault_state__builder.hpp
-- Symlinking: /home/mtouri/spot_ws/install/spot_msgs/include/spot_msgs/spot_msgs/msg/detail/system_fault_state__struct.hpp
-- Symlinking: /home/mtouri/spot_ws/install/spot_msgs/include/spot_msgs/spot_msgs/msg/detail/system_fault_state__traits.hpp
-- Symlinking: /home/mtouri/spot_ws/install/spot_msgs/include/spot_msgs/spot_msgs/msg/detail/system_fault_state__type_support.hpp
-- Symlinking: /home/mtouri/spot_ws/install/spot_msgs/include/spot_msgs/spot_msgs/msg/detail/wi_fi_state__builder.hpp
-- Symlinking: /home/mtouri/spot_ws/install/spot_msgs/include/spot_msgs/spot_msgs/msg/detail/wi_fi_state__struct.hpp
-- Symlinking: /home/mtouri/spot_ws/install/spot_msgs/include/spot_msgs/spot_msgs/msg/detail/wi_fi_state__traits.hpp
-- Symlinking: /home/mtouri/spot_ws/install/spot_msgs/include/spot_msgs/spot_msgs/msg/detail/wi_fi_state__type_support.hpp
-- Symlinking: /home/mtouri/spot_ws/install/spot_msgs/include/spot_msgs/spot_msgs/msg/e_stop_state.hpp
-- Symlinking: /home/mtouri/spot_ws/install/spot_msgs/include/spot_msgs/spot_msgs/msg/e_stop_state_array.hpp
-- Symlinking: /home/mtouri/spot_ws/install/spot_msgs/include/spot_msgs/spot_msgs/msg/feedback.hpp
-- Symlinking: /home/mtouri/spot_ws/install/spot_msgs/include/spot_msgs/spot_msgs/msg/foot_state.hpp
-- Symlinking: /home/mtouri/spot_ws/install/spot_msgs/include/spot_msgs/spot_msgs/msg/foot_state_array.hpp
-- Symlinking: /home/mtouri/spot_ws/install/spot_msgs/include/spot_msgs/spot_msgs/msg/joint_command.hpp
-- Symlinking: /home/mtouri/spot_ws/install/spot_msgs/include/spot_msgs/spot_msgs/msg/lease.hpp
-- Symlinking: /home/mtouri/spot_ws/install/spot_msgs/include/spot_msgs/spot_msgs/msg/lease_array.hpp
-- Symlinking: /home/mtouri/spot_ws/install/spot_msgs/include/spot_msgs/spot_msgs/msg/lease_owner.hpp
-- Symlinking: /home/mtouri/spot_ws/install/spot_msgs/include/spot_msgs/spot_msgs/msg/lease_resource.hpp
-- Symlinking: /home/mtouri/spot_ws/install/spot_msgs/include/spot_msgs/spot_msgs/msg/metrics.hpp
-- Symlinking: /home/mtouri/spot_ws/install/spot_msgs/include/spot_msgs/spot_msgs/msg/mobility_params.hpp
-- Symlinking: /home/mtouri/spot_ws/install/spot_msgs/include/spot_msgs/spot_msgs/msg/power_state.hpp
-- Symlinking: /home/mtouri/spot_ws/install/spot_msgs/include/spot_msgs/spot_msgs/msg/rosidl_generator_cpp__visibility_control.hpp
-- Symlinking: /home/mtouri/spot_ws/install/spot_msgs/include/spot_msgs/spot_msgs/msg/system_fault.hpp
-- Symlinking: /home/mtouri/spot_ws/install/spot_msgs/include/spot_msgs/spot_msgs/msg/system_fault_state.hpp
-- Symlinking: /home/mtouri/spot_ws/install/spot_msgs/include/spot_msgs/spot_msgs/msg/wi_fi_state.hpp
-- Symlinking: /home/mtouri/spot_ws/install/spot_msgs/include/spot_msgs/spot_msgs/srv/acquire_lease.hpp
-- Symlinking: /home/mtouri/spot_ws/install/spot_msgs/include/spot_msgs/spot_msgs/srv/choreography_recorded_state_to_animation.hpp
-- Symlinking: /home/mtouri/spot_ws/install/spot_msgs/include/spot_msgs/spot_msgs/srv/choreography_start_recording_state.hpp
-- Symlinking: /home/mtouri/spot_ws/install/spot_msgs/include/spot_msgs/spot_msgs/srv/choreography_stop_recording_state.hpp
-- Symlinking: /home/mtouri/spot_ws/install/spot_msgs/include/spot_msgs/spot_msgs/srv/clear_behavior_fault.hpp
-- Symlinking: /home/mtouri/spot_ws/install/spot_msgs/include/spot_msgs/spot_msgs/srv/delete_logpoint.hpp
-- Symlinking: /home/mtouri/spot_ws/install/spot_msgs/include/spot_msgs/spot_msgs/srv/delete_sound.hpp
-- Symlinking: /home/mtouri/spot_ws/install/spot_msgs/include/spot_msgs/spot_msgs/srv/detail/acquire_lease__builder.hpp
-- Symlinking: /home/mtouri/spot_ws/install/spot_msgs/include/spot_msgs/spot_msgs/srv/detail/acquire_lease__struct.hpp
-- Symlinking: /home/mtouri/spot_ws/install/spot_msgs/include/spot_msgs/spot_msgs/srv/detail/acquire_lease__traits.hpp
-- Symlinking: /home/mtouri/spot_ws/install/spot_msgs/include/spot_msgs/spot_msgs/srv/detail/acquire_lease__type_support.hpp
-- Symlinking: /home/mtouri/spot_ws/install/spot_msgs/include/spot_msgs/spot_msgs/srv/detail/choreography_recorded_state_to_animation__builder.hpp
-- Symlinking: /home/mtouri/spot_ws/install/spot_msgs/include/spot_msgs/spot_msgs/srv/detail/choreography_recorded_state_to_animation__struct.hpp
-- Symlinking: /home/mtouri/spot_ws/install/spot_msgs/include/spot_msgs/spot_msgs/srv/detail/choreography_recorded_state_to_animation__traits.hpp
-- Symlinking: /home/mtouri/spot_ws/install/spot_msgs/include/spot_msgs/spot_msgs/srv/detail/choreography_recorded_state_to_animation__type_support.hpp
-- Symlinking: /home/mtouri/spot_ws/install/spot_msgs/include/spot_msgs/spot_msgs/srv/detail/choreography_start_recording_state__builder.hpp
-- Symlinking: /home/mtouri/spot_ws/install/spot_msgs/include/spot_msgs/spot_msgs/srv/detail/choreography_start_recording_state__struct.hpp
-- Symlinking: /home/mtouri/spot_ws/install/spot_msgs/include/spot_msgs/spot_msgs/srv/detail/choreography_start_recording_state__traits.hpp
-- Symlinking: /home/mtouri/spot_ws/install/spot_msgs/include/spot_msgs/spot_msgs/srv/detail/choreography_start_recording_state__type_support.hpp
-- Symlinking: /home/mtouri/spot_ws/install/spot_msgs/include/spot_msgs/spot_msgs/srv/detail/choreography_stop_recording_state__builder.hpp
-- Symlinking: /home/mtouri/spot_ws/install/spot_msgs/include/spot_msgs/spot_msgs/srv/detail/choreography_stop_recording_state__struct.hpp
-- Symlinking: /home/mtouri/spot_ws/install/spot_msgs/include/spot_msgs/spot_msgs/srv/detail/choreography_stop_recording_state__traits.hpp
-- Symlinking: /home/mtouri/spot_ws/install/spot_msgs/include/spot_msgs/spot_msgs/srv/detail/choreography_stop_recording_state__type_support.hpp
-- Symlinking: /home/mtouri/spot_ws/install/spot_msgs/include/spot_msgs/spot_msgs/srv/detail/clear_behavior_fault__builder.hpp
-- Symlinking: /home/mtouri/spot_ws/install/spot_msgs/include/spot_msgs/spot_msgs/srv/detail/clear_behavior_fault__struct.hpp
-- Symlinking: /home/mtouri/spot_ws/install/spot_msgs/include/spot_msgs/spot_msgs/srv/detail/clear_behavior_fault__traits.hpp
-- Symlinking: /home/mtouri/spot_ws/install/spot_msgs/include/spot_msgs/spot_msgs/srv/detail/clear_behavior_fault__type_support.hpp
-- Symlinking: /home/mtouri/spot_ws/install/spot_msgs/include/spot_msgs/spot_msgs/srv/detail/delete_logpoint__builder.hpp
-- Symlinking: /home/mtouri/spot_ws/install/spot_msgs/include/spot_msgs/spot_msgs/srv/detail/delete_logpoint__struct.hpp
-- Symlinking: /home/mtouri/spot_ws/install/spot_msgs/include/spot_msgs/spot_msgs/srv/detail/delete_logpoint__traits.hpp
-- Symlinking: /home/mtouri/spot_ws/install/spot_msgs/include/spot_msgs/spot_msgs/srv/detail/delete_logpoint__type_support.hpp
-- Symlinking: /home/mtouri/spot_ws/install/spot_msgs/include/spot_msgs/spot_msgs/srv/detail/delete_sound__builder.hpp
-- Symlinking: /home/mtouri/spot_ws/install/spot_msgs/include/spot_msgs/spot_msgs/srv/detail/delete_sound__struct.hpp
-- Symlinking: /home/mtouri/spot_ws/install/spot_msgs/include/spot_msgs/spot_msgs/srv/detail/delete_sound__traits.hpp
-- Symlinking: /home/mtouri/spot_ws/install/spot_msgs/include/spot_msgs/spot_msgs/srv/detail/delete_sound__type_support.hpp
-- Symlinking: /home/mtouri/spot_ws/install/spot_msgs/include/spot_msgs/spot_msgs/srv/detail/dock__builder.hpp
-- Symlinking: /home/mtouri/spot_ws/install/spot_msgs/include/spot_msgs/spot_msgs/srv/detail/dock__struct.hpp
-- Symlinking: /home/mtouri/spot_ws/install/spot_msgs/include/spot_msgs/spot_msgs/srv/detail/dock__traits.hpp
-- Symlinking: /home/mtouri/spot_ws/install/spot_msgs/include/spot_msgs/spot_msgs/srv/detail/dock__type_support.hpp
-- Symlinking: /home/mtouri/spot_ws/install/spot_msgs/include/spot_msgs/spot_msgs/srv/detail/get_choreography_status__builder.hpp
-- Symlinking: /home/mtouri/spot_ws/install/spot_msgs/include/spot_msgs/spot_msgs/srv/detail/get_choreography_status__struct.hpp
-- Symlinking: /home/mtouri/spot_ws/install/spot_msgs/include/spot_msgs/spot_msgs/srv/detail/get_choreography_status__traits.hpp
-- Symlinking: /home/mtouri/spot_ws/install/spot_msgs/include/spot_msgs/spot_msgs/srv/detail/get_choreography_status__type_support.hpp
-- Symlinking: /home/mtouri/spot_ws/install/spot_msgs/include/spot_msgs/spot_msgs/srv/detail/get_gripper_camera_parameters__builder.hpp
-- Symlinking: /home/mtouri/spot_ws/install/spot_msgs/include/spot_msgs/spot_msgs/srv/detail/get_gripper_camera_parameters__struct.hpp
-- Symlinking: /home/mtouri/spot_ws/install/spot_msgs/include/spot_msgs/spot_msgs/srv/detail/get_gripper_camera_parameters__traits.hpp
-- Symlinking: /home/mtouri/spot_ws/install/spot_msgs/include/spot_msgs/spot_msgs/srv/detail/get_gripper_camera_parameters__type_support.hpp
-- Symlinking: /home/mtouri/spot_ws/install/spot_msgs/include/spot_msgs/spot_msgs/srv/detail/get_inverse_kinematic_solutions__builder.hpp
-- Symlinking: /home/mtouri/spot_ws/install/spot_msgs/include/spot_msgs/spot_msgs/srv/detail/get_inverse_kinematic_solutions__struct.hpp
-- Symlinking: /home/mtouri/spot_ws/install/spot_msgs/include/spot_msgs/spot_msgs/srv/detail/get_inverse_kinematic_solutions__traits.hpp
-- Symlinking: /home/mtouri/spot_ws/install/spot_msgs/include/spot_msgs/spot_msgs/srv/detail/get_inverse_kinematic_solutions__type_support.hpp
-- Symlinking: /home/mtouri/spot_ws/install/spot_msgs/include/spot_msgs/spot_msgs/srv/detail/get_led_brightness__builder.hpp
-- Symlinking: /home/mtouri/spot_ws/install/spot_msgs/include/spot_msgs/spot_msgs/srv/detail/get_led_brightness__struct.hpp
-- Symlinking: /home/mtouri/spot_ws/install/spot_msgs/include/spot_msgs/spot_msgs/srv/detail/get_led_brightness__traits.hpp
-- Symlinking: /home/mtouri/spot_ws/install/spot_msgs/include/spot_msgs/spot_msgs/srv/detail/get_led_brightness__type_support.hpp
-- Symlinking: /home/mtouri/spot_ws/install/spot_msgs/include/spot_msgs/spot_msgs/srv/detail/get_logpoint_status__builder.hpp
-- Symlinking: /home/mtouri/spot_ws/install/spot_msgs/include/spot_msgs/spot_msgs/srv/detail/get_logpoint_status__struct.hpp
-- Symlinking: /home/mtouri/spot_ws/install/spot_msgs/include/spot_msgs/spot_msgs/srv/detail/get_logpoint_status__traits.hpp
-- Symlinking: /home/mtouri/spot_ws/install/spot_msgs/include/spot_msgs/spot_msgs/srv/detail/get_logpoint_status__type_support.hpp
-- Symlinking: /home/mtouri/spot_ws/install/spot_msgs/include/spot_msgs/spot_msgs/srv/detail/get_ptz_position__builder.hpp
-- Symlinking: /home/mtouri/spot_ws/install/spot_msgs/include/spot_msgs/spot_msgs/srv/detail/get_ptz_position__struct.hpp
-- Symlinking: /home/mtouri/spot_ws/install/spot_msgs/include/spot_msgs/spot_msgs/srv/detail/get_ptz_position__traits.hpp
-- Symlinking: /home/mtouri/spot_ws/install/spot_msgs/include/spot_msgs/spot_msgs/srv/detail/get_ptz_position__type_support.hpp
-- Symlinking: /home/mtouri/spot_ws/install/spot_msgs/include/spot_msgs/spot_msgs/srv/detail/get_volume__builder.hpp
-- Symlinking: /home/mtouri/spot_ws/install/spot_msgs/include/spot_msgs/spot_msgs/srv/detail/get_volume__struct.hpp
-- Symlinking: /home/mtouri/spot_ws/install/spot_msgs/include/spot_msgs/spot_msgs/srv/detail/get_volume__traits.hpp
-- Symlinking: /home/mtouri/spot_ws/install/spot_msgs/include/spot_msgs/spot_msgs/srv/detail/get_volume__type_support.hpp
-- Symlinking: /home/mtouri/spot_ws/install/spot_msgs/include/spot_msgs/spot_msgs/srv/detail/graph_nav_clear_graph__builder.hpp
-- Symlinking: /home/mtouri/spot_ws/install/spot_msgs/include/spot_msgs/spot_msgs/srv/detail/graph_nav_clear_graph__struct.hpp
-- Symlinking: /home/mtouri/spot_ws/install/spot_msgs/include/spot_msgs/spot_msgs/srv/detail/graph_nav_clear_graph__traits.hpp
-- Symlinking: /home/mtouri/spot_ws/install/spot_msgs/include/spot_msgs/spot_msgs/srv/detail/graph_nav_clear_graph__type_support.hpp
-- Symlinking: /home/mtouri/spot_ws/install/spot_msgs/include/spot_msgs/spot_msgs/srv/detail/graph_nav_get_localization_pose__builder.hpp
-- Symlinking: /home/mtouri/spot_ws/install/spot_msgs/include/spot_msgs/spot_msgs/srv/detail/graph_nav_get_localization_pose__struct.hpp
-- Symlinking: /home/mtouri/spot_ws/install/spot_msgs/include/spot_msgs/spot_msgs/srv/detail/graph_nav_get_localization_pose__traits.hpp
-- Symlinking: /home/mtouri/spot_ws/install/spot_msgs/include/spot_msgs/spot_msgs/srv/detail/graph_nav_get_localization_pose__type_support.hpp
-- Symlinking: /home/mtouri/spot_ws/install/spot_msgs/include/spot_msgs/spot_msgs/srv/detail/graph_nav_set_localization__builder.hpp
-- Symlinking: /home/mtouri/spot_ws/install/spot_msgs/include/spot_msgs/spot_msgs/srv/detail/graph_nav_set_localization__struct.hpp
-- Symlinking: /home/mtouri/spot_ws/install/spot_msgs/include/spot_msgs/spot_msgs/srv/detail/graph_nav_set_localization__traits.hpp
-- Symlinking: /home/mtouri/spot_ws/install/spot_msgs/include/spot_msgs/spot_msgs/srv/detail/graph_nav_set_localization__type_support.hpp
-- Symlinking: /home/mtouri/spot_ws/install/spot_msgs/include/spot_msgs/spot_msgs/srv/detail/graph_nav_upload_graph__builder.hpp
-- Symlinking: /home/mtouri/spot_ws/install/spot_msgs/include/spot_msgs/spot_msgs/srv/detail/graph_nav_upload_graph__struct.hpp
-- Symlinking: /home/mtouri/spot_ws/install/spot_msgs/include/spot_msgs/spot_msgs/srv/detail/graph_nav_upload_graph__traits.hpp
-- Symlinking: /home/mtouri/spot_ws/install/spot_msgs/include/spot_msgs/spot_msgs/srv/detail/graph_nav_upload_graph__type_support.hpp
-- Symlinking: /home/mtouri/spot_ws/install/spot_msgs/include/spot_msgs/spot_msgs/srv/detail/initialize_lens__builder.hpp
-- Symlinking: /home/mtouri/spot_ws/install/spot_msgs/include/spot_msgs/spot_msgs/srv/detail/initialize_lens__struct.hpp
-- Symlinking: /home/mtouri/spot_ws/install/spot_msgs/include/spot_msgs/spot_msgs/srv/detail/initialize_lens__traits.hpp
-- Symlinking: /home/mtouri/spot_ws/install/spot_msgs/include/spot_msgs/spot_msgs/srv/detail/initialize_lens__type_support.hpp
-- Symlinking: /home/mtouri/spot_ws/install/spot_msgs/include/spot_msgs/spot_msgs/srv/detail/list_all_dances__builder.hpp
-- Symlinking: /home/mtouri/spot_ws/install/spot_msgs/include/spot_msgs/spot_msgs/srv/detail/list_all_dances__struct.hpp
-- Symlinking: /home/mtouri/spot_ws/install/spot_msgs/include/spot_msgs/spot_msgs/srv/detail/list_all_dances__traits.hpp
-- Symlinking: /home/mtouri/spot_ws/install/spot_msgs/include/spot_msgs/spot_msgs/srv/detail/list_all_dances__type_support.hpp
-- Symlinking: /home/mtouri/spot_ws/install/spot_msgs/include/spot_msgs/spot_msgs/srv/detail/list_all_moves__builder.hpp
-- Symlinking: /home/mtouri/spot_ws/install/spot_msgs/include/spot_msgs/spot_msgs/srv/detail/list_all_moves__struct.hpp
-- Symlinking: /home/mtouri/spot_ws/install/spot_msgs/include/spot_msgs/spot_msgs/srv/detail/list_all_moves__traits.hpp
-- Symlinking: /home/mtouri/spot_ws/install/spot_msgs/include/spot_msgs/spot_msgs/srv/detail/list_all_moves__type_support.hpp
-- Symlinking: /home/mtouri/spot_ws/install/spot_msgs/include/spot_msgs/spot_msgs/srv/detail/list_cameras__builder.hpp
-- Symlinking: /home/mtouri/spot_ws/install/spot_msgs/include/spot_msgs/spot_msgs/srv/detail/list_cameras__struct.hpp
-- Symlinking: /home/mtouri/spot_ws/install/spot_msgs/include/spot_msgs/spot_msgs/srv/detail/list_cameras__traits.hpp
-- Symlinking: /home/mtouri/spot_ws/install/spot_msgs/include/spot_msgs/spot_msgs/srv/detail/list_cameras__type_support.hpp
-- Symlinking: /home/mtouri/spot_ws/install/spot_msgs/include/spot_msgs/spot_msgs/srv/detail/list_graph__builder.hpp
-- Symlinking: /home/mtouri/spot_ws/install/spot_msgs/include/spot_msgs/spot_msgs/srv/detail/list_graph__struct.hpp
-- Symlinking: /home/mtouri/spot_ws/install/spot_msgs/include/spot_msgs/spot_msgs/srv/detail/list_graph__traits.hpp
-- Symlinking: /home/mtouri/spot_ws/install/spot_msgs/include/spot_msgs/spot_msgs/srv/detail/list_graph__type_support.hpp
-- Symlinking: /home/mtouri/spot_ws/install/spot_msgs/include/spot_msgs/spot_msgs/srv/detail/list_logpoints__builder.hpp
-- Symlinking: /home/mtouri/spot_ws/install/spot_msgs/include/spot_msgs/spot_msgs/srv/detail/list_logpoints__struct.hpp
-- Symlinking: /home/mtouri/spot_ws/install/spot_msgs/include/spot_msgs/spot_msgs/srv/detail/list_logpoints__traits.hpp
-- Symlinking: /home/mtouri/spot_ws/install/spot_msgs/include/spot_msgs/spot_msgs/srv/detail/list_logpoints__type_support.hpp
-- Symlinking: /home/mtouri/spot_ws/install/spot_msgs/include/spot_msgs/spot_msgs/srv/detail/list_ptz__builder.hpp
-- Symlinking: /home/mtouri/spot_ws/install/spot_msgs/include/spot_msgs/spot_msgs/srv/detail/list_ptz__struct.hpp
-- Symlinking: /home/mtouri/spot_ws/install/spot_msgs/include/spot_msgs/spot_msgs/srv/detail/list_ptz__traits.hpp
-- Symlinking: /home/mtouri/spot_ws/install/spot_msgs/include/spot_msgs/spot_msgs/srv/detail/list_ptz__type_support.hpp
-- Symlinking: /home/mtouri/spot_ws/install/spot_msgs/include/spot_msgs/spot_msgs/srv/detail/list_sounds__builder.hpp
-- Symlinking: /home/mtouri/spot_ws/install/spot_msgs/include/spot_msgs/spot_msgs/srv/detail/list_sounds__struct.hpp
-- Symlinking: /home/mtouri/spot_ws/install/spot_msgs/include/spot_msgs/spot_msgs/srv/detail/list_sounds__traits.hpp
-- Symlinking: /home/mtouri/spot_ws/install/spot_msgs/include/spot_msgs/spot_msgs/srv/detail/list_sounds__type_support.hpp
-- Symlinking: /home/mtouri/spot_ws/install/spot_msgs/include/spot_msgs/spot_msgs/srv/detail/list_world_objects__builder.hpp
-- Symlinking: /home/mtouri/spot_ws/install/spot_msgs/include/spot_msgs/spot_msgs/srv/detail/list_world_objects__struct.hpp
-- Symlinking: /home/mtouri/spot_ws/install/spot_msgs/include/spot_msgs/spot_msgs/srv/detail/list_world_objects__traits.hpp
-- Symlinking: /home/mtouri/spot_ws/install/spot_msgs/include/spot_msgs/spot_msgs/srv/detail/list_world_objects__type_support.hpp
-- Symlinking: /home/mtouri/spot_ws/install/spot_msgs/include/spot_msgs/spot_msgs/srv/detail/load_sound__builder.hpp
-- Symlinking: /home/mtouri/spot_ws/install/spot_msgs/include/spot_msgs/spot_msgs/srv/detail/load_sound__struct.hpp
-- Symlinking: /home/mtouri/spot_ws/install/spot_msgs/include/spot_msgs/spot_msgs/srv/detail/load_sound__traits.hpp
-- Symlinking: /home/mtouri/spot_ws/install/spot_msgs/include/spot_msgs/spot_msgs/srv/detail/load_sound__type_support.hpp
-- Symlinking: /home/mtouri/spot_ws/install/spot_msgs/include/spot_msgs/spot_msgs/srv/detail/mutate_world_object__builder.hpp
-- Symlinking: /home/mtouri/spot_ws/install/spot_msgs/include/spot_msgs/spot_msgs/srv/detail/mutate_world_object__struct.hpp
-- Symlinking: /home/mtouri/spot_ws/install/spot_msgs/include/spot_msgs/spot_msgs/srv/detail/mutate_world_object__traits.hpp
-- Symlinking: /home/mtouri/spot_ws/install/spot_msgs/include/spot_msgs/spot_msgs/srv/detail/mutate_world_object__type_support.hpp
-- Symlinking: /home/mtouri/spot_ws/install/spot_msgs/include/spot_msgs/spot_msgs/srv/detail/override_grasp_or_carry__builder.hpp
-- Symlinking: /home/mtouri/spot_ws/install/spot_msgs/include/spot_msgs/spot_msgs/srv/detail/override_grasp_or_carry__struct.hpp
-- Symlinking: /home/mtouri/spot_ws/install/spot_msgs/include/spot_msgs/spot_msgs/srv/detail/override_grasp_or_carry__traits.hpp
-- Symlinking: /home/mtouri/spot_ws/install/spot_msgs/include/spot_msgs/spot_msgs/srv/detail/override_grasp_or_carry__type_support.hpp
-- Symlinking: /home/mtouri/spot_ws/install/spot_msgs/include/spot_msgs/spot_msgs/srv/detail/play_sound__builder.hpp
-- Symlinking: /home/mtouri/spot_ws/install/spot_msgs/include/spot_msgs/spot_msgs/srv/detail/play_sound__struct.hpp
-- Symlinking: /home/mtouri/spot_ws/install/spot_msgs/include/spot_msgs/spot_msgs/srv/detail/play_sound__traits.hpp
-- Symlinking: /home/mtouri/spot_ws/install/spot_msgs/include/spot_msgs/spot_msgs/srv/detail/play_sound__type_support.hpp
-- Symlinking: /home/mtouri/spot_ws/install/spot_msgs/include/spot_msgs/spot_msgs/srv/detail/retrieve_logpoint__builder.hpp
-- Symlinking: /home/mtouri/spot_ws/install/spot_msgs/include/spot_msgs/spot_msgs/srv/detail/retrieve_logpoint__struct.hpp
-- Symlinking: /home/mtouri/spot_ws/install/spot_msgs/include/spot_msgs/spot_msgs/srv/detail/retrieve_logpoint__traits.hpp
-- Symlinking: /home/mtouri/spot_ws/install/spot_msgs/include/spot_msgs/spot_msgs/srv/detail/retrieve_logpoint__type_support.hpp
-- Symlinking: /home/mtouri/spot_ws/install/spot_msgs/include/spot_msgs/spot_msgs/srv/detail/return_lease__builder.hpp
-- Symlinking: /home/mtouri/spot_ws/install/spot_msgs/include/spot_msgs/spot_msgs/srv/detail/return_lease__struct.hpp
-- Symlinking: /home/mtouri/spot_ws/install/spot_msgs/include/spot_msgs/spot_msgs/srv/detail/return_lease__traits.hpp
-- Symlinking: /home/mtouri/spot_ws/install/spot_msgs/include/spot_msgs/spot_msgs/srv/detail/return_lease__type_support.hpp
-- Symlinking: /home/mtouri/spot_ws/install/spot_msgs/include/spot_msgs/spot_msgs/srv/detail/robot_command__builder.hpp
-- Symlinking: /home/mtouri/spot_ws/install/spot_msgs/include/spot_msgs/spot_msgs/srv/detail/robot_command__struct.hpp
-- Symlinking: /home/mtouri/spot_ws/install/spot_msgs/include/spot_msgs/spot_msgs/srv/detail/robot_command__traits.hpp
-- Symlinking: /home/mtouri/spot_ws/install/spot_msgs/include/spot_msgs/spot_msgs/srv/detail/robot_command__type_support.hpp
-- Symlinking: /home/mtouri/spot_ws/install/spot_msgs/include/spot_msgs/spot_msgs/srv/detail/set_gripper_angle__builder.hpp
-- Symlinking: /home/mtouri/spot_ws/install/spot_msgs/include/spot_msgs/spot_msgs/srv/detail/set_gripper_angle__struct.hpp
-- Symlinking: /home/mtouri/spot_ws/install/spot_msgs/include/spot_msgs/spot_msgs/srv/detail/set_gripper_angle__traits.hpp
-- Symlinking: /home/mtouri/spot_ws/install/spot_msgs/include/spot_msgs/spot_msgs/srv/detail/set_gripper_angle__type_support.hpp
-- Symlinking: /home/mtouri/spot_ws/install/spot_msgs/include/spot_msgs/spot_msgs/srv/detail/set_gripper_camera_parameters__builder.hpp
-- Symlinking: /home/mtouri/spot_ws/install/spot_msgs/include/spot_msgs/spot_msgs/srv/detail/set_gripper_camera_parameters__struct.hpp
-- Symlinking: /home/mtouri/spot_ws/install/spot_msgs/include/spot_msgs/spot_msgs/srv/detail/set_gripper_camera_parameters__traits.hpp
-- Symlinking: /home/mtouri/spot_ws/install/spot_msgs/include/spot_msgs/spot_msgs/srv/detail/set_gripper_camera_parameters__type_support.hpp
-- Symlinking: /home/mtouri/spot_ws/install/spot_msgs/include/spot_msgs/spot_msgs/srv/detail/set_led_brightness__builder.hpp
-- Symlinking: /home/mtouri/spot_ws/install/spot_msgs/include/spot_msgs/spot_msgs/srv/detail/set_led_brightness__struct.hpp
-- Symlinking: /home/mtouri/spot_ws/install/spot_msgs/include/spot_msgs/spot_msgs/srv/detail/set_led_brightness__traits.hpp
-- Symlinking: /home/mtouri/spot_ws/install/spot_msgs/include/spot_msgs/spot_msgs/srv/detail/set_led_brightness__type_support.hpp
-- Symlinking: /home/mtouri/spot_ws/install/spot_msgs/include/spot_msgs/spot_msgs/srv/detail/set_locomotion__builder.hpp
-- Symlinking: /home/mtouri/spot_ws/install/spot_msgs/include/spot_msgs/spot_msgs/srv/detail/set_locomotion__struct.hpp
-- Symlinking: /home/mtouri/spot_ws/install/spot_msgs/include/spot_msgs/spot_msgs/srv/detail/set_locomotion__traits.hpp
-- Symlinking: /home/mtouri/spot_ws/install/spot_msgs/include/spot_msgs/spot_msgs/srv/detail/set_locomotion__type_support.hpp
-- Symlinking: /home/mtouri/spot_ws/install/spot_msgs/include/spot_msgs/spot_msgs/srv/detail/set_ptz_position__builder.hpp
-- Symlinking: /home/mtouri/spot_ws/install/spot_msgs/include/spot_msgs/spot_msgs/srv/detail/set_ptz_position__struct.hpp
-- Symlinking: /home/mtouri/spot_ws/install/spot_msgs/include/spot_msgs/spot_msgs/srv/detail/set_ptz_position__traits.hpp
-- Symlinking: /home/mtouri/spot_ws/install/spot_msgs/include/spot_msgs/spot_msgs/srv/detail/set_ptz_position__type_support.hpp
-- Symlinking: /home/mtouri/spot_ws/install/spot_msgs/include/spot_msgs/spot_msgs/srv/detail/set_stairs_mode__builder.hpp
-- Symlinking: /home/mtouri/spot_ws/install/spot_msgs/include/spot_msgs/spot_msgs/srv/detail/set_stairs_mode__struct.hpp
-- Symlinking: /home/mtouri/spot_ws/install/spot_msgs/include/spot_msgs/spot_msgs/srv/detail/set_stairs_mode__traits.hpp
-- Symlinking: /home/mtouri/spot_ws/install/spot_msgs/include/spot_msgs/spot_msgs/srv/detail/set_stairs_mode__type_support.hpp
-- Symlinking: /home/mtouri/spot_ws/install/spot_msgs/include/spot_msgs/spot_msgs/srv/detail/set_stand_height__builder.hpp
-- Symlinking: /home/mtouri/spot_ws/install/spot_msgs/include/spot_msgs/spot_msgs/srv/detail/set_stand_height__struct.hpp
-- Symlinking: /home/mtouri/spot_ws/install/spot_msgs/include/spot_msgs/spot_msgs/srv/detail/set_stand_height__traits.hpp
-- Symlinking: /home/mtouri/spot_ws/install/spot_msgs/include/spot_msgs/spot_msgs/srv/detail/set_stand_height__type_support.hpp
-- Symlinking: /home/mtouri/spot_ws/install/spot_msgs/include/spot_msgs/spot_msgs/srv/detail/set_velocity__builder.hpp
-- Symlinking: /home/mtouri/spot_ws/install/spot_msgs/include/spot_msgs/spot_msgs/srv/detail/set_velocity__struct.hpp
-- Symlinking: /home/mtouri/spot_ws/install/spot_msgs/include/spot_msgs/spot_msgs/srv/detail/set_velocity__traits.hpp
-- Symlinking: /home/mtouri/spot_ws/install/spot_msgs/include/spot_msgs/spot_msgs/srv/detail/set_velocity__type_support.hpp
-- Symlinking: /home/mtouri/spot_ws/install/spot_msgs/include/spot_msgs/spot_msgs/srv/detail/set_volume__builder.hpp
-- Symlinking: /home/mtouri/spot_ws/install/spot_msgs/include/spot_msgs/spot_msgs/srv/detail/set_volume__struct.hpp
-- Symlinking: /home/mtouri/spot_ws/install/spot_msgs/include/spot_msgs/spot_msgs/srv/detail/set_volume__traits.hpp
-- Symlinking: /home/mtouri/spot_ws/install/spot_msgs/include/spot_msgs/spot_msgs/srv/detail/set_volume__type_support.hpp
-- Symlinking: /home/mtouri/spot_ws/install/spot_msgs/include/spot_msgs/spot_msgs/srv/detail/store_logpoint__builder.hpp
-- Symlinking: /home/mtouri/spot_ws/install/spot_msgs/include/spot_msgs/spot_msgs/srv/detail/store_logpoint__struct.hpp
-- Symlinking: /home/mtouri/spot_ws/install/spot_msgs/include/spot_msgs/spot_msgs/srv/detail/store_logpoint__traits.hpp
-- Symlinking: /home/mtouri/spot_ws/install/spot_msgs/include/spot_msgs/spot_msgs/srv/detail/store_logpoint__type_support.hpp
-- Symlinking: /home/mtouri/spot_ws/install/spot_msgs/include/spot_msgs/spot_msgs/srv/detail/tag_logpoint__builder.hpp
-- Symlinking: /home/mtouri/spot_ws/install/spot_msgs/include/spot_msgs/spot_msgs/srv/detail/tag_logpoint__struct.hpp
-- Symlinking: /home/mtouri/spot_ws/install/spot_msgs/include/spot_msgs/spot_msgs/srv/detail/tag_logpoint__traits.hpp
-- Symlinking: /home/mtouri/spot_ws/install/spot_msgs/include/spot_msgs/spot_msgs/srv/detail/tag_logpoint__type_support.hpp
-- Symlinking: /home/mtouri/spot_ws/install/spot_msgs/include/spot_msgs/spot_msgs/srv/detail/upload_animation__builder.hpp
-- Symlinking: /home/mtouri/spot_ws/install/spot_msgs/include/spot_msgs/spot_msgs/srv/detail/upload_animation__struct.hpp
-- Symlinking: /home/mtouri/spot_ws/install/spot_msgs/include/spot_msgs/spot_msgs/srv/detail/upload_animation__traits.hpp
-- Symlinking: /home/mtouri/spot_ws/install/spot_msgs/include/spot_msgs/spot_msgs/srv/detail/upload_animation__type_support.hpp
-- Symlinking: /home/mtouri/spot_ws/install/spot_msgs/include/spot_msgs/spot_msgs/srv/detail/upload_sequence__builder.hpp
-- Symlinking: /home/mtouri/spot_ws/install/spot_msgs/include/spot_msgs/spot_msgs/srv/detail/upload_sequence__struct.hpp
-- Symlinking: /home/mtouri/spot_ws/install/spot_msgs/include/spot_msgs/spot_msgs/srv/detail/upload_sequence__traits.hpp
-- Symlinking: /home/mtouri/spot_ws/install/spot_msgs/include/spot_msgs/spot_msgs/srv/detail/upload_sequence__type_support.hpp
-- Symlinking: /home/mtouri/spot_ws/install/spot_msgs/include/spot_msgs/spot_msgs/srv/dock.hpp
-- Symlinking: /home/mtouri/spot_ws/install/spot_msgs/include/spot_msgs/spot_msgs/srv/get_choreography_status.hpp
-- Symlinking: /home/mtouri/spot_ws/install/spot_msgs/include/spot_msgs/spot_msgs/srv/get_gripper_camera_parameters.hpp
-- Symlinking: /home/mtouri/spot_ws/install/spot_msgs/include/spot_msgs/spot_msgs/srv/get_inverse_kinematic_solutions.hpp
-- Symlinking: /home/mtouri/spot_ws/install/spot_msgs/include/spot_msgs/spot_msgs/srv/get_led_brightness.hpp
-- Symlinking: /home/mtouri/spot_ws/install/spot_msgs/include/spot_msgs/spot_msgs/srv/get_logpoint_status.hpp
-- Symlinking: /home/mtouri/spot_ws/install/spot_msgs/include/spot_msgs/spot_msgs/srv/get_ptz_position.hpp
-- Symlinking: /home/mtouri/spot_ws/install/spot_msgs/include/spot_msgs/spot_msgs/srv/get_volume.hpp
-- Symlinking: /home/mtouri/spot_ws/install/spot_msgs/include/spot_msgs/spot_msgs/srv/graph_nav_clear_graph.hpp
-- Symlinking: /home/mtouri/spot_ws/install/spot_msgs/include/spot_msgs/spot_msgs/srv/graph_nav_get_localization_pose.hpp
-- Symlinking: /home/mtouri/spot_ws/install/spot_msgs/include/spot_msgs/spot_msgs/srv/graph_nav_set_localization.hpp
-- Symlinking: /home/mtouri/spot_ws/install/spot_msgs/include/spot_msgs/spot_msgs/srv/graph_nav_upload_graph.hpp
-- Symlinking: /home/mtouri/spot_ws/install/spot_msgs/include/spot_msgs/spot_msgs/srv/initialize_lens.hpp
-- Symlinking: /home/mtouri/spot_ws/install/spot_msgs/include/spot_msgs/spot_msgs/srv/list_all_dances.hpp
-- Symlinking: /home/mtouri/spot_ws/install/spot_msgs/include/spot_msgs/spot_msgs/srv/list_all_moves.hpp
-- Symlinking: /home/mtouri/spot_ws/install/spot_msgs/include/spot_msgs/spot_msgs/srv/list_cameras.hpp
-- Symlinking: /home/mtouri/spot_ws/install/spot_msgs/include/spot_msgs/spot_msgs/srv/list_graph.hpp
-- Symlinking: /home/mtouri/spot_ws/install/spot_msgs/include/spot_msgs/spot_msgs/srv/list_logpoints.hpp
-- Symlinking: /home/mtouri/spot_ws/install/spot_msgs/include/spot_msgs/spot_msgs/srv/list_ptz.hpp
-- Symlinking: /home/mtouri/spot_ws/install/spot_msgs/include/spot_msgs/spot_msgs/srv/list_sounds.hpp
-- Symlinking: /home/mtouri/spot_ws/install/spot_msgs/include/spot_msgs/spot_msgs/srv/list_world_objects.hpp
-- Symlinking: /home/mtouri/spot_ws/install/spot_msgs/include/spot_msgs/spot_msgs/srv/load_sound.hpp
-- Symlinking: /home/mtouri/spot_ws/install/spot_msgs/include/spot_msgs/spot_msgs/srv/mutate_world_object.hpp
-- Symlinking: /home/mtouri/spot_ws/install/spot_msgs/include/spot_msgs/spot_msgs/srv/override_grasp_or_carry.hpp
-- Symlinking: /home/mtouri/spot_ws/install/spot_msgs/include/spot_msgs/spot_msgs/srv/play_sound.hpp
-- Symlinking: /home/mtouri/spot_ws/install/spot_msgs/include/spot_msgs/spot_msgs/srv/retrieve_logpoint.hpp
-- Symlinking: /home/mtouri/spot_ws/install/spot_msgs/include/spot_msgs/spot_msgs/srv/return_lease.hpp
-- Symlinking: /home/mtouri/spot_ws/install/spot_msgs/include/spot_msgs/spot_msgs/srv/robot_command.hpp
-- Symlinking: /home/mtouri/spot_ws/install/spot_msgs/include/spot_msgs/spot_msgs/srv/set_gripper_angle.hpp
-- Symlinking: /home/mtouri/spot_ws/install/spot_msgs/include/spot_msgs/spot_msgs/srv/set_gripper_camera_parameters.hpp
-- Symlinking: /home/mtouri/spot_ws/install/spot_msgs/include/spot_msgs/spot_msgs/srv/set_led_brightness.hpp
-- Symlinking: /home/mtouri/spot_ws/install/spot_msgs/include/spot_msgs/spot_msgs/srv/set_locomotion.hpp
-- Symlinking: /home/mtouri/spot_ws/install/spot_msgs/include/spot_msgs/spot_msgs/srv/set_ptz_position.hpp
-- Symlinking: /home/mtouri/spot_ws/install/spot_msgs/include/spot_msgs/spot_msgs/srv/set_stairs_mode.hpp
-- Symlinking: /home/mtouri/spot_ws/install/spot_msgs/include/spot_msgs/spot_msgs/srv/set_stand_height.hpp
-- Symlinking: /home/mtouri/spot_ws/install/spot_msgs/include/spot_msgs/spot_msgs/srv/set_velocity.hpp
-- Symlinking: /home/mtouri/spot_ws/install/spot_msgs/include/spot_msgs/spot_msgs/srv/set_volume.hpp
-- Symlinking: /home/mtouri/spot_ws/install/spot_msgs/include/spot_msgs/spot_msgs/srv/store_logpoint.hpp
-- Symlinking: /home/mtouri/spot_ws/install/spot_msgs/include/spot_msgs/spot_msgs/srv/tag_logpoint.hpp
-- Symlinking: /home/mtouri/spot_ws/install/spot_msgs/include/spot_msgs/spot_msgs/srv/upload_animation.hpp
-- Symlinking: /home/mtouri/spot_ws/install/spot_msgs/include/spot_msgs/spot_msgs/srv/upload_sequence.hpp
-- Symlinking: /home/mtouri/spot_ws/install/spot_msgs/include/spot_msgs/spot_msgs/action/detail/arm_surface_contact__rosidl_typesupport_fastrtps_cpp.hpp
-- Symlinking: /home/mtouri/spot_ws/install/spot_msgs/include/spot_msgs/spot_msgs/action/detail/execute_dance__rosidl_typesupport_fastrtps_cpp.hpp
-- Symlinking: /home/mtouri/spot_ws/install/spot_msgs/include/spot_msgs/spot_msgs/action/detail/manipulation__rosidl_typesupport_fastrtps_cpp.hpp
-- Symlinking: /home/mtouri/spot_ws/install/spot_msgs/include/spot_msgs/spot_msgs/action/detail/navigate_to__rosidl_typesupport_fastrtps_cpp.hpp
-- Symlinking: /home/mtouri/spot_ws/install/spot_msgs/include/spot_msgs/spot_msgs/action/detail/robot_command__rosidl_typesupport_fastrtps_cpp.hpp
-- Symlinking: /home/mtouri/spot_ws/install/spot_msgs/include/spot_msgs/spot_msgs/action/detail/trajectory__rosidl_typesupport_fastrtps_cpp.hpp
-- Symlinking: /home/mtouri/spot_ws/install/spot_msgs/include/spot_msgs/spot_msgs/msg/detail/battery_state__rosidl_typesupport_fastrtps_cpp.hpp
-- Symlinking: /home/mtouri/spot_ws/install/spot_msgs/include/spot_msgs/spot_msgs/msg/detail/battery_state_array__rosidl_typesupport_fastrtps_cpp.hpp
-- Symlinking: /home/mtouri/spot_ws/install/spot_msgs/include/spot_msgs/spot_msgs/msg/detail/behavior_fault__rosidl_typesupport_fastrtps_cpp.hpp
-- Symlinking: /home/mtouri/spot_ws/install/spot_msgs/include/spot_msgs/spot_msgs/msg/detail/behavior_fault_state__rosidl_typesupport_fastrtps_cpp.hpp
-- Symlinking: /home/mtouri/spot_ws/install/spot_msgs/include/spot_msgs/spot_msgs/msg/detail/e_stop_state__rosidl_typesupport_fastrtps_cpp.hpp
-- Symlinking: /home/mtouri/spot_ws/install/spot_msgs/include/spot_msgs/spot_msgs/msg/detail/e_stop_state_array__rosidl_typesupport_fastrtps_cpp.hpp
-- Symlinking: /home/mtouri/spot_ws/install/spot_msgs/include/spot_msgs/spot_msgs/msg/detail/feedback__rosidl_typesupport_fastrtps_cpp.hpp
-- Symlinking: /home/mtouri/spot_ws/install/spot_msgs/include/spot_msgs/spot_msgs/msg/detail/foot_state__rosidl_typesupport_fastrtps_cpp.hpp
-- Symlinking: /home/mtouri/spot_ws/install/spot_msgs/include/spot_msgs/spot_msgs/msg/detail/foot_state_array__rosidl_typesupport_fastrtps_cpp.hpp
-- Symlinking: /home/mtouri/spot_ws/install/spot_msgs/include/spot_msgs/spot_msgs/msg/detail/joint_command__rosidl_typesupport_fastrtps_cpp.hpp
-- Symlinking: /home/mtouri/spot_ws/install/spot_msgs/include/spot_msgs/spot_msgs/msg/detail/lease__rosidl_typesupport_fastrtps_cpp.hpp
-- Symlinking: /home/mtouri/spot_ws/install/spot_msgs/include/spot_msgs/spot_msgs/msg/detail/lease_array__rosidl_typesupport_fastrtps_cpp.hpp
-- Symlinking: /home/mtouri/spot_ws/install/spot_msgs/include/spot_msgs/spot_msgs/msg/detail/lease_owner__rosidl_typesupport_fastrtps_cpp.hpp
-- Symlinking: /home/mtouri/spot_ws/install/spot_msgs/include/spot_msgs/spot_msgs/msg/detail/lease_resource__rosidl_typesupport_fastrtps_cpp.hpp
-- Symlinking: /home/mtouri/spot_ws/install/spot_msgs/include/spot_msgs/spot_msgs/msg/detail/metrics__rosidl_typesupport_fastrtps_cpp.hpp
-- Symlinking: /home/mtouri/spot_ws/install/spot_msgs/include/spot_msgs/spot_msgs/msg/detail/mobility_params__rosidl_typesupport_fastrtps_cpp.hpp
-- Symlinking: /home/mtouri/spot_ws/install/spot_msgs/include/spot_msgs/spot_msgs/msg/detail/power_state__rosidl_typesupport_fastrtps_cpp.hpp
-- Symlinking: /home/mtouri/spot_ws/install/spot_msgs/include/spot_msgs/spot_msgs/msg/detail/system_fault__rosidl_typesupport_fastrtps_cpp.hpp
-- Symlinking: /home/mtouri/spot_ws/install/spot_msgs/include/spot_msgs/spot_msgs/msg/detail/system_fault_state__rosidl_typesupport_fastrtps_cpp.hpp
-- Symlinking: /home/mtouri/spot_ws/install/spot_msgs/include/spot_msgs/spot_msgs/msg/detail/wi_fi_state__rosidl_typesupport_fastrtps_cpp.hpp
-- Symlinking: /home/mtouri/spot_ws/install/spot_msgs/include/spot_msgs/spot_msgs/msg/rosidl_typesupport_fastrtps_cpp__visibility_control.h
-- Symlinking: /home/mtouri/spot_ws/install/spot_msgs/include/spot_msgs/spot_msgs/srv/detail/acquire_lease__rosidl_typesupport_fastrtps_cpp.hpp
-- Symlinking: /home/mtouri/spot_ws/install/spot_msgs/include/spot_msgs/spot_msgs/srv/detail/choreography_recorded_state_to_animation__rosidl_typesupport_fastrtps_cpp.hpp
-- Symlinking: /home/mtouri/spot_ws/install/spot_msgs/include/spot_msgs/spot_msgs/srv/detail/choreography_start_recording_state__rosidl_typesupport_fastrtps_cpp.hpp
-- Symlinking: /home/mtouri/spot_ws/install/spot_msgs/include/spot_msgs/spot_msgs/srv/detail/choreography_stop_recording_state__rosidl_typesupport_fastrtps_cpp.hpp
-- Symlinking: /home/mtouri/spot_ws/install/spot_msgs/include/spot_msgs/spot_msgs/srv/detail/clear_behavior_fault__rosidl_typesupport_fastrtps_cpp.hpp
-- Symlinking: /home/mtouri/spot_ws/install/spot_msgs/include/spot_msgs/spot_msgs/srv/detail/delete_logpoint__rosidl_typesupport_fastrtps_cpp.hpp
-- Symlinking: /home/mtouri/spot_ws/install/spot_msgs/include/spot_msgs/spot_msgs/srv/detail/delete_sound__rosidl_typesupport_fastrtps_cpp.hpp
-- Symlinking: /home/mtouri/spot_ws/install/spot_msgs/include/spot_msgs/spot_msgs/srv/detail/dock__rosidl_typesupport_fastrtps_cpp.hpp
-- Symlinking: /home/mtouri/spot_ws/install/spot_msgs/include/spot_msgs/spot_msgs/srv/detail/get_choreography_status__rosidl_typesupport_fastrtps_cpp.hpp
-- Symlinking: /home/mtouri/spot_ws/install/spot_msgs/include/spot_msgs/spot_msgs/srv/detail/get_gripper_camera_parameters__rosidl_typesupport_fastrtps_cpp.hpp
-- Symlinking: /home/mtouri/spot_ws/install/spot_msgs/include/spot_msgs/spot_msgs/srv/detail/get_inverse_kinematic_solutions__rosidl_typesupport_fastrtps_cpp.hpp
-- Symlinking: /home/mtouri/spot_ws/install/spot_msgs/include/spot_msgs/spot_msgs/srv/detail/get_led_brightness__rosidl_typesupport_fastrtps_cpp.hpp
-- Symlinking: /home/mtouri/spot_ws/install/spot_msgs/include/spot_msgs/spot_msgs/srv/detail/get_logpoint_status__rosidl_typesupport_fastrtps_cpp.hpp
-- Symlinking: /home/mtouri/spot_ws/install/spot_msgs/include/spot_msgs/spot_msgs/srv/detail/get_ptz_position__rosidl_typesupport_fastrtps_cpp.hpp
-- Symlinking: /home/mtouri/spot_ws/install/spot_msgs/include/spot_msgs/spot_msgs/srv/detail/get_volume__rosidl_typesupport_fastrtps_cpp.hpp
-- Symlinking: /home/mtouri/spot_ws/install/spot_msgs/include/spot_msgs/spot_msgs/srv/detail/graph_nav_clear_graph__rosidl_typesupport_fastrtps_cpp.hpp
-- Symlinking: /home/mtouri/spot_ws/install/spot_msgs/include/spot_msgs/spot_msgs/srv/detail/graph_nav_get_localization_pose__rosidl_typesupport_fastrtps_cpp.hpp
-- Symlinking: /home/mtouri/spot_ws/install/spot_msgs/include/spot_msgs/spot_msgs/srv/detail/graph_nav_set_localization__rosidl_typesupport_fastrtps_cpp.hpp
-- Symlinking: /home/mtouri/spot_ws/install/spot_msgs/include/spot_msgs/spot_msgs/srv/detail/graph_nav_upload_graph__rosidl_typesupport_fastrtps_cpp.hpp
-- Symlinking: /home/mtouri/spot_ws/install/spot_msgs/include/spot_msgs/spot_msgs/srv/detail/initialize_lens__rosidl_typesupport_fastrtps_cpp.hpp
-- Symlinking: /home/mtouri/spot_ws/install/spot_msgs/include/spot_msgs/spot_msgs/srv/detail/list_all_dances__rosidl_typesupport_fastrtps_cpp.hpp
-- Symlinking: /home/mtouri/spot_ws/install/spot_msgs/include/spot_msgs/spot_msgs/srv/detail/list_all_moves__rosidl_typesupport_fastrtps_cpp.hpp
-- Symlinking: /home/mtouri/spot_ws/install/spot_msgs/include/spot_msgs/spot_msgs/srv/detail/list_cameras__rosidl_typesupport_fastrtps_cpp.hpp
-- Symlinking: /home/mtouri/spot_ws/install/spot_msgs/include/spot_msgs/spot_msgs/srv/detail/list_graph__rosidl_typesupport_fastrtps_cpp.hpp
-- Symlinking: /home/mtouri/spot_ws/install/spot_msgs/include/spot_msgs/spot_msgs/srv/detail/list_logpoints__rosidl_typesupport_fastrtps_cpp.hpp
-- Symlinking: /home/mtouri/spot_ws/install/spot_msgs/include/spot_msgs/spot_msgs/srv/detail/list_ptz__rosidl_typesupport_fastrtps_cpp.hpp
-- Symlinking: /home/mtouri/spot_ws/install/spot_msgs/include/spot_msgs/spot_msgs/srv/detail/list_sounds__rosidl_typesupport_fastrtps_cpp.hpp
-- Symlinking: /home/mtouri/spot_ws/install/spot_msgs/include/spot_msgs/spot_msgs/srv/detail/list_world_objects__rosidl_typesupport_fastrtps_cpp.hpp
-- Symlinking: /home/mtouri/spot_ws/install/spot_msgs/include/spot_msgs/spot_msgs/srv/detail/load_sound__rosidl_typesupport_fastrtps_cpp.hpp
-- Symlinking: /home/mtouri/spot_ws/install/spot_msgs/include/spot_msgs/spot_msgs/srv/detail/mutate_world_object__rosidl_typesupport_fastrtps_cpp.hpp
-- Symlinking: /home/mtouri/spot_ws/install/spot_msgs/include/spot_msgs/spot_msgs/srv/detail/override_grasp_or_carry__rosidl_typesupport_fastrtps_cpp.hpp
-- Symlinking: /home/mtouri/spot_ws/install/spot_msgs/include/spot_msgs/spot_msgs/srv/detail/play_sound__rosidl_typesupport_fastrtps_cpp.hpp
-- Symlinking: /home/mtouri/spot_ws/install/spot_msgs/include/spot_msgs/spot_msgs/srv/detail/retrieve_logpoint__rosidl_typesupport_fastrtps_cpp.hpp
-- Symlinking: /home/mtouri/spot_ws/install/spot_msgs/include/spot_msgs/spot_msgs/srv/detail/return_lease__rosidl_typesupport_fastrtps_cpp.hpp
-- Symlinking: /home/mtouri/spot_ws/install/spot_msgs/include/spot_msgs/spot_msgs/srv/detail/robot_command__rosidl_typesupport_fastrtps_cpp.hpp
-- Symlinking: /home/mtouri/spot_ws/install/spot_msgs/include/spot_msgs/spot_msgs/srv/detail/set_gripper_angle__rosidl_typesupport_fastrtps_cpp.hpp
-- Symlinking: /home/mtouri/spot_ws/install/spot_msgs/include/spot_msgs/spot_msgs/srv/detail/set_gripper_camera_parameters__rosidl_typesupport_fastrtps_cpp.hpp
-- Symlinking: /home/mtouri/spot_ws/install/spot_msgs/include/spot_msgs/spot_msgs/srv/detail/set_led_brightness__rosidl_typesupport_fastrtps_cpp.hpp
-- Symlinking: /home/mtouri/spot_ws/install/spot_msgs/include/spot_msgs/spot_msgs/srv/detail/set_locomotion__rosidl_typesupport_fastrtps_cpp.hpp
-- Symlinking: /home/mtouri/spot_ws/install/spot_msgs/include/spot_msgs/spot_msgs/srv/detail/set_ptz_position__rosidl_typesupport_fastrtps_cpp.hpp
-- Symlinking: /home/mtouri/spot_ws/install/spot_msgs/include/spot_msgs/spot_msgs/srv/detail/set_stairs_mode__rosidl_typesupport_fastrtps_cpp.hpp
-- Symlinking: /home/mtouri/spot_ws/install/spot_msgs/include/spot_msgs/spot_msgs/srv/detail/set_stand_height__rosidl_typesupport_fastrtps_cpp.hpp
-- Symlinking: /home/mtouri/spot_ws/install/spot_msgs/include/spot_msgs/spot_msgs/srv/detail/set_velocity__rosidl_typesupport_fastrtps_cpp.hpp
-- Symlinking: /home/mtouri/spot_ws/install/spot_msgs/include/spot_msgs/spot_msgs/srv/detail/set_volume__rosidl_typesupport_fastrtps_cpp.hpp
-- Symlinking: /home/mtouri/spot_ws/install/spot_msgs/include/spot_msgs/spot_msgs/srv/detail/store_logpoint__rosidl_typesupport_fastrtps_cpp.hpp
-- Symlinking: /home/mtouri/spot_ws/install/spot_msgs/include/spot_msgs/spot_msgs/srv/detail/tag_logpoint__rosidl_typesupport_fastrtps_cpp.hpp
-- Symlinking: /home/mtouri/spot_ws/install/spot_msgs/include/spot_msgs/spot_msgs/srv/detail/upload_animation__rosidl_typesupport_fastrtps_cpp.hpp
-- Symlinking: /home/mtouri/spot_ws/install/spot_msgs/include/spot_msgs/spot_msgs/srv/detail/upload_sequence__rosidl_typesupport_fastrtps_cpp.hpp
-- Symlinking: /home/mtouri/spot_ws/install/spot_msgs/include/spot_msgs/spot_msgs/action/detail/arm_surface_contact__rosidl_typesupport_introspection_c.h
-- Symlinking: /home/mtouri/spot_ws/install/spot_msgs/include/spot_msgs/spot_msgs/action/detail/execute_dance__rosidl_typesupport_introspection_c.h
-- Symlinking: /home/mtouri/spot_ws/install/spot_msgs/include/spot_msgs/spot_msgs/action/detail/manipulation__rosidl_typesupport_introspection_c.h
-- Symlinking: /home/mtouri/spot_ws/install/spot_msgs/include/spot_msgs/spot_msgs/action/detail/navigate_to__rosidl_typesupport_introspection_c.h
-- Symlinking: /home/mtouri/spot_ws/install/spot_msgs/include/spot_msgs/spot_msgs/action/detail/robot_command__rosidl_typesupport_introspection_c.h
-- Symlinking: /home/mtouri/spot_ws/install/spot_msgs/include/spot_msgs/spot_msgs/action/detail/trajectory__rosidl_typesupport_introspection_c.h
-- Symlinking: /home/mtouri/spot_ws/install/spot_msgs/include/spot_msgs/spot_msgs/msg/detail/battery_state__rosidl_typesupport_introspection_c.h
-- Symlinking: /home/mtouri/spot_ws/install/spot_msgs/include/spot_msgs/spot_msgs/msg/detail/battery_state_array__rosidl_typesupport_introspection_c.h
-- Symlinking: /home/mtouri/spot_ws/install/spot_msgs/include/spot_msgs/spot_msgs/msg/detail/behavior_fault__rosidl_typesupport_introspection_c.h
-- Symlinking: /home/mtouri/spot_ws/install/spot_msgs/include/spot_msgs/spot_msgs/msg/detail/behavior_fault_state__rosidl_typesupport_introspection_c.h
-- Symlinking: /home/mtouri/spot_ws/install/spot_msgs/include/spot_msgs/spot_msgs/msg/detail/e_stop_state__rosidl_typesupport_introspection_c.h
-- Symlinking: /home/mtouri/spot_ws/install/spot_msgs/include/spot_msgs/spot_msgs/msg/detail/e_stop_state_array__rosidl_typesupport_introspection_c.h
-- Symlinking: /home/mtouri/spot_ws/install/spot_msgs/include/spot_msgs/spot_msgs/msg/detail/feedback__rosidl_typesupport_introspection_c.h
-- Symlinking: /home/mtouri/spot_ws/install/spot_msgs/include/spot_msgs/spot_msgs/msg/detail/foot_state__rosidl_typesupport_introspection_c.h
-- Symlinking: /home/mtouri/spot_ws/install/spot_msgs/include/spot_msgs/spot_msgs/msg/detail/foot_state_array__rosidl_typesupport_introspection_c.h
-- Symlinking: /home/mtouri/spot_ws/install/spot_msgs/include/spot_msgs/spot_msgs/msg/detail/joint_command__rosidl_typesupport_introspection_c.h
-- Symlinking: /home/mtouri/spot_ws/install/spot_msgs/include/spot_msgs/spot_msgs/msg/detail/lease__rosidl_typesupport_introspection_c.h
-- Symlinking: /home/mtouri/spot_ws/install/spot_msgs/include/spot_msgs/spot_msgs/msg/detail/lease_array__rosidl_typesupport_introspection_c.h
-- Symlinking: /home/mtouri/spot_ws/install/spot_msgs/include/spot_msgs/spot_msgs/msg/detail/lease_owner__rosidl_typesupport_introspection_c.h
-- Symlinking: /home/mtouri/spot_ws/install/spot_msgs/include/spot_msgs/spot_msgs/msg/detail/lease_resource__rosidl_typesupport_introspection_c.h
-- Symlinking: /home/mtouri/spot_ws/install/spot_msgs/include/spot_msgs/spot_msgs/msg/detail/metrics__rosidl_typesupport_introspection_c.h
-- Symlinking: /home/mtouri/spot_ws/install/spot_msgs/include/spot_msgs/spot_msgs/msg/detail/mobility_params__rosidl_typesupport_introspection_c.h
-- Symlinking: /home/mtouri/spot_ws/install/spot_msgs/include/spot_msgs/spot_msgs/msg/detail/power_state__rosidl_typesupport_introspection_c.h
-- Symlinking: /home/mtouri/spot_ws/install/spot_msgs/include/spot_msgs/spot_msgs/msg/detail/system_fault__rosidl_typesupport_introspection_c.h
-- Symlinking: /home/mtouri/spot_ws/install/spot_msgs/include/spot_msgs/spot_msgs/msg/detail/system_fault_state__rosidl_typesupport_introspection_c.h
-- Symlinking: /home/mtouri/spot_ws/install/spot_msgs/include/spot_msgs/spot_msgs/msg/detail/wi_fi_state__rosidl_typesupport_introspection_c.h
-- Symlinking: /home/mtouri/spot_ws/install/spot_msgs/include/spot_msgs/spot_msgs/msg/rosidl_typesupport_introspection_c__visibility_control.h
-- Symlinking: /home/mtouri/spot_ws/install/spot_msgs/include/spot_msgs/spot_msgs/srv/detail/acquire_lease__rosidl_typesupport_introspection_c.h
-- Symlinking: /home/mtouri/spot_ws/install/spot_msgs/include/spot_msgs/spot_msgs/srv/detail/choreography_recorded_state_to_animation__rosidl_typesupport_introspection_c.h
-- Symlinking: /home/mtouri/spot_ws/install/spot_msgs/include/spot_msgs/spot_msgs/srv/detail/choreography_start_recording_state__rosidl_typesupport_introspection_c.h
-- Symlinking: /home/mtouri/spot_ws/install/spot_msgs/include/spot_msgs/spot_msgs/srv/detail/choreography_stop_recording_state__rosidl_typesupport_introspection_c.h
-- Symlinking: /home/mtouri/spot_ws/install/spot_msgs/include/spot_msgs/spot_msgs/srv/detail/clear_behavior_fault__rosidl_typesupport_introspection_c.h
-- Symlinking: /home/mtouri/spot_ws/install/spot_msgs/include/spot_msgs/spot_msgs/srv/detail/delete_logpoint__rosidl_typesupport_introspection_c.h
-- Symlinking: /home/mtouri/spot_ws/install/spot_msgs/include/spot_msgs/spot_msgs/srv/detail/delete_sound__rosidl_typesupport_introspection_c.h
-- Symlinking: /home/mtouri/spot_ws/install/spot_msgs/include/spot_msgs/spot_msgs/srv/detail/dock__rosidl_typesupport_introspection_c.h
-- Symlinking: /home/mtouri/spot_ws/install/spot_msgs/include/spot_msgs/spot_msgs/srv/detail/get_choreography_status__rosidl_typesupport_introspection_c.h
-- Symlinking: /home/mtouri/spot_ws/install/spot_msgs/include/spot_msgs/spot_msgs/srv/detail/get_gripper_camera_parameters__rosidl_typesupport_introspection_c.h
-- Symlinking: /home/mtouri/spot_ws/install/spot_msgs/include/spot_msgs/spot_msgs/srv/detail/get_inverse_kinematic_solutions__rosidl_typesupport_introspection_c.h
-- Symlinking: /home/mtouri/spot_ws/install/spot_msgs/include/spot_msgs/spot_msgs/srv/detail/get_led_brightness__rosidl_typesupport_introspection_c.h
-- Symlinking: /home/mtouri/spot_ws/install/spot_msgs/include/spot_msgs/spot_msgs/srv/detail/get_logpoint_status__rosidl_typesupport_introspection_c.h
-- Symlinking: /home/mtouri/spot_ws/install/spot_msgs/include/spot_msgs/spot_msgs/srv/detail/get_ptz_position__rosidl_typesupport_introspection_c.h
-- Symlinking: /home/mtouri/spot_ws/install/spot_msgs/include/spot_msgs/spot_msgs/srv/detail/get_volume__rosidl_typesupport_introspection_c.h
-- Symlinking: /home/mtouri/spot_ws/install/spot_msgs/include/spot_msgs/spot_msgs/srv/detail/graph_nav_clear_graph__rosidl_typesupport_introspection_c.h
-- Symlinking: /home/mtouri/spot_ws/install/spot_msgs/include/spot_msgs/spot_msgs/srv/detail/graph_nav_get_localization_pose__rosidl_typesupport_introspection_c.h
-- Symlinking: /home/mtouri/spot_ws/install/spot_msgs/include/spot_msgs/spot_msgs/srv/detail/graph_nav_set_localization__rosidl_typesupport_introspection_c.h
-- Symlinking: /home/mtouri/spot_ws/install/spot_msgs/include/spot_msgs/spot_msgs/srv/detail/graph_nav_upload_graph__rosidl_typesupport_introspection_c.h
-- Symlinking: /home/mtouri/spot_ws/install/spot_msgs/include/spot_msgs/spot_msgs/srv/detail/initialize_lens__rosidl_typesupport_introspection_c.h
-- Symlinking: /home/mtouri/spot_ws/install/spot_msgs/include/spot_msgs/spot_msgs/srv/detail/list_all_dances__rosidl_typesupport_introspection_c.h
-- Symlinking: /home/mtouri/spot_ws/install/spot_msgs/include/spot_msgs/spot_msgs/srv/detail/list_all_moves__rosidl_typesupport_introspection_c.h
-- Symlinking: /home/mtouri/spot_ws/install/spot_msgs/include/spot_msgs/spot_msgs/srv/detail/list_cameras__rosidl_typesupport_introspection_c.h
-- Symlinking: /home/mtouri/spot_ws/install/spot_msgs/include/spot_msgs/spot_msgs/srv/detail/list_graph__rosidl_typesupport_introspection_c.h
-- Symlinking: /home/mtouri/spot_ws/install/spot_msgs/include/spot_msgs/spot_msgs/srv/detail/list_logpoints__rosidl_typesupport_introspection_c.h
-- Symlinking: /home/mtouri/spot_ws/install/spot_msgs/include/spot_msgs/spot_msgs/srv/detail/list_ptz__rosidl_typesupport_introspection_c.h
-- Symlinking: /home/mtouri/spot_ws/install/spot_msgs/include/spot_msgs/spot_msgs/srv/detail/list_sounds__rosidl_typesupport_introspection_c.h
-- Symlinking: /home/mtouri/spot_ws/install/spot_msgs/include/spot_msgs/spot_msgs/srv/detail/list_world_objects__rosidl_typesupport_introspection_c.h
-- Symlinking: /home/mtouri/spot_ws/install/spot_msgs/include/spot_msgs/spot_msgs/srv/detail/load_sound__rosidl_typesupport_introspection_c.h
-- Symlinking: /home/mtouri/spot_ws/install/spot_msgs/include/spot_msgs/spot_msgs/srv/detail/mutate_world_object__rosidl_typesupport_introspection_c.h
-- Symlinking: /home/mtouri/spot_ws/install/spot_msgs/include/spot_msgs/spot_msgs/srv/detail/override_grasp_or_carry__rosidl_typesupport_introspection_c.h
-- Symlinking: /home/mtouri/spot_ws/install/spot_msgs/include/spot_msgs/spot_msgs/srv/detail/play_sound__rosidl_typesupport_introspection_c.h
-- Symlinking: /home/mtouri/spot_ws/install/spot_msgs/include/spot_msgs/spot_msgs/srv/detail/retrieve_logpoint__rosidl_typesupport_introspection_c.h
-- Symlinking: /home/mtouri/spot_ws/install/spot_msgs/include/spot_msgs/spot_msgs/srv/detail/return_lease__rosidl_typesupport_introspection_c.h
-- Symlinking: /home/mtouri/spot_ws/install/spot_msgs/include/spot_msgs/spot_msgs/srv/detail/robot_command__rosidl_typesupport_introspection_c.h
-- Symlinking: /home/mtouri/spot_ws/install/spot_msgs/include/spot_msgs/spot_msgs/srv/detail/set_gripper_angle__rosidl_typesupport_introspection_c.h
-- Symlinking: /home/mtouri/spot_ws/install/spot_msgs/include/spot_msgs/spot_msgs/srv/detail/set_gripper_camera_parameters__rosidl_typesupport_introspection_c.h
-- Symlinking: /home/mtouri/spot_ws/install/spot_msgs/include/spot_msgs/spot_msgs/srv/detail/set_led_brightness__rosidl_typesupport_introspection_c.h
-- Symlinking: /home/mtouri/spot_ws/install/spot_msgs/include/spot_msgs/spot_msgs/srv/detail/set_locomotion__rosidl_typesupport_introspection_c.h
-- Symlinking: /home/mtouri/spot_ws/install/spot_msgs/include/spot_msgs/spot_msgs/srv/detail/set_ptz_position__rosidl_typesupport_introspection_c.h
-- Symlinking: /home/mtouri/spot_ws/install/spot_msgs/include/spot_msgs/spot_msgs/srv/detail/set_stairs_mode__rosidl_typesupport_introspection_c.h
-- Symlinking: /home/mtouri/spot_ws/install/spot_msgs/include/spot_msgs/spot_msgs/srv/detail/set_stand_height__rosidl_typesupport_introspection_c.h
-- Symlinking: /home/mtouri/spot_ws/install/spot_msgs/include/spot_msgs/spot_msgs/srv/detail/set_velocity__rosidl_typesupport_introspection_c.h
-- Symlinking: /home/mtouri/spot_ws/install/spot_msgs/include/spot_msgs/spot_msgs/srv/detail/set_volume__rosidl_typesupport_introspection_c.h
-- Symlinking: /home/mtouri/spot_ws/install/spot_msgs/include/spot_msgs/spot_msgs/srv/detail/store_logpoint__rosidl_typesupport_introspection_c.h
-- Symlinking: /home/mtouri/spot_ws/install/spot_msgs/include/spot_msgs/spot_msgs/srv/detail/tag_logpoint__rosidl_typesupport_introspection_c.h
-- Symlinking: /home/mtouri/spot_ws/install/spot_msgs/include/spot_msgs/spot_msgs/srv/detail/upload_animation__rosidl_typesupport_introspection_c.h
-- Symlinking: /home/mtouri/spot_ws/install/spot_msgs/include/spot_msgs/spot_msgs/srv/detail/upload_sequence__rosidl_typesupport_introspection_c.h
-- Symlinking: /home/mtouri/spot_ws/install/spot_msgs/include/spot_msgs/spot_msgs/action/detail/arm_surface_contact__rosidl_typesupport_introspection_cpp.hpp
-- Symlinking: /home/mtouri/spot_ws/install/spot_msgs/include/spot_msgs/spot_msgs/action/detail/execute_dance__rosidl_typesupport_introspection_cpp.hpp
-- Symlinking: /home/mtouri/spot_ws/install/spot_msgs/include/spot_msgs/spot_msgs/action/detail/manipulation__rosidl_typesupport_introspection_cpp.hpp
-- Symlinking: /home/mtouri/spot_ws/install/spot_msgs/include/spot_msgs/spot_msgs/action/detail/navigate_to__rosidl_typesupport_introspection_cpp.hpp
-- Symlinking: /home/mtouri/spot_ws/install/spot_msgs/include/spot_msgs/spot_msgs/action/detail/robot_command__rosidl_typesupport_introspection_cpp.hpp
-- Symlinking: /home/mtouri/spot_ws/install/spot_msgs/include/spot_msgs/spot_msgs/action/detail/trajectory__rosidl_typesupport_introspection_cpp.hpp
-- Symlinking: /home/mtouri/spot_ws/install/spot_msgs/include/spot_msgs/spot_msgs/msg/detail/battery_state__rosidl_typesupport_introspection_cpp.hpp
-- Symlinking: /home/mtouri/spot_ws/install/spot_msgs/include/spot_msgs/spot_msgs/msg/detail/battery_state_array__rosidl_typesupport_introspection_cpp.hpp
-- Symlinking: /home/mtouri/spot_ws/install/spot_msgs/include/spot_msgs/spot_msgs/msg/detail/behavior_fault__rosidl_typesupport_introspection_cpp.hpp
-- Symlinking: /home/mtouri/spot_ws/install/spot_msgs/include/spot_msgs/spot_msgs/msg/detail/behavior_fault_state__rosidl_typesupport_introspection_cpp.hpp
-- Symlinking: /home/mtouri/spot_ws/install/spot_msgs/include/spot_msgs/spot_msgs/msg/detail/e_stop_state__rosidl_typesupport_introspection_cpp.hpp
-- Symlinking: /home/mtouri/spot_ws/install/spot_msgs/include/spot_msgs/spot_msgs/msg/detail/e_stop_state_array__rosidl_typesupport_introspection_cpp.hpp
-- Symlinking: /home/mtouri/spot_ws/install/spot_msgs/include/spot_msgs/spot_msgs/msg/detail/feedback__rosidl_typesupport_introspection_cpp.hpp
-- Symlinking: /home/mtouri/spot_ws/install/spot_msgs/include/spot_msgs/spot_msgs/msg/detail/foot_state__rosidl_typesupport_introspection_cpp.hpp
-- Symlinking: /home/mtouri/spot_ws/install/spot_msgs/include/spot_msgs/spot_msgs/msg/detail/foot_state_array__rosidl_typesupport_introspection_cpp.hpp
-- Symlinking: /home/mtouri/spot_ws/install/spot_msgs/include/spot_msgs/spot_msgs/msg/detail/joint_command__rosidl_typesupport_introspection_cpp.hpp
-- Symlinking: /home/mtouri/spot_ws/install/spot_msgs/include/spot_msgs/spot_msgs/msg/detail/lease__rosidl_typesupport_introspection_cpp.hpp
-- Symlinking: /home/mtouri/spot_ws/install/spot_msgs/include/spot_msgs/spot_msgs/msg/detail/lease_array__rosidl_typesupport_introspection_cpp.hpp
-- Symlinking: /home/mtouri/spot_ws/install/spot_msgs/include/spot_msgs/spot_msgs/msg/detail/lease_owner__rosidl_typesupport_introspection_cpp.hpp
-- Symlinking: /home/mtouri/spot_ws/install/spot_msgs/include/spot_msgs/spot_msgs/msg/detail/lease_resource__rosidl_typesupport_introspection_cpp.hpp
-- Symlinking: /home/mtouri/spot_ws/install/spot_msgs/include/spot_msgs/spot_msgs/msg/detail/metrics__rosidl_typesupport_introspection_cpp.hpp
-- Symlinking: /home/mtouri/spot_ws/install/spot_msgs/include/spot_msgs/spot_msgs/msg/detail/mobility_params__rosidl_typesupport_introspection_cpp.hpp
-- Symlinking: /home/mtouri/spot_ws/install/spot_msgs/include/spot_msgs/spot_msgs/msg/detail/power_state__rosidl_typesupport_introspection_cpp.hpp
-- Symlinking: /home/mtouri/spot_ws/install/spot_msgs/include/spot_msgs/spot_msgs/msg/detail/system_fault__rosidl_typesupport_introspection_cpp.hpp
-- Symlinking: /home/mtouri/spot_ws/install/spot_msgs/include/spot_msgs/spot_msgs/msg/detail/system_fault_state__rosidl_typesupport_introspection_cpp.hpp
-- Symlinking: /home/mtouri/spot_ws/install/spot_msgs/include/spot_msgs/spot_msgs/msg/detail/wi_fi_state__rosidl_typesupport_introspection_cpp.hpp
-- Symlinking: /home/mtouri/spot_ws/install/spot_msgs/include/spot_msgs/spot_msgs/srv/detail/acquire_lease__rosidl_typesupport_introspection_cpp.hpp
-- Symlinking: /home/mtouri/spot_ws/install/spot_msgs/include/spot_msgs/spot_msgs/srv/detail/choreography_recorded_state_to_animation__rosidl_typesupport_introspection_cpp.hpp
-- Symlinking: /home/mtouri/spot_ws/install/spot_msgs/include/spot_msgs/spot_msgs/srv/detail/choreography_start_recording_state__rosidl_typesupport_introspection_cpp.hpp
-- Symlinking: /home/mtouri/spot_ws/install/spot_msgs/include/spot_msgs/spot_msgs/srv/detail/choreography_stop_recording_state__rosidl_typesupport_introspection_cpp.hpp
-- Symlinking: /home/mtouri/spot_ws/install/spot_msgs/include/spot_msgs/spot_msgs/srv/detail/clear_behavior_fault__rosidl_typesupport_introspection_cpp.hpp
-- Symlinking: /home/mtouri/spot_ws/install/spot_msgs/include/spot_msgs/spot_msgs/srv/detail/delete_logpoint__rosidl_typesupport_introspection_cpp.hpp
-- Symlinking: /home/mtouri/spot_ws/install/spot_msgs/include/spot_msgs/spot_msgs/srv/detail/delete_sound__rosidl_typesupport_introspection_cpp.hpp
-- Symlinking: /home/mtouri/spot_ws/install/spot_msgs/include/spot_msgs/spot_msgs/srv/detail/dock__rosidl_typesupport_introspection_cpp.hpp
-- Symlinking: /home/mtouri/spot_ws/install/spot_msgs/include/spot_msgs/spot_msgs/srv/detail/get_choreography_status__rosidl_typesupport_introspection_cpp.hpp
-- Symlinking: /home/mtouri/spot_ws/install/spot_msgs/include/spot_msgs/spot_msgs/srv/detail/get_gripper_camera_parameters__rosidl_typesupport_introspection_cpp.hpp
-- Symlinking: /home/mtouri/spot_ws/install/spot_msgs/include/spot_msgs/spot_msgs/srv/detail/get_inverse_kinematic_solutions__rosidl_typesupport_introspection_cpp.hpp
-- Symlinking: /home/mtouri/spot_ws/install/spot_msgs/include/spot_msgs/spot_msgs/srv/detail/get_led_brightness__rosidl_typesupport_introspection_cpp.hpp
-- Symlinking: /home/mtouri/spot_ws/install/spot_msgs/include/spot_msgs/spot_msgs/srv/detail/get_logpoint_status__rosidl_typesupport_introspection_cpp.hpp
-- Symlinking: /home/mtouri/spot_ws/install/spot_msgs/include/spot_msgs/spot_msgs/srv/detail/get_ptz_position__rosidl_typesupport_introspection_cpp.hpp
-- Symlinking: /home/mtouri/spot_ws/install/spot_msgs/include/spot_msgs/spot_msgs/srv/detail/get_volume__rosidl_typesupport_introspection_cpp.hpp
-- Symlinking: /home/mtouri/spot_ws/install/spot_msgs/include/spot_msgs/spot_msgs/srv/detail/graph_nav_clear_graph__rosidl_typesupport_introspection_cpp.hpp
-- Symlinking: /home/mtouri/spot_ws/install/spot_msgs/include/spot_msgs/spot_msgs/srv/detail/graph_nav_get_localization_pose__rosidl_typesupport_introspection_cpp.hpp
-- Symlinking: /home/mtouri/spot_ws/install/spot_msgs/include/spot_msgs/spot_msgs/srv/detail/graph_nav_set_localization__rosidl_typesupport_introspection_cpp.hpp
-- Symlinking: /home/mtouri/spot_ws/install/spot_msgs/include/spot_msgs/spot_msgs/srv/detail/graph_nav_upload_graph__rosidl_typesupport_introspection_cpp.hpp
-- Symlinking: /home/mtouri/spot_ws/install/spot_msgs/include/spot_msgs/spot_msgs/srv/detail/initialize_lens__rosidl_typesupport_introspection_cpp.hpp
-- Symlinking: /home/mtouri/spot_ws/install/spot_msgs/include/spot_msgs/spot_msgs/srv/detail/list_all_dances__rosidl_typesupport_introspection_cpp.hpp
-- Symlinking: /home/mtouri/spot_ws/install/spot_msgs/include/spot_msgs/spot_msgs/srv/detail/list_all_moves__rosidl_typesupport_introspection_cpp.hpp
-- Symlinking: /home/mtouri/spot_ws/install/spot_msgs/include/spot_msgs/spot_msgs/srv/detail/list_cameras__rosidl_typesupport_introspection_cpp.hpp
-- Symlinking: /home/mtouri/spot_ws/install/spot_msgs/include/spot_msgs/spot_msgs/srv/detail/list_graph__rosidl_typesupport_introspection_cpp.hpp
-- Symlinking: /home/mtouri/spot_ws/install/spot_msgs/include/spot_msgs/spot_msgs/srv/detail/list_logpoints__rosidl_typesupport_introspection_cpp.hpp
-- Symlinking: /home/mtouri/spot_ws/install/spot_msgs/include/spot_msgs/spot_msgs/srv/detail/list_ptz__rosidl_typesupport_introspection_cpp.hpp
-- Symlinking: /home/mtouri/spot_ws/install/spot_msgs/include/spot_msgs/spot_msgs/srv/detail/list_sounds__rosidl_typesupport_introspection_cpp.hpp
-- Symlinking: /home/mtouri/spot_ws/install/spot_msgs/include/spot_msgs/spot_msgs/srv/detail/list_world_objects__rosidl_typesupport_introspection_cpp.hpp
-- Symlinking: /home/mtouri/spot_ws/install/spot_msgs/include/spot_msgs/spot_msgs/srv/detail/load_sound__rosidl_typesupport_introspection_cpp.hpp
-- Symlinking: /home/mtouri/spot_ws/install/spot_msgs/include/spot_msgs/spot_msgs/srv/detail/mutate_world_object__rosidl_typesupport_introspection_cpp.hpp
-- Symlinking: /home/mtouri/spot_ws/install/spot_msgs/include/spot_msgs/spot_msgs/srv/detail/override_grasp_or_carry__rosidl_typesupport_introspection_cpp.hpp
-- Symlinking: /home/mtouri/spot_ws/install/spot_msgs/include/spot_msgs/spot_msgs/srv/detail/play_sound__rosidl_typesupport_introspection_cpp.hpp
-- Symlinking: /home/mtouri/spot_ws/install/spot_msgs/include/spot_msgs/spot_msgs/srv/detail/retrieve_logpoint__rosidl_typesupport_introspection_cpp.hpp
-- Symlinking: /home/mtouri/spot_ws/install/spot_msgs/include/spot_msgs/spot_msgs/srv/detail/return_lease__rosidl_typesupport_introspection_cpp.hpp
-- Symlinking: /home/mtouri/spot_ws/install/spot_msgs/include/spot_msgs/spot_msgs/srv/detail/robot_command__rosidl_typesupport_introspection_cpp.hpp
-- Symlinking: /home/mtouri/spot_ws/install/spot_msgs/include/spot_msgs/spot_msgs/srv/detail/set_gripper_angle__rosidl_typesupport_introspection_cpp.hpp
-- Symlinking: /home/mtouri/spot_ws/install/spot_msgs/include/spot_msgs/spot_msgs/srv/detail/set_gripper_camera_parameters__rosidl_typesupport_introspection_cpp.hpp
-- Symlinking: /home/mtouri/spot_ws/install/spot_msgs/include/spot_msgs/spot_msgs/srv/detail/set_led_brightness__rosidl_typesupport_introspection_cpp.hpp
-- Symlinking: /home/mtouri/spot_ws/install/spot_msgs/include/spot_msgs/spot_msgs/srv/detail/set_locomotion__rosidl_typesupport_introspection_cpp.hpp
-- Symlinking: /home/mtouri/spot_ws/install/spot_msgs/include/spot_msgs/spot_msgs/srv/detail/set_ptz_position__rosidl_typesupport_introspection_cpp.hpp
-- Symlinking: /home/mtouri/spot_ws/install/spot_msgs/include/spot_msgs/spot_msgs/srv/detail/set_stairs_mode__rosidl_typesupport_introspection_cpp.hpp
-- Symlinking: /home/mtouri/spot_ws/install/spot_msgs/include/spot_msgs/spot_msgs/srv/detail/set_stand_height__rosidl_typesupport_introspection_cpp.hpp
-- Symlinking: /home/mtouri/spot_ws/install/spot_msgs/include/spot_msgs/spot_msgs/srv/detail/set_velocity__rosidl_typesupport_introspection_cpp.hpp
-- Symlinking: /home/mtouri/spot_ws/install/spot_msgs/include/spot_msgs/spot_msgs/srv/detail/set_volume__rosidl_typesupport_introspection_cpp.hpp
-- Symlinking: /home/mtouri/spot_ws/install/spot_msgs/include/spot_msgs/spot_msgs/srv/detail/store_logpoint__rosidl_typesupport_introspection_cpp.hpp
-- Symlinking: /home/mtouri/spot_ws/install/spot_msgs/include/spot_msgs/spot_msgs/srv/detail/tag_logpoint__rosidl_typesupport_introspection_cpp.hpp
-- Symlinking: /home/mtouri/spot_ws/install/spot_msgs/include/spot_msgs/spot_msgs/srv/detail/upload_animation__rosidl_typesupport_introspection_cpp.hpp
-- Symlinking: /home/mtouri/spot_ws/install/spot_msgs/include/spot_msgs/spot_msgs/srv/detail/upload_sequence__rosidl_typesupport_introspection_cpp.hpp
-- Symlinking: /home/mtouri/spot_ws/install/spot_msgs/share/spot_msgs/environment/pythonpath.sh
-- Symlinking: /home/mtouri/spot_ws/install/spot_msgs/share/spot_msgs/environment/pythonpath.dsv
-- Symlinking: /home/mtouri/spot_ws/install/spot_msgs/local/lib/python3.10/dist-packages/spot_msgs-0.0.0-py3.10.egg-info/PKG-INFO
-- Symlinking: /home/mtouri/spot_ws/install/spot_msgs/local/lib/python3.10/dist-packages/spot_msgs-0.0.0-py3.10.egg-info/SOURCES.txt
-- Symlinking: /home/mtouri/spot_ws/install/spot_msgs/local/lib/python3.10/dist-packages/spot_msgs-0.0.0-py3.10.egg-info/dependency_links.txt
-- Symlinking: /home/mtouri/spot_ws/install/spot_msgs/local/lib/python3.10/dist-packages/spot_msgs-0.0.0-py3.10.egg-info/top_level.txt
-- Symlinking: /home/mtouri/spot_ws/install/spot_msgs/local/lib/python3.10/dist-packages/spot_msgs/__init__.py
-- Symlinking: /home/mtouri/spot_ws/install/spot_msgs/local/lib/python3.10/dist-packages/spot_msgs/_spot_msgs_s.ep.rosidl_typesupport_c.c
-- Symlinking: /home/mtouri/spot_ws/install/spot_msgs/local/lib/python3.10/dist-packages/spot_msgs/_spot_msgs_s.ep.rosidl_typesupport_fastrtps_c.c
-- Symlinking: /home/mtouri/spot_ws/install/spot_msgs/local/lib/python3.10/dist-packages/spot_msgs/_spot_msgs_s.ep.rosidl_typesupport_introspection_c.c
-- Symlinking: /home/mtouri/spot_ws/install/spot_msgs/local/lib/python3.10/dist-packages/spot_msgs/action/__init__.py
-- Symlinking: /home/mtouri/spot_ws/install/spot_msgs/local/lib/python3.10/dist-packages/spot_msgs/action/_arm_surface_contact.py
-- Symlinking: /home/mtouri/spot_ws/install/spot_msgs/local/lib/python3.10/dist-packages/spot_msgs/action/_arm_surface_contact_s.c
-- Symlinking: /home/mtouri/spot_ws/install/spot_msgs/local/lib/python3.10/dist-packages/spot_msgs/action/_execute_dance.py
-- Symlinking: /home/mtouri/spot_ws/install/spot_msgs/local/lib/python3.10/dist-packages/spot_msgs/action/_execute_dance_s.c
-- Symlinking: /home/mtouri/spot_ws/install/spot_msgs/local/lib/python3.10/dist-packages/spot_msgs/action/_manipulation.py
-- Symlinking: /home/mtouri/spot_ws/install/spot_msgs/local/lib/python3.10/dist-packages/spot_msgs/action/_manipulation_s.c
-- Symlinking: /home/mtouri/spot_ws/install/spot_msgs/local/lib/python3.10/dist-packages/spot_msgs/action/_navigate_to.py
-- Symlinking: /home/mtouri/spot_ws/install/spot_msgs/local/lib/python3.10/dist-packages/spot_msgs/action/_navigate_to_s.c
-- Symlinking: /home/mtouri/spot_ws/install/spot_msgs/local/lib/python3.10/dist-packages/spot_msgs/action/_robot_command.py
-- Symlinking: /home/mtouri/spot_ws/install/spot_msgs/local/lib/python3.10/dist-packages/spot_msgs/action/_robot_command_s.c
-- Symlinking: /home/mtouri/spot_ws/install/spot_msgs/local/lib/python3.10/dist-packages/spot_msgs/action/_trajectory.py
-- Symlinking: /home/mtouri/spot_ws/install/spot_msgs/local/lib/python3.10/dist-packages/spot_msgs/action/_trajectory_s.c
-- Symlinking: /home/mtouri/spot_ws/install/spot_msgs/local/lib/python3.10/dist-packages/spot_msgs/libspot_msgs__rosidl_generator_py.so
-- Symlinking: /home/mtouri/spot_ws/install/spot_msgs/local/lib/python3.10/dist-packages/spot_msgs/msg/__init__.py
-- Symlinking: /home/mtouri/spot_ws/install/spot_msgs/local/lib/python3.10/dist-packages/spot_msgs/msg/_battery_state.py
-- Symlinking: /home/mtouri/spot_ws/install/spot_msgs/local/lib/python3.10/dist-packages/spot_msgs/msg/_battery_state_array.py
-- Symlinking: /home/mtouri/spot_ws/install/spot_msgs/local/lib/python3.10/dist-packages/spot_msgs/msg/_battery_state_array_s.c
-- Symlinking: /home/mtouri/spot_ws/install/spot_msgs/local/lib/python3.10/dist-packages/spot_msgs/msg/_battery_state_s.c
-- Symlinking: /home/mtouri/spot_ws/install/spot_msgs/local/lib/python3.10/dist-packages/spot_msgs/msg/_behavior_fault.py
-- Symlinking: /home/mtouri/spot_ws/install/spot_msgs/local/lib/python3.10/dist-packages/spot_msgs/msg/_behavior_fault_s.c
-- Symlinking: /home/mtouri/spot_ws/install/spot_msgs/local/lib/python3.10/dist-packages/spot_msgs/msg/_behavior_fault_state.py
-- Symlinking: /home/mtouri/spot_ws/install/spot_msgs/local/lib/python3.10/dist-packages/spot_msgs/msg/_behavior_fault_state_s.c
-- Symlinking: /home/mtouri/spot_ws/install/spot_msgs/local/lib/python3.10/dist-packages/spot_msgs/msg/_e_stop_state.py
-- Symlinking: /home/mtouri/spot_ws/install/spot_msgs/local/lib/python3.10/dist-packages/spot_msgs/msg/_e_stop_state_array.py
-- Symlinking: /home/mtouri/spot_ws/install/spot_msgs/local/lib/python3.10/dist-packages/spot_msgs/msg/_e_stop_state_array_s.c
-- Symlinking: /home/mtouri/spot_ws/install/spot_msgs/local/lib/python3.10/dist-packages/spot_msgs/msg/_e_stop_state_s.c
-- Symlinking: /home/mtouri/spot_ws/install/spot_msgs/local/lib/python3.10/dist-packages/spot_msgs/msg/_feedback.py
-- Symlinking: /home/mtouri/spot_ws/install/spot_msgs/local/lib/python3.10/dist-packages/spot_msgs/msg/_feedback_s.c
-- Symlinking: /home/mtouri/spot_ws/install/spot_msgs/local/lib/python3.10/dist-packages/spot_msgs/msg/_foot_state.py
-- Symlinking: /home/mtouri/spot_ws/install/spot_msgs/local/lib/python3.10/dist-packages/spot_msgs/msg/_foot_state_array.py
-- Symlinking: /home/mtouri/spot_ws/install/spot_msgs/local/lib/python3.10/dist-packages/spot_msgs/msg/_foot_state_array_s.c
-- Symlinking: /home/mtouri/spot_ws/install/spot_msgs/local/lib/python3.10/dist-packages/spot_msgs/msg/_foot_state_s.c
-- Symlinking: /home/mtouri/spot_ws/install/spot_msgs/local/lib/python3.10/dist-packages/spot_msgs/msg/_joint_command.py
-- Symlinking: /home/mtouri/spot_ws/install/spot_msgs/local/lib/python3.10/dist-packages/spot_msgs/msg/_joint_command_s.c
-- Symlinking: /home/mtouri/spot_ws/install/spot_msgs/local/lib/python3.10/dist-packages/spot_msgs/msg/_lease.py
-- Symlinking: /home/mtouri/spot_ws/install/spot_msgs/local/lib/python3.10/dist-packages/spot_msgs/msg/_lease_array.py
-- Symlinking: /home/mtouri/spot_ws/install/spot_msgs/local/lib/python3.10/dist-packages/spot_msgs/msg/_lease_array_s.c
-- Symlinking: /home/mtouri/spot_ws/install/spot_msgs/local/lib/python3.10/dist-packages/spot_msgs/msg/_lease_owner.py
-- Symlinking: /home/mtouri/spot_ws/install/spot_msgs/local/lib/python3.10/dist-packages/spot_msgs/msg/_lease_owner_s.c
-- Symlinking: /home/mtouri/spot_ws/install/spot_msgs/local/lib/python3.10/dist-packages/spot_msgs/msg/_lease_resource.py
-- Symlinking: /home/mtouri/spot_ws/install/spot_msgs/local/lib/python3.10/dist-packages/spot_msgs/msg/_lease_resource_s.c
-- Symlinking: /home/mtouri/spot_ws/install/spot_msgs/local/lib/python3.10/dist-packages/spot_msgs/msg/_lease_s.c
-- Symlinking: /home/mtouri/spot_ws/install/spot_msgs/local/lib/python3.10/dist-packages/spot_msgs/msg/_metrics.py
-- Symlinking: /home/mtouri/spot_ws/install/spot_msgs/local/lib/python3.10/dist-packages/spot_msgs/msg/_metrics_s.c
-- Symlinking: /home/mtouri/spot_ws/install/spot_msgs/local/lib/python3.10/dist-packages/spot_msgs/msg/_mobility_params.py
-- Symlinking: /home/mtouri/spot_ws/install/spot_msgs/local/lib/python3.10/dist-packages/spot_msgs/msg/_mobility_params_s.c
-- Symlinking: /home/mtouri/spot_ws/install/spot_msgs/local/lib/python3.10/dist-packages/spot_msgs/msg/_power_state.py
-- Symlinking: /home/mtouri/spot_ws/install/spot_msgs/local/lib/python3.10/dist-packages/spot_msgs/msg/_power_state_s.c
-- Symlinking: /home/mtouri/spot_ws/install/spot_msgs/local/lib/python3.10/dist-packages/spot_msgs/msg/_system_fault.py
-- Symlinking: /home/mtouri/spot_ws/install/spot_msgs/local/lib/python3.10/dist-packages/spot_msgs/msg/_system_fault_s.c
-- Symlinking: /home/mtouri/spot_ws/install/spot_msgs/local/lib/python3.10/dist-packages/spot_msgs/msg/_system_fault_state.py
-- Symlinking: /home/mtouri/spot_ws/install/spot_msgs/local/lib/python3.10/dist-packages/spot_msgs/msg/_system_fault_state_s.c
-- Symlinking: /home/mtouri/spot_ws/install/spot_msgs/local/lib/python3.10/dist-packages/spot_msgs/msg/_wi_fi_state.py
-- Symlinking: /home/mtouri/spot_ws/install/spot_msgs/local/lib/python3.10/dist-packages/spot_msgs/msg/_wi_fi_state_s.c
-- Symlinking: /home/mtouri/spot_ws/install/spot_msgs/local/lib/python3.10/dist-packages/spot_msgs/spot_msgs_s__rosidl_typesupport_c.cpython-310-x86_64-linux-gnu.so
-- Symlinking: /home/mtouri/spot_ws/install/spot_msgs/local/lib/python3.10/dist-packages/spot_msgs/spot_msgs_s__rosidl_typesupport_fastrtps_c.cpython-310-x86_64-linux-gnu.so
-- Symlinking: /home/mtouri/spot_ws/install/spot_msgs/local/lib/python3.10/dist-packages/spot_msgs/spot_msgs_s__rosidl_typesupport_introspection_c.cpython-310-x86_64-linux-gnu.so
-- Symlinking: /home/mtouri/spot_ws/install/spot_msgs/local/lib/python3.10/dist-packages/spot_msgs/srv/__init__.py
-- Symlinking: /home/mtouri/spot_ws/install/spot_msgs/local/lib/python3.10/dist-packages/spot_msgs/srv/_acquire_lease.py
-- Symlinking: /home/mtouri/spot_ws/install/spot_msgs/local/lib/python3.10/dist-packages/spot_msgs/srv/_acquire_lease_s.c
-- Symlinking: /home/mtouri/spot_ws/install/spot_msgs/local/lib/python3.10/dist-packages/spot_msgs/srv/_choreography_recorded_state_to_animation.py
-- Symlinking: /home/mtouri/spot_ws/install/spot_msgs/local/lib/python3.10/dist-packages/spot_msgs/srv/_choreography_recorded_state_to_animation_s.c
-- Symlinking: /home/mtouri/spot_ws/install/spot_msgs/local/lib/python3.10/dist-packages/spot_msgs/srv/_choreography_start_recording_state.py
-- Symlinking: /home/mtouri/spot_ws/install/spot_msgs/local/lib/python3.10/dist-packages/spot_msgs/srv/_choreography_start_recording_state_s.c
-- Symlinking: /home/mtouri/spot_ws/install/spot_msgs/local/lib/python3.10/dist-packages/spot_msgs/srv/_choreography_stop_recording_state.py
-- Symlinking: /home/mtouri/spot_ws/install/spot_msgs/local/lib/python3.10/dist-packages/spot_msgs/srv/_choreography_stop_recording_state_s.c
-- Symlinking: /home/mtouri/spot_ws/install/spot_msgs/local/lib/python3.10/dist-packages/spot_msgs/srv/_clear_behavior_fault.py
-- Symlinking: /home/mtouri/spot_ws/install/spot_msgs/local/lib/python3.10/dist-packages/spot_msgs/srv/_clear_behavior_fault_s.c
-- Symlinking: /home/mtouri/spot_ws/install/spot_msgs/local/lib/python3.10/dist-packages/spot_msgs/srv/_delete_logpoint.py
-- Symlinking: /home/mtouri/spot_ws/install/spot_msgs/local/lib/python3.10/dist-packages/spot_msgs/srv/_delete_logpoint_s.c
-- Symlinking: /home/mtouri/spot_ws/install/spot_msgs/local/lib/python3.10/dist-packages/spot_msgs/srv/_delete_sound.py
-- Symlinking: /home/mtouri/spot_ws/install/spot_msgs/local/lib/python3.10/dist-packages/spot_msgs/srv/_delete_sound_s.c
-- Symlinking: /home/mtouri/spot_ws/install/spot_msgs/local/lib/python3.10/dist-packages/spot_msgs/srv/_dock.py
-- Symlinking: /home/mtouri/spot_ws/install/spot_msgs/local/lib/python3.10/dist-packages/spot_msgs/srv/_dock_s.c
-- Symlinking: /home/mtouri/spot_ws/install/spot_msgs/local/lib/python3.10/dist-packages/spot_msgs/srv/_get_choreography_status.py
-- Symlinking: /home/mtouri/spot_ws/install/spot_msgs/local/lib/python3.10/dist-packages/spot_msgs/srv/_get_choreography_status_s.c
-- Symlinking: /home/mtouri/spot_ws/install/spot_msgs/local/lib/python3.10/dist-packages/spot_msgs/srv/_get_gripper_camera_parameters.py
-- Symlinking: /home/mtouri/spot_ws/install/spot_msgs/local/lib/python3.10/dist-packages/spot_msgs/srv/_get_gripper_camera_parameters_s.c
-- Symlinking: /home/mtouri/spot_ws/install/spot_msgs/local/lib/python3.10/dist-packages/spot_msgs/srv/_get_inverse_kinematic_solutions.py
-- Symlinking: /home/mtouri/spot_ws/install/spot_msgs/local/lib/python3.10/dist-packages/spot_msgs/srv/_get_inverse_kinematic_solutions_s.c
-- Symlinking: /home/mtouri/spot_ws/install/spot_msgs/local/lib/python3.10/dist-packages/spot_msgs/srv/_get_led_brightness.py
-- Symlinking: /home/mtouri/spot_ws/install/spot_msgs/local/lib/python3.10/dist-packages/spot_msgs/srv/_get_led_brightness_s.c
-- Symlinking: /home/mtouri/spot_ws/install/spot_msgs/local/lib/python3.10/dist-packages/spot_msgs/srv/_get_logpoint_status.py
-- Symlinking: /home/mtouri/spot_ws/install/spot_msgs/local/lib/python3.10/dist-packages/spot_msgs/srv/_get_logpoint_status_s.c
-- Symlinking: /home/mtouri/spot_ws/install/spot_msgs/local/lib/python3.10/dist-packages/spot_msgs/srv/_get_ptz_position.py
-- Symlinking: /home/mtouri/spot_ws/install/spot_msgs/local/lib/python3.10/dist-packages/spot_msgs/srv/_get_ptz_position_s.c
-- Symlinking: /home/mtouri/spot_ws/install/spot_msgs/local/lib/python3.10/dist-packages/spot_msgs/srv/_get_volume.py
-- Symlinking: /home/mtouri/spot_ws/install/spot_msgs/local/lib/python3.10/dist-packages/spot_msgs/srv/_get_volume_s.c
-- Symlinking: /home/mtouri/spot_ws/install/spot_msgs/local/lib/python3.10/dist-packages/spot_msgs/srv/_graph_nav_clear_graph.py
-- Symlinking: /home/mtouri/spot_ws/install/spot_msgs/local/lib/python3.10/dist-packages/spot_msgs/srv/_graph_nav_clear_graph_s.c
-- Symlinking: /home/mtouri/spot_ws/install/spot_msgs/local/lib/python3.10/dist-packages/spot_msgs/srv/_graph_nav_get_localization_pose.py
-- Symlinking: /home/mtouri/spot_ws/install/spot_msgs/local/lib/python3.10/dist-packages/spot_msgs/srv/_graph_nav_get_localization_pose_s.c
-- Symlinking: /home/mtouri/spot_ws/install/spot_msgs/local/lib/python3.10/dist-packages/spot_msgs/srv/_graph_nav_set_localization.py
-- Symlinking: /home/mtouri/spot_ws/install/spot_msgs/local/lib/python3.10/dist-packages/spot_msgs/srv/_graph_nav_set_localization_s.c
-- Symlinking: /home/mtouri/spot_ws/install/spot_msgs/local/lib/python3.10/dist-packages/spot_msgs/srv/_graph_nav_upload_graph.py
-- Symlinking: /home/mtouri/spot_ws/install/spot_msgs/local/lib/python3.10/dist-packages/spot_msgs/srv/_graph_nav_upload_graph_s.c
-- Symlinking: /home/mtouri/spot_ws/install/spot_msgs/local/lib/python3.10/dist-packages/spot_msgs/srv/_initialize_lens.py
-- Symlinking: /home/mtouri/spot_ws/install/spot_msgs/local/lib/python3.10/dist-packages/spot_msgs/srv/_initialize_lens_s.c
-- Symlinking: /home/mtouri/spot_ws/install/spot_msgs/local/lib/python3.10/dist-packages/spot_msgs/srv/_list_all_dances.py
-- Symlinking: /home/mtouri/spot_ws/install/spot_msgs/local/lib/python3.10/dist-packages/spot_msgs/srv/_list_all_dances_s.c
-- Symlinking: /home/mtouri/spot_ws/install/spot_msgs/local/lib/python3.10/dist-packages/spot_msgs/srv/_list_all_moves.py
-- Symlinking: /home/mtouri/spot_ws/install/spot_msgs/local/lib/python3.10/dist-packages/spot_msgs/srv/_list_all_moves_s.c
-- Symlinking: /home/mtouri/spot_ws/install/spot_msgs/local/lib/python3.10/dist-packages/spot_msgs/srv/_list_cameras.py
-- Symlinking: /home/mtouri/spot_ws/install/spot_msgs/local/lib/python3.10/dist-packages/spot_msgs/srv/_list_cameras_s.c
-- Symlinking: /home/mtouri/spot_ws/install/spot_msgs/local/lib/python3.10/dist-packages/spot_msgs/srv/_list_graph.py
-- Symlinking: /home/mtouri/spot_ws/install/spot_msgs/local/lib/python3.10/dist-packages/spot_msgs/srv/_list_graph_s.c
-- Symlinking: /home/mtouri/spot_ws/install/spot_msgs/local/lib/python3.10/dist-packages/spot_msgs/srv/_list_logpoints.py
-- Symlinking: /home/mtouri/spot_ws/install/spot_msgs/local/lib/python3.10/dist-packages/spot_msgs/srv/_list_logpoints_s.c
-- Symlinking: /home/mtouri/spot_ws/install/spot_msgs/local/lib/python3.10/dist-packages/spot_msgs/srv/_list_ptz.py
-- Symlinking: /home/mtouri/spot_ws/install/spot_msgs/local/lib/python3.10/dist-packages/spot_msgs/srv/_list_ptz_s.c
-- Symlinking: /home/mtouri/spot_ws/install/spot_msgs/local/lib/python3.10/dist-packages/spot_msgs/srv/_list_sounds.py
-- Symlinking: /home/mtouri/spot_ws/install/spot_msgs/local/lib/python3.10/dist-packages/spot_msgs/srv/_list_sounds_s.c
-- Symlinking: /home/mtouri/spot_ws/install/spot_msgs/local/lib/python3.10/dist-packages/spot_msgs/srv/_list_world_objects.py
-- Symlinking: /home/mtouri/spot_ws/install/spot_msgs/local/lib/python3.10/dist-packages/spot_msgs/srv/_list_world_objects_s.c
-- Symlinking: /home/mtouri/spot_ws/install/spot_msgs/local/lib/python3.10/dist-packages/spot_msgs/srv/_load_sound.py
-- Symlinking: /home/mtouri/spot_ws/install/spot_msgs/local/lib/python3.10/dist-packages/spot_msgs/srv/_load_sound_s.c
-- Symlinking: /home/mtouri/spot_ws/install/spot_msgs/local/lib/python3.10/dist-packages/spot_msgs/srv/_mutate_world_object.py
-- Symlinking: /home/mtouri/spot_ws/install/spot_msgs/local/lib/python3.10/dist-packages/spot_msgs/srv/_mutate_world_object_s.c
-- Symlinking: /home/mtouri/spot_ws/install/spot_msgs/local/lib/python3.10/dist-packages/spot_msgs/srv/_override_grasp_or_carry.py
-- Symlinking: /home/mtouri/spot_ws/install/spot_msgs/local/lib/python3.10/dist-packages/spot_msgs/srv/_override_grasp_or_carry_s.c
-- Symlinking: /home/mtouri/spot_ws/install/spot_msgs/local/lib/python3.10/dist-packages/spot_msgs/srv/_play_sound.py
-- Symlinking: /home/mtouri/spot_ws/install/spot_msgs/local/lib/python3.10/dist-packages/spot_msgs/srv/_play_sound_s.c
-- Symlinking: /home/mtouri/spot_ws/install/spot_msgs/local/lib/python3.10/dist-packages/spot_msgs/srv/_retrieve_logpoint.py
-- Symlinking: /home/mtouri/spot_ws/install/spot_msgs/local/lib/python3.10/dist-packages/spot_msgs/srv/_retrieve_logpoint_s.c
-- Symlinking: /home/mtouri/spot_ws/install/spot_msgs/local/lib/python3.10/dist-packages/spot_msgs/srv/_return_lease.py
-- Symlinking: /home/mtouri/spot_ws/install/spot_msgs/local/lib/python3.10/dist-packages/spot_msgs/srv/_return_lease_s.c
-- Symlinking: /home/mtouri/spot_ws/install/spot_msgs/local/lib/python3.10/dist-packages/spot_msgs/srv/_robot_command.py
-- Symlinking: /home/mtouri/spot_ws/install/spot_msgs/local/lib/python3.10/dist-packages/spot_msgs/srv/_robot_command_s.c
-- Symlinking: /home/mtouri/spot_ws/install/spot_msgs/local/lib/python3.10/dist-packages/spot_msgs/srv/_set_gripper_angle.py
-- Symlinking: /home/mtouri/spot_ws/install/spot_msgs/local/lib/python3.10/dist-packages/spot_msgs/srv/_set_gripper_angle_s.c
-- Symlinking: /home/mtouri/spot_ws/install/spot_msgs/local/lib/python3.10/dist-packages/spot_msgs/srv/_set_gripper_camera_parameters.py
-- Symlinking: /home/mtouri/spot_ws/install/spot_msgs/local/lib/python3.10/dist-packages/spot_msgs/srv/_set_gripper_camera_parameters_s.c
-- Symlinking: /home/mtouri/spot_ws/install/spot_msgs/local/lib/python3.10/dist-packages/spot_msgs/srv/_set_led_brightness.py
-- Symlinking: /home/mtouri/spot_ws/install/spot_msgs/local/lib/python3.10/dist-packages/spot_msgs/srv/_set_led_brightness_s.c
-- Symlinking: /home/mtouri/spot_ws/install/spot_msgs/local/lib/python3.10/dist-packages/spot_msgs/srv/_set_locomotion.py
-- Symlinking: /home/mtouri/spot_ws/install/spot_msgs/local/lib/python3.10/dist-packages/spot_msgs/srv/_set_locomotion_s.c
-- Symlinking: /home/mtouri/spot_ws/install/spot_msgs/local/lib/python3.10/dist-packages/spot_msgs/srv/_set_ptz_position.py
-- Symlinking: /home/mtouri/spot_ws/install/spot_msgs/local/lib/python3.10/dist-packages/spot_msgs/srv/_set_ptz_position_s.c
-- Symlinking: /home/mtouri/spot_ws/install/spot_msgs/local/lib/python3.10/dist-packages/spot_msgs/srv/_set_stairs_mode.py
-- Symlinking: /home/mtouri/spot_ws/install/spot_msgs/local/lib/python3.10/dist-packages/spot_msgs/srv/_set_stairs_mode_s.c
-- Symlinking: /home/mtouri/spot_ws/install/spot_msgs/local/lib/python3.10/dist-packages/spot_msgs/srv/_set_stand_height.py
-- Symlinking: /home/mtouri/spot_ws/install/spot_msgs/local/lib/python3.10/dist-packages/spot_msgs/srv/_set_stand_height_s.c
-- Symlinking: /home/mtouri/spot_ws/install/spot_msgs/local/lib/python3.10/dist-packages/spot_msgs/srv/_set_velocity.py
-- Symlinking: /home/mtouri/spot_ws/install/spot_msgs/local/lib/python3.10/dist-packages/spot_msgs/srv/_set_velocity_s.c
-- Symlinking: /home/mtouri/spot_ws/install/spot_msgs/local/lib/python3.10/dist-packages/spot_msgs/srv/_set_volume.py
-- Symlinking: /home/mtouri/spot_ws/install/spot_msgs/local/lib/python3.10/dist-packages/spot_msgs/srv/_set_volume_s.c
-- Symlinking: /home/mtouri/spot_ws/install/spot_msgs/local/lib/python3.10/dist-packages/spot_msgs/srv/_store_logpoint.py
-- Symlinking: /home/mtouri/spot_ws/install/spot_msgs/local/lib/python3.10/dist-packages/spot_msgs/srv/_store_logpoint_s.c
-- Symlinking: /home/mtouri/spot_ws/install/spot_msgs/local/lib/python3.10/dist-packages/spot_msgs/srv/_tag_logpoint.py
-- Symlinking: /home/mtouri/spot_ws/install/spot_msgs/local/lib/python3.10/dist-packages/spot_msgs/srv/_tag_logpoint_s.c
-- Symlinking: /home/mtouri/spot_ws/install/spot_msgs/local/lib/python3.10/dist-packages/spot_msgs/srv/_upload_animation.py
-- Symlinking: /home/mtouri/spot_ws/install/spot_msgs/local/lib/python3.10/dist-packages/spot_msgs/srv/_upload_animation_s.c
-- Symlinking: /home/mtouri/spot_ws/install/spot_msgs/local/lib/python3.10/dist-packages/spot_msgs/srv/_upload_sequence.py
-- Symlinking: /home/mtouri/spot_ws/install/spot_msgs/local/lib/python3.10/dist-packages/spot_msgs/srv/_upload_sequence_s.c
-- Up-to-date symlink: /home/mtouri/spot_ws/install/spot_msgs/local/lib/python3.10/dist-packages/spot_msgs/spot_msgs_s__rosidl_typesupport_fastrtps_c.cpython-310-x86_64-linux-gnu.so
-- Up-to-date symlink: /home/mtouri/spot_ws/install/spot_msgs/local/lib/python3.10/dist-packages/spot_msgs/spot_msgs_s__rosidl_typesupport_introspection_c.cpython-310-x86_64-linux-gnu.so
-- Up-to-date symlink: /home/mtouri/spot_ws/install/spot_msgs/local/lib/python3.10/dist-packages/spot_msgs/spot_msgs_s__rosidl_typesupport_c.cpython-310-x86_64-linux-gnu.so
-- Symlinking: /home/mtouri/spot_ws/install/spot_msgs/share/ament_index/resource_index/rust_packages/spot_msgs
-- Symlinking: /home/mtouri/spot_ws/install/spot_msgs/share/spot_msgs/rust/Cargo.toml
-- Symlinking: /home/mtouri/spot_ws/install/spot_msgs/share/spot_msgs/rust/build.rs
-- Symlinking: /home/mtouri/spot_ws/install/spot_msgs/share/spot_msgs/rust/src/action.rs
-- Symlinking: /home/mtouri/spot_ws/install/spot_msgs/share/spot_msgs/rust/src/action/rmw.rs
-- Symlinking: /home/mtouri/spot_ws/install/spot_msgs/share/spot_msgs/rust/src/lib.rs
-- Symlinking: /home/mtouri/spot_ws/install/spot_msgs/share/spot_msgs/rust/src/msg.rs
-- Symlinking: /home/mtouri/spot_ws/install/spot_msgs/share/spot_msgs/rust/src/msg/rmw.rs
-- Symlinking: /home/mtouri/spot_ws/install/spot_msgs/share/spot_msgs/rust/src/srv.rs
-- Symlinking: /home/mtouri/spot_ws/install/spot_msgs/share/spot_msgs/rust/src/srv/rmw.rs
-- Symlinking: /home/mtouri/spot_ws/install/spot_msgs/share/spot_msgs/msg/BatteryStateArray.idl
-- Symlinking: /home/mtouri/spot_ws/install/spot_msgs/share/spot_msgs/msg/BehaviorFault.idl
-- Symlinking: /home/mtouri/spot_ws/install/spot_msgs/share/spot_msgs/msg/EStopStateArray.idl
-- Symlinking: /home/mtouri/spot_ws/install/spot_msgs/share/spot_msgs/msg/FootStateArray.idl
-- Symlinking: /home/mtouri/spot_ws/install/spot_msgs/share/spot_msgs/msg/LeaseArray.idl
-- Symlinking: /home/mtouri/spot_ws/install/spot_msgs/share/spot_msgs/msg/LeaseOwner.idl
-- Symlinking: /home/mtouri/spot_ws/install/spot_msgs/share/spot_msgs/msg/Metrics.idl
-- Symlinking: /home/mtouri/spot_ws/install/spot_msgs/share/spot_msgs/msg/MobilityParams.idl
-- Symlinking: /home/mtouri/spot_ws/install/spot_msgs/share/spot_msgs/msg/SystemFault.idl
-- Symlinking: /home/mtouri/spot_ws/install/spot_msgs/share/spot_msgs/msg/WiFiState.idl
-- Symlinking: /home/mtouri/spot_ws/install/spot_msgs/share/spot_msgs/msg/BatteryState.idl
-- Symlinking: /home/mtouri/spot_ws/install/spot_msgs/share/spot_msgs/msg/BehaviorFaultState.idl
-- Symlinking: /home/mtouri/spot_ws/install/spot_msgs/share/spot_msgs/msg/EStopState.idl
-- Symlinking: /home/mtouri/spot_ws/install/spot_msgs/share/spot_msgs/msg/Feedback.idl
-- Symlinking: /home/mtouri/spot_ws/install/spot_msgs/share/spot_msgs/msg/FootState.idl
-- Symlinking: /home/mtouri/spot_ws/install/spot_msgs/share/spot_msgs/msg/JointCommand.idl
-- Symlinking: /home/mtouri/spot_ws/install/spot_msgs/share/spot_msgs/msg/Lease.idl
-- Symlinking: /home/mtouri/spot_ws/install/spot_msgs/share/spot_msgs/msg/LeaseResource.idl
-- Symlinking: /home/mtouri/spot_ws/install/spot_msgs/share/spot_msgs/msg/PowerState.idl
-- Symlinking: /home/mtouri/spot_ws/install/spot_msgs/share/spot_msgs/msg/SystemFaultState.idl
-- Symlinking: /home/mtouri/spot_ws/install/spot_msgs/share/spot_msgs/srv/AcquireLease.idl
-- Symlinking: /home/mtouri/spot_ws/install/spot_msgs/share/spot_msgs/srv/ChoreographyRecordedStateToAnimation.idl
-- Symlinking: /home/mtouri/spot_ws/install/spot_msgs/share/spot_msgs/srv/ChoreographyStartRecordingState.idl
-- Symlinking: /home/mtouri/spot_ws/install/spot_msgs/share/spot_msgs/srv/ChoreographyStopRecordingState.idl
-- Symlinking: /home/mtouri/spot_ws/install/spot_msgs/share/spot_msgs/srv/GetChoreographyStatus.idl
-- Symlinking: /home/mtouri/spot_ws/install/spot_msgs/share/spot_msgs/srv/GetInverseKinematicSolutions.idl
-- Symlinking: /home/mtouri/spot_ws/install/spot_msgs/share/spot_msgs/srv/ListGraph.idl
-- Symlinking: /home/mtouri/spot_ws/install/spot_msgs/share/spot_msgs/srv/ListWorldObjects.idl
-- Symlinking: /home/mtouri/spot_ws/install/spot_msgs/share/spot_msgs/srv/ReturnLease.idl
-- Symlinking: /home/mtouri/spot_ws/install/spot_msgs/share/spot_msgs/srv/SetLocomotion.idl
-- Symlinking: /home/mtouri/spot_ws/install/spot_msgs/share/spot_msgs/srv/SetVelocity.idl
-- Symlinking: /home/mtouri/spot_ws/install/spot_msgs/share/spot_msgs/srv/ListAllDances.idl
-- Symlinking: /home/mtouri/spot_ws/install/spot_msgs/share/spot_msgs/srv/ListAllMoves.idl
-- Symlinking: /home/mtouri/spot_ws/install/spot_msgs/share/spot_msgs/srv/UploadAnimation.idl
-- Symlinking: /home/mtouri/spot_ws/install/spot_msgs/share/spot_msgs/srv/UploadSequence.idl
-- Symlinking: /home/mtouri/spot_ws/install/spot_msgs/share/spot_msgs/srv/ClearBehaviorFault.idl
-- Symlinking: /home/mtouri/spot_ws/install/spot_msgs/share/spot_msgs/srv/ListSounds.idl
-- Symlinking: /home/mtouri/spot_ws/install/spot_msgs/share/spot_msgs/srv/LoadSound.idl
-- Symlinking: /home/mtouri/spot_ws/install/spot_msgs/share/spot_msgs/srv/PlaySound.idl
-- Symlinking: /home/mtouri/spot_ws/install/spot_msgs/share/spot_msgs/srv/DeleteSound.idl
-- Symlinking: /home/mtouri/spot_ws/install/spot_msgs/share/spot_msgs/srv/GetVolume.idl
-- Symlinking: /home/mtouri/spot_ws/install/spot_msgs/share/spot_msgs/srv/SetVolume.idl
-- Symlinking: /home/mtouri/spot_ws/install/spot_msgs/share/spot_msgs/srv/ListPtz.idl
-- Symlinking: /home/mtouri/spot_ws/install/spot_msgs/share/spot_msgs/srv/GetPtzPosition.idl
-- Symlinking: /home/mtouri/spot_ws/install/spot_msgs/share/spot_msgs/srv/SetPtzPosition.idl
-- Symlinking: /home/mtouri/spot_ws/install/spot_msgs/share/spot_msgs/srv/InitializeLens.idl
-- Symlinking: /home/mtouri/spot_ws/install/spot_msgs/share/spot_msgs/srv/DeleteLogpoint.idl
-- Symlinking: /home/mtouri/spot_ws/install/spot_msgs/share/spot_msgs/srv/GetLogpointStatus.idl
-- Symlinking: /home/mtouri/spot_ws/install/spot_msgs/share/spot_msgs/srv/ListCameras.idl
-- Symlinking: /home/mtouri/spot_ws/install/spot_msgs/share/spot_msgs/srv/ListLogpoints.idl
-- Symlinking: /home/mtouri/spot_ws/install/spot_msgs/share/spot_msgs/srv/RetrieveLogpoint.idl
-- Symlinking: /home/mtouri/spot_ws/install/spot_msgs/share/spot_msgs/srv/RobotCommand.idl
-- Symlinking: /home/mtouri/spot_ws/install/spot_msgs/share/spot_msgs/srv/SetGripperAngle.idl
-- Symlinking: /home/mtouri/spot_ws/install/spot_msgs/share/spot_msgs/srv/StoreLogpoint.idl
-- Symlinking: /home/mtouri/spot_ws/install/spot_msgs/share/spot_msgs/srv/TagLogpoint.idl
-- Symlinking: /home/mtouri/spot_ws/install/spot_msgs/share/spot_msgs/srv/GetLEDBrightness.idl
-- Symlinking: /home/mtouri/spot_ws/install/spot_msgs/share/spot_msgs/srv/SetLEDBrightness.idl
-- Symlinking: /home/mtouri/spot_ws/install/spot_msgs/share/spot_msgs/srv/GraphNavUploadGraph.idl
-- Symlinking: /home/mtouri/spot_ws/install/spot_msgs/share/spot_msgs/srv/GraphNavClearGraph.idl
-- Symlinking: /home/mtouri/spot_ws/install/spot_msgs/share/spot_msgs/srv/GraphNavSetLocalization.idl
-- Symlinking: /home/mtouri/spot_ws/install/spot_msgs/share/spot_msgs/srv/GraphNavGetLocalizationPose.idl
-- Symlinking: /home/mtouri/spot_ws/install/spot_msgs/share/spot_msgs/srv/Dock.idl
-- Symlinking: /home/mtouri/spot_ws/install/spot_msgs/share/spot_msgs/srv/GetGripperCameraParameters.idl
-- Symlinking: /home/mtouri/spot_ws/install/spot_msgs/share/spot_msgs/srv/SetGripperCameraParameters.idl
-- Symlinking: /home/mtouri/spot_ws/install/spot_msgs/share/spot_msgs/srv/OverrideGraspOrCarry.idl
-- Symlinking: /home/mtouri/spot_ws/install/spot_msgs/share/spot_msgs/srv/SetStandHeight.idl
-- Symlinking: /home/mtouri/spot_ws/install/spot_msgs/share/spot_msgs/srv/SetStairsMode.idl
-- Symlinking: /home/mtouri/spot_ws/install/spot_msgs/share/spot_msgs/srv/MutateWorldObject.idl
-- Symlinking: /home/mtouri/spot_ws/install/spot_msgs/share/spot_msgs/action/ArmSurfaceContact.idl
-- Symlinking: /home/mtouri/spot_ws/install/spot_msgs/share/spot_msgs/action/ExecuteDance.idl
-- Symlinking: /home/mtouri/spot_ws/install/spot_msgs/share/spot_msgs/action/NavigateTo.idl
-- Symlinking: /home/mtouri/spot_ws/install/spot_msgs/share/spot_msgs/action/RobotCommand.idl
-- Symlinking: /home/mtouri/spot_ws/install/spot_msgs/share/spot_msgs/action/Trajectory.idl
-- Symlinking: /home/mtouri/spot_ws/install/spot_msgs/share/spot_msgs/action/Manipulation.idl
-- Symlinking: /home/mtouri/spot_ws/install/spot_msgs/share/spot_msgs/msg/BatteryStateArray.msg
-- Symlinking: /home/mtouri/spot_ws/install/spot_msgs/share/spot_msgs/msg/BehaviorFault.msg
-- Symlinking: /home/mtouri/spot_ws/install/spot_msgs/share/spot_msgs/msg/EStopStateArray.msg
-- Symlinking: /home/mtouri/spot_ws/install/spot_msgs/share/spot_msgs/msg/FootStateArray.msg
-- Symlinking: /home/mtouri/spot_ws/install/spot_msgs/share/spot_msgs/msg/LeaseArray.msg
-- Symlinking: /home/mtouri/spot_ws/install/spot_msgs/share/spot_msgs/msg/LeaseOwner.msg
-- Symlinking: /home/mtouri/spot_ws/install/spot_msgs/share/spot_msgs/msg/Metrics.msg
-- Symlinking: /home/mtouri/spot_ws/install/spot_msgs/share/spot_msgs/msg/MobilityParams.msg
-- Symlinking: /home/mtouri/spot_ws/install/spot_msgs/share/spot_msgs/msg/SystemFault.msg
-- Symlinking: /home/mtouri/spot_ws/install/spot_msgs/share/spot_msgs/msg/WiFiState.msg
-- Symlinking: /home/mtouri/spot_ws/install/spot_msgs/share/spot_msgs/msg/BatteryState.msg
-- Symlinking: /home/mtouri/spot_ws/install/spot_msgs/share/spot_msgs/msg/BehaviorFaultState.msg
-- Symlinking: /home/mtouri/spot_ws/install/spot_msgs/share/spot_msgs/msg/EStopState.msg
-- Symlinking: /home/mtouri/spot_ws/install/spot_msgs/share/spot_msgs/msg/Feedback.msg
-- Symlinking: /home/mtouri/spot_ws/install/spot_msgs/share/spot_msgs/msg/FootState.msg
-- Symlinking: /home/mtouri/spot_ws/install/spot_msgs/share/spot_msgs/msg/JointCommand.msg
-- Symlinking: /home/mtouri/spot_ws/install/spot_msgs/share/spot_msgs/msg/Lease.msg
-- Symlinking: /home/mtouri/spot_ws/install/spot_msgs/share/spot_msgs/msg/LeaseResource.msg
-- Symlinking: /home/mtouri/spot_ws/install/spot_msgs/share/spot_msgs/msg/PowerState.msg
-- Symlinking: /home/mtouri/spot_ws/install/spot_msgs/share/spot_msgs/msg/SystemFaultState.msg
-- Symlinking: /home/mtouri/spot_ws/install/spot_msgs/share/spot_msgs/srv/AcquireLease.srv
-- Symlinking: /home/mtouri/spot_ws/install/spot_msgs/share/spot_msgs/srv/AcquireLease_Request.msg
-- Symlinking: /home/mtouri/spot_ws/install/spot_msgs/share/spot_msgs/srv/AcquireLease_Response.msg
-- Symlinking: /home/mtouri/spot_ws/install/spot_msgs/share/spot_msgs/srv/ChoreographyRecordedStateToAnimation.srv
-- Symlinking: /home/mtouri/spot_ws/install/spot_msgs/share/spot_msgs/srv/ChoreographyRecordedStateToAnimation_Request.msg
-- Symlinking: /home/mtouri/spot_ws/install/spot_msgs/share/spot_msgs/srv/ChoreographyRecordedStateToAnimation_Response.msg
-- Symlinking: /home/mtouri/spot_ws/install/spot_msgs/share/spot_msgs/srv/ChoreographyStartRecordingState.srv
-- Symlinking: /home/mtouri/spot_ws/install/spot_msgs/share/spot_msgs/srv/ChoreographyStartRecordingState_Request.msg
-- Symlinking: /home/mtouri/spot_ws/install/spot_msgs/share/spot_msgs/srv/ChoreographyStartRecordingState_Response.msg
-- Symlinking: /home/mtouri/spot_ws/install/spot_msgs/share/spot_msgs/srv/ChoreographyStopRecordingState.srv
-- Symlinking: /home/mtouri/spot_ws/install/spot_msgs/share/spot_msgs/srv/ChoreographyStopRecordingState_Request.msg
-- Symlinking: /home/mtouri/spot_ws/install/spot_msgs/share/spot_msgs/srv/ChoreographyStopRecordingState_Response.msg
-- Symlinking: /home/mtouri/spot_ws/install/spot_msgs/share/spot_msgs/srv/GetChoreographyStatus.srv
-- Symlinking: /home/mtouri/spot_ws/install/spot_msgs/share/spot_msgs/srv/GetChoreographyStatus_Request.msg
-- Symlinking: /home/mtouri/spot_ws/install/spot_msgs/share/spot_msgs/srv/GetChoreographyStatus_Response.msg
-- Symlinking: /home/mtouri/spot_ws/install/spot_msgs/share/spot_msgs/srv/GetInverseKinematicSolutions.srv
-- Symlinking: /home/mtouri/spot_ws/install/spot_msgs/share/spot_msgs/srv/GetInverseKinematicSolutions_Request.msg
-- Symlinking: /home/mtouri/spot_ws/install/spot_msgs/share/spot_msgs/srv/GetInverseKinematicSolutions_Response.msg
-- Symlinking: /home/mtouri/spot_ws/install/spot_msgs/share/spot_msgs/srv/ListGraph.srv
-- Symlinking: /home/mtouri/spot_ws/install/spot_msgs/share/spot_msgs/srv/ListGraph_Request.msg
-- Symlinking: /home/mtouri/spot_ws/install/spot_msgs/share/spot_msgs/srv/ListGraph_Response.msg
-- Symlinking: /home/mtouri/spot_ws/install/spot_msgs/share/spot_msgs/srv/ListWorldObjects.srv
-- Symlinking: /home/mtouri/spot_ws/install/spot_msgs/share/spot_msgs/srv/ListWorldObjects_Request.msg
-- Symlinking: /home/mtouri/spot_ws/install/spot_msgs/share/spot_msgs/srv/ListWorldObjects_Response.msg
-- Symlinking: /home/mtouri/spot_ws/install/spot_msgs/share/spot_msgs/srv/ReturnLease.srv
-- Symlinking: /home/mtouri/spot_ws/install/spot_msgs/share/spot_msgs/srv/ReturnLease_Request.msg
-- Symlinking: /home/mtouri/spot_ws/install/spot_msgs/share/spot_msgs/srv/ReturnLease_Response.msg
-- Symlinking: /home/mtouri/spot_ws/install/spot_msgs/share/spot_msgs/srv/SetLocomotion.srv
-- Symlinking: /home/mtouri/spot_ws/install/spot_msgs/share/spot_msgs/srv/SetLocomotion_Request.msg
-- Symlinking: /home/mtouri/spot_ws/install/spot_msgs/share/spot_msgs/srv/SetLocomotion_Response.msg
-- Symlinking: /home/mtouri/spot_ws/install/spot_msgs/share/spot_msgs/srv/SetVelocity.srv
-- Symlinking: /home/mtouri/spot_ws/install/spot_msgs/share/spot_msgs/srv/SetVelocity_Request.msg
-- Symlinking: /home/mtouri/spot_ws/install/spot_msgs/share/spot_msgs/srv/SetVelocity_Response.msg
-- Symlinking: /home/mtouri/spot_ws/install/spot_msgs/share/spot_msgs/srv/ListAllDances.srv
-- Symlinking: /home/mtouri/spot_ws/install/spot_msgs/share/spot_msgs/srv/ListAllDances_Request.msg
-- Symlinking: /home/mtouri/spot_ws/install/spot_msgs/share/spot_msgs/srv/ListAllDances_Response.msg
-- Symlinking: /home/mtouri/spot_ws/install/spot_msgs/share/spot_msgs/srv/ListAllMoves.srv
-- Symlinking: /home/mtouri/spot_ws/install/spot_msgs/share/spot_msgs/srv/ListAllMoves_Request.msg
-- Symlinking: /home/mtouri/spot_ws/install/spot_msgs/share/spot_msgs/srv/ListAllMoves_Response.msg
-- Symlinking: /home/mtouri/spot_ws/install/spot_msgs/share/spot_msgs/srv/UploadAnimation.srv
-- Symlinking: /home/mtouri/spot_ws/install/spot_msgs/share/spot_msgs/srv/UploadAnimation_Request.msg
-- Symlinking: /home/mtouri/spot_ws/install/spot_msgs/share/spot_msgs/srv/UploadAnimation_Response.msg
-- Symlinking: /home/mtouri/spot_ws/install/spot_msgs/share/spot_msgs/srv/UploadSequence.srv
-- Symlinking: /home/mtouri/spot_ws/install/spot_msgs/share/spot_msgs/srv/UploadSequence_Request.msg
-- Symlinking: /home/mtouri/spot_ws/install/spot_msgs/share/spot_msgs/srv/UploadSequence_Response.msg
-- Symlinking: /home/mtouri/spot_ws/install/spot_msgs/share/spot_msgs/srv/ClearBehaviorFault.srv
-- Symlinking: /home/mtouri/spot_ws/install/spot_msgs/share/spot_msgs/srv/ClearBehaviorFault_Request.msg
-- Symlinking: /home/mtouri/spot_ws/install/spot_msgs/share/spot_msgs/srv/ClearBehaviorFault_Response.msg
-- Symlinking: /home/mtouri/spot_ws/install/spot_msgs/share/spot_msgs/srv/ListSounds.srv
-- Symlinking: /home/mtouri/spot_ws/install/spot_msgs/share/spot_msgs/srv/ListSounds_Request.msg
-- Symlinking: /home/mtouri/spot_ws/install/spot_msgs/share/spot_msgs/srv/ListSounds_Response.msg
-- Symlinking: /home/mtouri/spot_ws/install/spot_msgs/share/spot_msgs/srv/LoadSound.srv
-- Symlinking: /home/mtouri/spot_ws/install/spot_msgs/share/spot_msgs/srv/LoadSound_Request.msg
-- Symlinking: /home/mtouri/spot_ws/install/spot_msgs/share/spot_msgs/srv/LoadSound_Response.msg
-- Symlinking: /home/mtouri/spot_ws/install/spot_msgs/share/spot_msgs/srv/PlaySound.srv
-- Symlinking: /home/mtouri/spot_ws/install/spot_msgs/share/spot_msgs/srv/PlaySound_Request.msg
-- Symlinking: /home/mtouri/spot_ws/install/spot_msgs/share/spot_msgs/srv/PlaySound_Response.msg
-- Symlinking: /home/mtouri/spot_ws/install/spot_msgs/share/spot_msgs/srv/DeleteSound.srv
-- Symlinking: /home/mtouri/spot_ws/install/spot_msgs/share/spot_msgs/srv/DeleteSound_Request.msg
-- Symlinking: /home/mtouri/spot_ws/install/spot_msgs/share/spot_msgs/srv/DeleteSound_Response.msg
-- Symlinking: /home/mtouri/spot_ws/install/spot_msgs/share/spot_msgs/srv/GetVolume.srv
-- Symlinking: /home/mtouri/spot_ws/install/spot_msgs/share/spot_msgs/srv/GetVolume_Request.msg
-- Symlinking: /home/mtouri/spot_ws/install/spot_msgs/share/spot_msgs/srv/GetVolume_Response.msg
-- Symlinking: /home/mtouri/spot_ws/install/spot_msgs/share/spot_msgs/srv/SetVolume.srv
-- Symlinking: /home/mtouri/spot_ws/install/spot_msgs/share/spot_msgs/srv/SetVolume_Request.msg
-- Symlinking: /home/mtouri/spot_ws/install/spot_msgs/share/spot_msgs/srv/SetVolume_Response.msg
-- Symlinking: /home/mtouri/spot_ws/install/spot_msgs/share/spot_msgs/srv/ListPtz.srv
-- Symlinking: /home/mtouri/spot_ws/install/spot_msgs/share/spot_msgs/srv/ListPtz_Request.msg
-- Symlinking: /home/mtouri/spot_ws/install/spot_msgs/share/spot_msgs/srv/ListPtz_Response.msg
-- Symlinking: /home/mtouri/spot_ws/install/spot_msgs/share/spot_msgs/srv/GetPtzPosition.srv
-- Symlinking: /home/mtouri/spot_ws/install/spot_msgs/share/spot_msgs/srv/GetPtzPosition_Request.msg
-- Symlinking: /home/mtouri/spot_ws/install/spot_msgs/share/spot_msgs/srv/GetPtzPosition_Response.msg
-- Symlinking: /home/mtouri/spot_ws/install/spot_msgs/share/spot_msgs/srv/SetPtzPosition.srv
-- Symlinking: /home/mtouri/spot_ws/install/spot_msgs/share/spot_msgs/srv/SetPtzPosition_Request.msg
-- Symlinking: /home/mtouri/spot_ws/install/spot_msgs/share/spot_msgs/srv/SetPtzPosition_Response.msg
-- Symlinking: /home/mtouri/spot_ws/install/spot_msgs/share/spot_msgs/srv/InitializeLens.srv
-- Symlinking: /home/mtouri/spot_ws/install/spot_msgs/share/spot_msgs/srv/InitializeLens_Request.msg
-- Symlinking: /home/mtouri/spot_ws/install/spot_msgs/share/spot_msgs/srv/InitializeLens_Response.msg
-- Symlinking: /home/mtouri/spot_ws/install/spot_msgs/share/spot_msgs/srv/DeleteLogpoint.srv
-- Symlinking: /home/mtouri/spot_ws/install/spot_msgs/share/spot_msgs/srv/DeleteLogpoint_Request.msg
-- Symlinking: /home/mtouri/spot_ws/install/spot_msgs/share/spot_msgs/srv/DeleteLogpoint_Response.msg
-- Symlinking: /home/mtouri/spot_ws/install/spot_msgs/share/spot_msgs/srv/GetLogpointStatus.srv
-- Symlinking: /home/mtouri/spot_ws/install/spot_msgs/share/spot_msgs/srv/GetLogpointStatus_Request.msg
-- Symlinking: /home/mtouri/spot_ws/install/spot_msgs/share/spot_msgs/srv/GetLogpointStatus_Response.msg
-- Symlinking: /home/mtouri/spot_ws/install/spot_msgs/share/spot_msgs/srv/ListCameras.srv
-- Symlinking: /home/mtouri/spot_ws/install/spot_msgs/share/spot_msgs/srv/ListCameras_Request.msg
-- Symlinking: /home/mtouri/spot_ws/install/spot_msgs/share/spot_msgs/srv/ListCameras_Response.msg
-- Symlinking: /home/mtouri/spot_ws/install/spot_msgs/share/spot_msgs/srv/ListLogpoints.srv
-- Symlinking: /home/mtouri/spot_ws/install/spot_msgs/share/spot_msgs/srv/ListLogpoints_Request.msg
-- Symlinking: /home/mtouri/spot_ws/install/spot_msgs/share/spot_msgs/srv/ListLogpoints_Response.msg
-- Symlinking: /home/mtouri/spot_ws/install/spot_msgs/share/spot_msgs/srv/RetrieveLogpoint.srv
-- Symlinking: /home/mtouri/spot_ws/install/spot_msgs/share/spot_msgs/srv/RetrieveLogpoint_Request.msg
-- Symlinking: /home/mtouri/spot_ws/install/spot_msgs/share/spot_msgs/srv/RetrieveLogpoint_Response.msg
-- Symlinking: /home/mtouri/spot_ws/install/spot_msgs/share/spot_msgs/srv/RobotCommand.srv
-- Symlinking: /home/mtouri/spot_ws/install/spot_msgs/share/spot_msgs/srv/RobotCommand_Request.msg
-- Symlinking: /home/mtouri/spot_ws/install/spot_msgs/share/spot_msgs/srv/RobotCommand_Response.msg
-- Symlinking: /home/mtouri/spot_ws/install/spot_msgs/share/spot_msgs/srv/SetGripperAngle.srv
-- Symlinking: /home/mtouri/spot_ws/install/spot_msgs/share/spot_msgs/srv/SetGripperAngle_Request.msg
-- Symlinking: /home/mtouri/spot_ws/install/spot_msgs/share/spot_msgs/srv/SetGripperAngle_Response.msg
-- Symlinking: /home/mtouri/spot_ws/install/spot_msgs/share/spot_msgs/srv/StoreLogpoint.srv
-- Symlinking: /home/mtouri/spot_ws/install/spot_msgs/share/spot_msgs/srv/StoreLogpoint_Request.msg
-- Symlinking: /home/mtouri/spot_ws/install/spot_msgs/share/spot_msgs/srv/StoreLogpoint_Response.msg
-- Symlinking: /home/mtouri/spot_ws/install/spot_msgs/share/spot_msgs/srv/TagLogpoint.srv
-- Symlinking: /home/mtouri/spot_ws/install/spot_msgs/share/spot_msgs/srv/TagLogpoint_Request.msg
-- Symlinking: /home/mtouri/spot_ws/install/spot_msgs/share/spot_msgs/srv/TagLogpoint_Response.msg
-- Symlinking: /home/mtouri/spot_ws/install/spot_msgs/share/spot_msgs/srv/GetLEDBrightness.srv
-- Symlinking: /home/mtouri/spot_ws/install/spot_msgs/share/spot_msgs/srv/GetLEDBrightness_Request.msg
-- Symlinking: /home/mtouri/spot_ws/install/spot_msgs/share/spot_msgs/srv/GetLEDBrightness_Response.msg
-- Symlinking: /home/mtouri/spot_ws/install/spot_msgs/share/spot_msgs/srv/SetLEDBrightness.srv
-- Symlinking: /home/mtouri/spot_ws/install/spot_msgs/share/spot_msgs/srv/SetLEDBrightness_Request.msg
-- Symlinking: /home/mtouri/spot_ws/install/spot_msgs/share/spot_msgs/srv/SetLEDBrightness_Response.msg
-- Symlinking: /home/mtouri/spot_ws/install/spot_msgs/share/spot_msgs/srv/GraphNavUploadGraph.srv
-- Symlinking: /home/mtouri/spot_ws/install/spot_msgs/share/spot_msgs/srv/GraphNavUploadGraph_Request.msg
-- Symlinking: /home/mtouri/spot_ws/install/spot_msgs/share/spot_msgs/srv/GraphNavUploadGraph_Response.msg
-- Symlinking: /home/mtouri/spot_ws/install/spot_msgs/share/spot_msgs/srv/GraphNavClearGraph.srv
-- Symlinking: /home/mtouri/spot_ws/install/spot_msgs/share/spot_msgs/srv/GraphNavClearGraph_Request.msg
-- Symlinking: /home/mtouri/spot_ws/install/spot_msgs/share/spot_msgs/srv/GraphNavClearGraph_Response.msg
-- Symlinking: /home/mtouri/spot_ws/install/spot_msgs/share/spot_msgs/srv/GraphNavSetLocalization.srv
-- Symlinking: /home/mtouri/spot_ws/install/spot_msgs/share/spot_msgs/srv/GraphNavSetLocalization_Request.msg
-- Symlinking: /home/mtouri/spot_ws/install/spot_msgs/share/spot_msgs/srv/GraphNavSetLocalization_Response.msg
-- Symlinking: /home/mtouri/spot_ws/install/spot_msgs/share/spot_msgs/srv/GraphNavGetLocalizationPose.srv
-- Symlinking: /home/mtouri/spot_ws/install/spot_msgs/share/spot_msgs/srv/GraphNavGetLocalizationPose_Request.msg
-- Symlinking: /home/mtouri/spot_ws/install/spot_msgs/share/spot_msgs/srv/GraphNavGetLocalizationPose_Response.msg
-- Symlinking: /home/mtouri/spot_ws/install/spot_msgs/share/spot_msgs/srv/Dock.srv
-- Symlinking: /home/mtouri/spot_ws/install/spot_msgs/share/spot_msgs/srv/Dock_Request.msg
-- Symlinking: /home/mtouri/spot_ws/install/spot_msgs/share/spot_msgs/srv/Dock_Response.msg
-- Symlinking: /home/mtouri/spot_ws/install/spot_msgs/share/spot_msgs/srv/GetGripperCameraParameters.srv
-- Symlinking: /home/mtouri/spot_ws/install/spot_msgs/share/spot_msgs/srv/GetGripperCameraParameters_Request.msg
-- Symlinking: /home/mtouri/spot_ws/install/spot_msgs/share/spot_msgs/srv/GetGripperCameraParameters_Response.msg
-- Symlinking: /home/mtouri/spot_ws/install/spot_msgs/share/spot_msgs/srv/SetGripperCameraParameters.srv
-- Symlinking: /home/mtouri/spot_ws/install/spot_msgs/share/spot_msgs/srv/SetGripperCameraParameters_Request.msg
-- Symlinking: /home/mtouri/spot_ws/install/spot_msgs/share/spot_msgs/srv/SetGripperCameraParameters_Response.msg
-- Symlinking: /home/mtouri/spot_ws/install/spot_msgs/share/spot_msgs/srv/OverrideGraspOrCarry.srv
-- Symlinking: /home/mtouri/spot_ws/install/spot_msgs/share/spot_msgs/srv/OverrideGraspOrCarry_Request.msg
-- Symlinking: /home/mtouri/spot_ws/install/spot_msgs/share/spot_msgs/srv/OverrideGraspOrCarry_Response.msg
-- Symlinking: /home/mtouri/spot_ws/install/spot_msgs/share/spot_msgs/srv/SetStandHeight.srv
-- Symlinking: /home/mtouri/spot_ws/install/spot_msgs/share/spot_msgs/srv/SetStandHeight_Request.msg
-- Symlinking: /home/mtouri/spot_ws/install/spot_msgs/share/spot_msgs/srv/SetStandHeight_Response.msg
-- Symlinking: /home/mtouri/spot_ws/install/spot_msgs/share/spot_msgs/srv/SetStairsMode.srv
-- Symlinking: /home/mtouri/spot_ws/install/spot_msgs/share/spot_msgs/srv/SetStairsMode_Request.msg
-- Symlinking: /home/mtouri/spot_ws/install/spot_msgs/share/spot_msgs/srv/SetStairsMode_Response.msg
-- Symlinking: /home/mtouri/spot_ws/install/spot_msgs/share/spot_msgs/srv/MutateWorldObject.srv
-- Symlinking: /home/mtouri/spot_ws/install/spot_msgs/share/spot_msgs/srv/MutateWorldObject_Request.msg
-- Symlinking: /home/mtouri/spot_ws/install/spot_msgs/share/spot_msgs/srv/MutateWorldObject_Response.msg
-- Symlinking: /home/mtouri/spot_ws/install/spot_msgs/share/spot_msgs/action/ArmSurfaceContact.action
-- Symlinking: /home/mtouri/spot_ws/install/spot_msgs/share/spot_msgs/action/ExecuteDance.action
-- Symlinking: /home/mtouri/spot_ws/install/spot_msgs/share/spot_msgs/action/NavigateTo.action
-- Symlinking: /home/mtouri/spot_ws/install/spot_msgs/share/spot_msgs/action/RobotCommand.action
-- Symlinking: /home/mtouri/spot_ws/install/spot_msgs/share/spot_msgs/action/Trajectory.action
-- Symlinking: /home/mtouri/spot_ws/install/spot_msgs/share/spot_msgs/action/Manipulation.action
-- Symlinking: /home/mtouri/spot_ws/install/spot_msgs/share/ament_index/resource_index/package_run_dependencies/spot_msgs
-- Symlinking: /home/mtouri/spot_ws/install/spot_msgs/share/ament_index/resource_index/parent_prefix_path/spot_msgs
-- Symlinking: /home/mtouri/spot_ws/install/spot_msgs/share/spot_msgs/environment/ament_prefix_path.sh
-- Symlinking: /home/mtouri/spot_ws/install/spot_msgs/share/spot_msgs/environment/ament_prefix_path.dsv
-- Symlinking: /home/mtouri/spot_ws/install/spot_msgs/share/spot_msgs/environment/path.sh
-- Symlinking: /home/mtouri/spot_ws/install/spot_msgs/share/spot_msgs/environment/path.dsv
-- Symlinking: /home/mtouri/spot_ws/install/spot_msgs/share/spot_msgs/local_setup.bash
-- Symlinking: /home/mtouri/spot_ws/install/spot_msgs/share/spot_msgs/local_setup.sh
-- Symlinking: /home/mtouri/spot_ws/install/spot_msgs/share/spot_msgs/local_setup.zsh
-- Symlinking: /home/mtouri/spot_ws/install/spot_msgs/share/spot_msgs/local_setup.dsv
-- Symlinking: /home/mtouri/spot_ws/install/spot_msgs/share/spot_msgs/package.dsv
-- Symlinking: /home/mtouri/spot_ws/install/spot_msgs/share/ament_index/resource_index/packages/spot_msgs
-- Symlinking: /home/mtouri/spot_ws/install/spot_msgs/share/spot_msgs/cmake/rosidl_cmake-extras.cmake
-- Symlinking: /home/mtouri/spot_ws/install/spot_msgs/share/spot_msgs/cmake/ament_cmake_export_dependencies-extras.cmake
-- Symlinking: /home/mtouri/spot_ws/install/spot_msgs/share/spot_msgs/cmake/ament_cmake_export_include_directories-extras.cmake
-- Symlinking: /home/mtouri/spot_ws/install/spot_msgs/share/spot_msgs/cmake/ament_cmake_export_libraries-extras.cmake
-- Symlinking: /home/mtouri/spot_ws/install/spot_msgs/share/spot_msgs/cmake/ament_cmake_export_targets-extras.cmake
-- Symlinking: /home/mtouri/spot_ws/install/spot_msgs/share/spot_msgs/cmake/rosidl_cmake_export_typesupport_targets-extras.cmake
-- Symlinking: /home/mtouri/spot_ws/install/spot_msgs/share/spot_msgs/cmake/rosidl_cmake_export_typesupport_libraries-extras.cmake
-- Symlinking: /home/mtouri/spot_ws/install/spot_msgs/share/spot_msgs/cmake/spot_msgsConfig.cmake
-- Symlinking: /home/mtouri/spot_ws/install/spot_msgs/share/spot_msgs/cmake/spot_msgsConfig-version.cmake
-- Symlinking: /home/mtouri/spot_ws/install/spot_msgs/share/spot_msgs/package.xml
-- Installing: /home/mtouri/spot_ws/install/spot_msgs/lib/libspot_msgs__rosidl_generator_c.so
-- Set runtime path of "/home/mtouri/spot_ws/install/spot_msgs/lib/libspot_msgs__rosidl_generator_c.so" to ""
-- Installing: /home/mtouri/spot_ws/install/spot_msgs/lib/libspot_msgs__rosidl_typesupport_fastrtps_c.so
-- Set runtime path of "/home/mtouri/spot_ws/install/spot_msgs/lib/libspot_msgs__rosidl_typesupport_fastrtps_c.so" to ""
-- Installing: /home/mtouri/spot_ws/install/spot_msgs/lib/libspot_msgs__rosidl_typesupport_fastrtps_cpp.so
-- Set runtime path of "/home/mtouri/spot_ws/install/spot_msgs/lib/libspot_msgs__rosidl_typesupport_fastrtps_cpp.so" to ""
-- Installing: /home/mtouri/spot_ws/install/spot_msgs/lib/libspot_msgs__rosidl_typesupport_introspection_c.so
-- Set runtime path of "/home/mtouri/spot_ws/install/spot_msgs/lib/libspot_msgs__rosidl_typesupport_introspection_c.so" to ""
-- Installing: /home/mtouri/spot_ws/install/spot_msgs/lib/libspot_msgs__rosidl_typesupport_c.so
-- Set runtime path of "/home/mtouri/spot_ws/install/spot_msgs/lib/libspot_msgs__rosidl_typesupport_c.so" to ""
-- Installing: /home/mtouri/spot_ws/install/spot_msgs/lib/libspot_msgs__rosidl_typesupport_introspection_cpp.so
-- Set runtime path of "/home/mtouri/spot_ws/install/spot_msgs/lib/libspot_msgs__rosidl_typesupport_introspection_cpp.so" to ""
-- Installing: /home/mtouri/spot_ws/install/spot_msgs/lib/libspot_msgs__rosidl_typesupport_cpp.so
-- Set runtime path of "/home/mtouri/spot_ws/install/spot_msgs/lib/libspot_msgs__rosidl_typesupport_cpp.so" to ""
Listing '/home/mtouri/spot_ws/install/spot_msgs/local/lib/python3.10/dist-packages/spot_msgs'...
Compiling '/home/mtouri/spot_ws/install/spot_msgs/local/lib/python3.10/dist-packages/spot_msgs/__init__.py'...
Listing '/home/mtouri/spot_ws/install/spot_msgs/local/lib/python3.10/dist-packages/spot_msgs/action'...
Compiling '/home/mtouri/spot_ws/install/spot_msgs/local/lib/python3.10/dist-packages/spot_msgs/action/__init__.py'...
Compiling '/home/mtouri/spot_ws/install/spot_msgs/local/lib/python3.10/dist-packages/spot_msgs/action/_arm_surface_contact.py'...
Compiling '/home/mtouri/spot_ws/install/spot_msgs/local/lib/python3.10/dist-packages/spot_msgs/action/_execute_dance.py'...
Compiling '/home/mtouri/spot_ws/install/spot_msgs/local/lib/python3.10/dist-packages/spot_msgs/action/_manipulation.py'...
Compiling '/home/mtouri/spot_ws/install/spot_msgs/local/lib/python3.10/dist-packages/spot_msgs/action/_navigate_to.py'...
Compiling '/home/mtouri/spot_ws/install/spot_msgs/local/lib/python3.10/dist-packages/spot_msgs/action/_robot_command.py'...
Compiling '/home/mtouri/spot_ws/install/spot_msgs/local/lib/python3.10/dist-packages/spot_msgs/action/_trajectory.py'...
Listing '/home/mtouri/spot_ws/install/spot_msgs/local/lib/python3.10/dist-packages/spot_msgs/msg'...
Compiling '/home/mtouri/spot_ws/install/spot_msgs/local/lib/python3.10/dist-packages/spot_msgs/msg/__init__.py'...
Compiling '/home/mtouri/spot_ws/install/spot_msgs/local/lib/python3.10/dist-packages/spot_msgs/msg/_battery_state.py'...
Compiling '/home/mtouri/spot_ws/install/spot_msgs/local/lib/python3.10/dist-packages/spot_msgs/msg/_battery_state_array.py'...
Compiling '/home/mtouri/spot_ws/install/spot_msgs/local/lib/python3.10/dist-packages/spot_msgs/msg/_behavior_fault.py'...
Compiling '/home/mtouri/spot_ws/install/spot_msgs/local/lib/python3.10/dist-packages/spot_msgs/msg/_behavior_fault_state.py'...
Compiling '/home/mtouri/spot_ws/install/spot_msgs/local/lib/python3.10/dist-packages/spot_msgs/msg/_e_stop_state.py'...
Compiling '/home/mtouri/spot_ws/install/spot_msgs/local/lib/python3.10/dist-packages/spot_msgs/msg/_e_stop_state_array.py'...
Compiling '/home/mtouri/spot_ws/install/spot_msgs/local/lib/python3.10/dist-packages/spot_msgs/msg/_feedback.py'...
Compiling '/home/mtouri/spot_ws/install/spot_msgs/local/lib/python3.10/dist-packages/spot_msgs/msg/_foot_state.py'...
Compiling '/home/mtouri/spot_ws/install/spot_msgs/local/lib/python3.10/dist-packages/spot_msgs/msg/_foot_state_array.py'...
Compiling '/home/mtouri/spot_ws/install/spot_msgs/local/lib/python3.10/dist-packages/spot_msgs/msg/_joint_command.py'...
Compiling '/home/mtouri/spot_ws/install/spot_msgs/local/lib/python3.10/dist-packages/spot_msgs/msg/_lease.py'...
Compiling '/home/mtouri/spot_ws/install/spot_msgs/local/lib/python3.10/dist-packages/spot_msgs/msg/_lease_array.py'...
Compiling '/home/mtouri/spot_ws/install/spot_msgs/local/lib/python3.10/dist-packages/spot_msgs/msg/_lease_owner.py'...
Compiling '/home/mtouri/spot_ws/install/spot_msgs/local/lib/python3.10/dist-packages/spot_msgs/msg/_lease_resource.py'...
Compiling '/home/mtouri/spot_ws/install/spot_msgs/local/lib/python3.10/dist-packages/spot_msgs/msg/_metrics.py'...
Compiling '/home/mtouri/spot_ws/install/spot_msgs/local/lib/python3.10/dist-packages/spot_msgs/msg/_mobility_params.py'...
Compiling '/home/mtouri/spot_ws/install/spot_msgs/local/lib/python3.10/dist-packages/spot_msgs/msg/_power_state.py'...
Compiling '/home/mtouri/spot_ws/install/spot_msgs/local/lib/python3.10/dist-packages/spot_msgs/msg/_system_fault.py'...
Compiling '/home/mtouri/spot_ws/install/spot_msgs/local/lib/python3.10/dist-packages/spot_msgs/msg/_system_fault_state.py'...
Compiling '/home/mtouri/spot_ws/install/spot_msgs/local/lib/python3.10/dist-packages/spot_msgs/msg/_wi_fi_state.py'...
Listing '/home/mtouri/spot_ws/install/spot_msgs/local/lib/python3.10/dist-packages/spot_msgs/srv'...
Compiling '/home/mtouri/spot_ws/install/spot_msgs/local/lib/python3.10/dist-packages/spot_msgs/srv/__init__.py'...
Compiling '/home/mtouri/spot_ws/install/spot_msgs/local/lib/python3.10/dist-packages/spot_msgs/srv/_acquire_lease.py'...
Compiling '/home/mtouri/spot_ws/install/spot_msgs/local/lib/python3.10/dist-packages/spot_msgs/srv/_choreography_recorded_state_to_animation.py'...
Compiling '/home/mtouri/spot_ws/install/spot_msgs/local/lib/python3.10/dist-packages/spot_msgs/srv/_choreography_start_recording_state.py'...
Compiling '/home/mtouri/spot_ws/install/spot_msgs/local/lib/python3.10/dist-packages/spot_msgs/srv/_choreography_stop_recording_state.py'...
Compiling '/home/mtouri/spot_ws/install/spot_msgs/local/lib/python3.10/dist-packages/spot_msgs/srv/_clear_behavior_fault.py'...
Compiling '/home/mtouri/spot_ws/install/spot_msgs/local/lib/python3.10/dist-packages/spot_msgs/srv/_delete_logpoint.py'...
Compiling '/home/mtouri/spot_ws/install/spot_msgs/local/lib/python3.10/dist-packages/spot_msgs/srv/_delete_sound.py'...
Compiling '/home/mtouri/spot_ws/install/spot_msgs/local/lib/python3.10/dist-packages/spot_msgs/srv/_dock.py'...
Compiling '/home/mtouri/spot_ws/install/spot_msgs/local/lib/python3.10/dist-packages/spot_msgs/srv/_get_choreography_status.py'...
Compiling '/home/mtouri/spot_ws/install/spot_msgs/local/lib/python3.10/dist-packages/spot_msgs/srv/_get_gripper_camera_parameters.py'...
Compiling '/home/mtouri/spot_ws/install/spot_msgs/local/lib/python3.10/dist-packages/spot_msgs/srv/_get_inverse_kinematic_solutions.py'...
Compiling '/home/mtouri/spot_ws/install/spot_msgs/local/lib/python3.10/dist-packages/spot_msgs/srv/_get_led_brightness.py'...
Compiling '/home/mtouri/spot_ws/install/spot_msgs/local/lib/python3.10/dist-packages/spot_msgs/srv/_get_logpoint_status.py'...
Compiling '/home/mtouri/spot_ws/install/spot_msgs/local/lib/python3.10/dist-packages/spot_msgs/srv/_get_ptz_position.py'...
Compiling '/home/mtouri/spot_ws/install/spot_msgs/local/lib/python3.10/dist-packages/spot_msgs/srv/_get_volume.py'...
Compiling '/home/mtouri/spot_ws/install/spot_msgs/local/lib/python3.10/dist-packages/spot_msgs/srv/_graph_nav_clear_graph.py'...
Compiling '/home/mtouri/spot_ws/install/spot_msgs/local/lib/python3.10/dist-packages/spot_msgs/srv/_graph_nav_get_localization_pose.py'...
Compiling '/home/mtouri/spot_ws/install/spot_msgs/local/lib/python3.10/dist-packages/spot_msgs/srv/_graph_nav_set_localization.py'...
Compiling '/home/mtouri/spot_ws/install/spot_msgs/local/lib/python3.10/dist-packages/spot_msgs/srv/_graph_nav_upload_graph.py'...
Compiling '/home/mtouri/spot_ws/install/spot_msgs/local/lib/python3.10/dist-packages/spot_msgs/srv/_initialize_lens.py'...
Compiling '/home/mtouri/spot_ws/install/spot_msgs/local/lib/python3.10/dist-packages/spot_msgs/srv/_list_all_dances.py'...
Compiling '/home/mtouri/spot_ws/install/spot_msgs/local/lib/python3.10/dist-packages/spot_msgs/srv/_list_all_moves.py'...
Compiling '/home/mtouri/spot_ws/install/spot_msgs/local/lib/python3.10/dist-packages/spot_msgs/srv/_list_cameras.py'...
Compiling '/home/mtouri/spot_ws/install/spot_msgs/local/lib/python3.10/dist-packages/spot_msgs/srv/_list_graph.py'...
Compiling '/home/mtouri/spot_ws/install/spot_msgs/local/lib/python3.10/dist-packages/spot_msgs/srv/_list_logpoints.py'...
Compiling '/home/mtouri/spot_ws/install/spot_msgs/local/lib/python3.10/dist-packages/spot_msgs/srv/_list_ptz.py'...
Compiling '/home/mtouri/spot_ws/install/spot_msgs/local/lib/python3.10/dist-packages/spot_msgs/srv/_list_sounds.py'...
Compiling '/home/mtouri/spot_ws/install/spot_msgs/local/lib/python3.10/dist-packages/spot_msgs/srv/_list_world_objects.py'...
Compiling '/home/mtouri/spot_ws/install/spot_msgs/local/lib/python3.10/dist-packages/spot_msgs/srv/_load_sound.py'...
Compiling '/home/mtouri/spot_ws/install/spot_msgs/local/lib/python3.10/dist-packages/spot_msgs/srv/_mutate_world_object.py'...
Compiling '/home/mtouri/spot_ws/install/spot_msgs/local/lib/python3.10/dist-packages/spot_msgs/srv/_override_grasp_or_carry.py'...
Compiling '/home/mtouri/spot_ws/install/spot_msgs/local/lib/python3.10/dist-packages/spot_msgs/srv/_play_sound.py'...
Compiling '/home/mtouri/spot_ws/install/spot_msgs/local/lib/python3.10/dist-packages/spot_msgs/srv/_retrieve_logpoint.py'...
Compiling '/home/mtouri/spot_ws/install/spot_msgs/local/lib/python3.10/dist-packages/spot_msgs/srv/_return_lease.py'...
Compiling '/home/mtouri/spot_ws/install/spot_msgs/local/lib/python3.10/dist-packages/spot_msgs/srv/_robot_command.py'...
Compiling '/home/mtouri/spot_ws/install/spot_msgs/local/lib/python3.10/dist-packages/spot_msgs/srv/_set_gripper_angle.py'...
Compiling '/home/mtouri/spot_ws/install/spot_msgs/local/lib/python3.10/dist-packages/spot_msgs/srv/_set_gripper_camera_parameters.py'...
Compiling '/home/mtouri/spot_ws/install/spot_msgs/local/lib/python3.10/dist-packages/spot_msgs/srv/_set_led_brightness.py'...
Compiling '/home/mtouri/spot_ws/install/spot_msgs/local/lib/python3.10/dist-packages/spot_msgs/srv/_set_locomotion.py'...
Compiling '/home/mtouri/spot_ws/install/spot_msgs/local/lib/python3.10/dist-packages/spot_msgs/srv/_set_ptz_position.py'...
Compiling '/home/mtouri/spot_ws/install/spot_msgs/local/lib/python3.10/dist-packages/spot_msgs/srv/_set_stairs_mode.py'...
Compiling '/home/mtouri/spot_ws/install/spot_msgs/local/lib/python3.10/dist-packages/spot_msgs/srv/_set_stand_height.py'...
Compiling '/home/mtouri/spot_ws/install/spot_msgs/local/lib/python3.10/dist-packages/spot_msgs/srv/_set_velocity.py'...
Compiling '/home/mtouri/spot_ws/install/spot_msgs/local/lib/python3.10/dist-packages/spot_msgs/srv/_set_volume.py'...
Compiling '/home/mtouri/spot_ws/install/spot_msgs/local/lib/python3.10/dist-packages/spot_msgs/srv/_store_logpoint.py'...
Compiling '/home/mtouri/spot_ws/install/spot_msgs/local/lib/python3.10/dist-packages/spot_msgs/srv/_tag_logpoint.py'...
Compiling '/home/mtouri/spot_ws/install/spot_msgs/local/lib/python3.10/dist-packages/spot_msgs/srv/_upload_animation.py'...
Compiling '/home/mtouri/spot_ws/install/spot_msgs/local/lib/python3.10/dist-packages/spot_msgs/srv/_upload_sequence.py'...
-- Installing: /home/mtouri/spot_ws/install/spot_msgs/lib/libspot_msgs__rosidl_generator_py.so
-- Set runtime path of "/home/mtouri/spot_ws/install/spot_msgs/lib/libspot_msgs__rosidl_generator_py.so" to ""
-- Installing: /home/mtouri/spot_ws/install/spot_msgs/share/spot_msgs/cmake/export_spot_msgs__rosidl_generator_cExport.cmake
-- Installing: /home/mtouri/spot_ws/install/spot_msgs/share/spot_msgs/cmake/export_spot_msgs__rosidl_generator_cExport-noconfig.cmake
-- Installing: /home/mtouri/spot_ws/install/spot_msgs/share/spot_msgs/cmake/export_spot_msgs__rosidl_typesupport_fastrtps_cExport.cmake
-- Installing: /home/mtouri/spot_ws/install/spot_msgs/share/spot_msgs/cmake/export_spot_msgs__rosidl_typesupport_fastrtps_cExport-noconfig.cmake
-- Installing: /home/mtouri/spot_ws/install/spot_msgs/share/spot_msgs/cmake/export_spot_msgs__rosidl_generator_cppExport.cmake
-- Installing: /home/mtouri/spot_ws/install/spot_msgs/share/spot_msgs/cmake/export_spot_msgs__rosidl_typesupport_fastrtps_cppExport.cmake
-- Installing: /home/mtouri/spot_ws/install/spot_msgs/share/spot_msgs/cmake/export_spot_msgs__rosidl_typesupport_fastrtps_cppExport-noconfig.cmake
-- Installing: /home/mtouri/spot_ws/install/spot_msgs/share/spot_msgs/cmake/spot_msgs__rosidl_typesupport_introspection_cExport.cmake
-- Installing: /home/mtouri/spot_ws/install/spot_msgs/share/spot_msgs/cmake/spot_msgs__rosidl_typesupport_introspection_cExport-noconfig.cmake
-- Installing: /home/mtouri/spot_ws/install/spot_msgs/share/spot_msgs/cmake/spot_msgs__rosidl_typesupport_cExport.cmake
-- Installing: /home/mtouri/spot_ws/install/spot_msgs/share/spot_msgs/cmake/spot_msgs__rosidl_typesupport_cExport-noconfig.cmake
-- Installing: /home/mtouri/spot_ws/install/spot_msgs/share/spot_msgs/cmake/spot_msgs__rosidl_typesupport_introspection_cppExport.cmake
-- Installing: /home/mtouri/spot_ws/install/spot_msgs/share/spot_msgs/cmake/spot_msgs__rosidl_typesupport_introspection_cppExport-noconfig.cmake
-- Installing: /home/mtouri/spot_ws/install/spot_msgs/share/spot_msgs/cmake/spot_msgs__rosidl_typesupport_cppExport.cmake
-- Installing: /home/mtouri/spot_ws/install/spot_msgs/share/spot_msgs/cmake/spot_msgs__rosidl_typesupport_cppExport-noconfig.cmake
-- Installing: /home/mtouri/spot_ws/install/spot_msgs/share/spot_msgs/cmake/export_spot_msgs__rosidl_generator_pyExport.cmake
-- Installing: /home/mtouri/spot_ws/install/spot_msgs/share/spot_msgs/cmake/export_spot_msgs__rosidl_generator_pyExport-noconfig.cmake
