[0.017s] Invoking command in '/home/mtouri/spot_ws/build/spot_msgs': CMAKE_PREFIX_PATH=/opt/ros/humble /usr/bin/cmake /home/mtouri/spot_ws/src/spot_ros2/spot_msgs -DAMENT_CMAKE_SYMLINK_INSTALL=1 -DCMAKE_INSTALL_PREFIX=/home/mtouri/spot_ws/install/spot_msgs
[0.507s] -- The C compiler identification is GNU 11.4.0
[0.507s] -- The CXX compiler identification is GNU 11.4.0
[0.507s] -- Detecting C compiler ABI info
[0.507s] -- Detecting C compiler ABI info - done
[0.507s] -- Check for working C compiler: /usr/bin/cc - skipped
[0.507s] -- Detecting C compile features
[0.507s] -- Detecting C compile features - done
[0.508s] -- Detecting CXX compiler ABI info
[0.508s] -- Detecting CXX compiler ABI info - done
[0.508s] -- Check for working CXX compiler: /usr/bin/c++ - skipped
[0.508s] -- Detecting CXX compile features
[0.508s] -- Detecting CXX compile features - done
[0.508s] -- Found ament_cmake: 1.3.14 (/opt/ros/humble/share/ament_cmake/cmake)
[0.508s] -- Found Python3: /usr/bin/python3 (found version "3.10.12") found components: Interpreter 
[0.508s] -- Override CMake install command with custom implementation using symlinks instead of copying resources
[0.508s] -- Found rclcpp: 16.0.19 (/opt/ros/humble/share/rclcpp/cmake)
[0.525s] -- Found rosidl_generator_c: 3.1.8 (/opt/ros/humble/share/rosidl_generator_c/cmake)
[0.531s] -- Found rosidl_adapter: 3.1.8 (/opt/ros/humble/share/rosidl_adapter/cmake)
[0.540s] -- Found rosidl_generator_cpp: 3.1.8 (/opt/ros/humble/share/rosidl_generator_cpp/cmake)
[0.550s] -- Using all available rosidl_typesupport_c: rosidl_typesupport_fastrtps_c;rosidl_typesupport_introspection_c
[0.563s] -- Using all available rosidl_typesupport_cpp: rosidl_typesupport_fastrtps_cpp;rosidl_typesupport_introspection_cpp
[0.609s] -- Found rmw_implementation_cmake: 6.1.2 (/opt/ros/humble/share/rmw_implementation_cmake/cmake)
[0.612s] -- Found rmw_fastrtps_cpp: 6.2.10 (/opt/ros/humble/share/rmw_fastrtps_cpp/cmake)
[0.710s] -- Found OpenSSL: /usr/lib/x86_64-linux-gnu/libcrypto.so (found version "3.0.2")  
[0.750s] -- Found FastRTPS: /opt/ros/humble/include  
[0.795s] -- Using RMW implementation 'rmw_fastrtps_cpp' as default
[0.805s] -- Looking for pthread.h
[0.881s] -- Looking for pthread.h - found
[0.882s] -- Performing Test CMAKE_HAVE_LIBC_PTHREAD
[0.959s] -- Performing Test CMAKE_HAVE_LIBC_PTHREAD - Success
[0.960s] -- Found Threads: TRUE  
[1.011s] -- Found bosdyn_api_msgs: 5.0.1 (/opt/ros/humble/share/bosdyn_api_msgs/cmake)
[1.100s] -- Found PythonInterp: /usr/bin/python3.10 (found version "3.10.12") 
[1.114s] -- Found Protobuf: /usr/lib/x86_64-linux-gnu/libprotobuf.so (found version "3.12.4") 
[1.118s] -- Found rosidl_default_generators: 1.2.1 (/opt/ros/humble/share/rosidl_default_generators/cmake)
[1.223s] -- Checking for module 'grpc'
[1.240s] --   Found grpc, version 10.0.0
[1.280s] -- Checking for module 'grpc++'
[1.297s] --   Found grpc++, version 1.30.2
[1.341s] -- CMake is running /opt/spot-cpp-sdk/lib/cmake/bosdyn/UseInstallbosdyn.cmake
[1.349s] -- Found bosdyn_spot_api_msgs: 5.0.1 (/opt/ros/humble/share/bosdyn_spot_api_msgs/cmake)
[1.370s] -- Found bosdyn_spot_cam_api_msgs: 5.0.1 (/opt/ros/humble/share/bosdyn_spot_cam_api_msgs/cmake)
[1.390s] -- Found common_interfaces: 4.9.1 (/opt/ros/humble/share/common_interfaces/cmake)
[1.392s] -- Found sensor_msgs: 4.9.1 (/opt/ros/humble/share/sensor_msgs/cmake)
[2.898s] -- Found ament_cmake_ros: 0.10.0 (/opt/ros/humble/share/ament_cmake_ros/cmake)
[5.138s] -- Using all available rosidl_typesupport_c: rosidl_typesupport_fastrtps_c;rosidl_typesupport_introspection_c
[5.961s] -- Using all available rosidl_typesupport_cpp: rosidl_typesupport_fastrtps_cpp;rosidl_typesupport_introspection_cpp
[5.980s] -- Found PythonInterp: /usr/bin/python3.10 (found suitable version "3.10.12", minimum required is "3.6") 
[5.981s] -- Found python_cmake_module: 0.10.0 (/opt/ros/humble/share/python_cmake_module/cmake)
[6.004s] -- Found PythonLibs: /usr/lib/x86_64-linux-gnu/libpython3.10.so (found suitable version "3.10.12", minimum required is "3.5") 
[6.005s] -- Using PYTHON_EXECUTABLE: /usr/bin/python3.10
[6.005s] -- Using PYTHON_INCLUDE_DIRS: /usr/include/python3.10
[6.005s] -- Using PYTHON_LIBRARIES: /usr/lib/x86_64-linux-gnu/libpython3.10.so
[6.022s] -- Found PythonExtra: .so  
[6.850s] -- Found ament_lint_auto: 0.12.15 (/opt/ros/humble/share/ament_lint_auto/cmake)
[6.873s] -- Added test 'copyright' to check source files copyright and LICENSE
[6.879s] -- Added test 'lint_cmake' to check CMake code style
[6.882s] -- Added test 'xmllint' to check XML markup files
[6.885s] -- Configuring done
[7.034s] -- Generating done
[7.053s] -- Build files have been written to: /home/mtouri/spot_ws/build/spot_msgs
[7.073s] Invoked command in '/home/mtouri/spot_ws/build/spot_msgs' returned '0': CMAKE_PREFIX_PATH=/opt/ros/humble /usr/bin/cmake /home/mtouri/spot_ws/src/spot_ros2/spot_msgs -DAMENT_CMAKE_SYMLINK_INSTALL=1 -DCMAKE_INSTALL_PREFIX=/home/mtouri/spot_ws/install/spot_msgs
[7.075s] Invoking command in '/home/mtouri/spot_ws/build/spot_msgs': CMAKE_PREFIX_PATH=/opt/ros/humble /usr/bin/cmake --build /home/mtouri/spot_ws/build/spot_msgs -- -j16 -l16
[7.161s] [  0%] [34m[1mGenerating C code for ROS interfaces[0m
[7.171s] [  0%] Built target ament_cmake_python_symlink_spot_msgs
[7.173s] [  1%] [34m[1mGenerating Rust code for ROS interfaces[0m
[7.178s] [  1%] [34m[1mGenerating C++ code for ROS interfaces[0m
[7.401s] running egg_info
[7.402s] creating spot_msgs.egg-info
[7.402s] writing spot_msgs.egg-info/PKG-INFO
[7.402s] writing dependency_links to spot_msgs.egg-info/dependency_links.txt
[7.402s] writing top-level names to spot_msgs.egg-info/top_level.txt
[7.402s] writing manifest file 'spot_msgs.egg-info/SOURCES.txt'
[7.404s] reading manifest file 'spot_msgs.egg-info/SOURCES.txt'
[7.404s] writing manifest file 'spot_msgs.egg-info/SOURCES.txt'
[7.431s] [  1%] Built target ament_cmake_python_build_spot_msgs_egg
[8.530s] [  1%] Built target spot_msgs__rs
[12.172s] [  1%] Built target spot_msgs__cpp
[12.189s] [  2%] [32mBuilding C object CMakeFiles/spot_msgs__rosidl_generator_c.dir/rosidl_generator_c/spot_msgs/msg/detail/mobility_params__functions.c.o[0m
[12.189s] [  2%] [32mBuilding C object CMakeFiles/spot_msgs__rosidl_generator_c.dir/rosidl_generator_c/spot_msgs/msg/detail/metrics__functions.c.o[0m
[12.189s] [  2%] [32mBuilding C object CMakeFiles/spot_msgs__rosidl_generator_c.dir/rosidl_generator_c/spot_msgs/msg/detail/lease_array__functions.c.o[0m
[12.189s] [  2%] [32mBuilding C object CMakeFiles/spot_msgs__rosidl_generator_c.dir/rosidl_generator_c/spot_msgs/msg/detail/e_stop_state_array__functions.c.o[0m
[12.189s] [  2%] [32mBuilding C object CMakeFiles/spot_msgs__rosidl_generator_c.dir/rosidl_generator_c/spot_msgs/msg/detail/foot_state_array__functions.c.o[0m
[12.194s] [  2%] [32mBuilding C object CMakeFiles/spot_msgs__rosidl_generator_c.dir/rosidl_generator_c/spot_msgs/msg/detail/system_fault__functions.c.o[0m
[12.194s] [  3%] [32mBuilding C object CMakeFiles/spot_msgs__rosidl_generator_c.dir/rosidl_generator_c/spot_msgs/msg/detail/behavior_fault_state__functions.c.o[0m
[12.194s] [  3%] [32mBuilding C object CMakeFiles/spot_msgs__rosidl_generator_c.dir/rosidl_generator_c/spot_msgs/msg/detail/e_stop_state__functions.c.o[0m
[12.194s] [  2%] [32mBuilding C object CMakeFiles/spot_msgs__rosidl_generator_c.dir/rosidl_generator_c/spot_msgs/msg/detail/behavior_fault__functions.c.o[0m
[12.194s] [  2%] [32mBuilding C object CMakeFiles/spot_msgs__rosidl_generator_c.dir/rosidl_generator_c/spot_msgs/msg/detail/lease_owner__functions.c.o[0m
[12.194s] [  3%] [32mBuilding C object CMakeFiles/spot_msgs__rosidl_generator_c.dir/rosidl_generator_c/spot_msgs/msg/detail/battery_state__functions.c.o[0m
[12.194s] [  3%] [32mBuilding C object CMakeFiles/spot_msgs__rosidl_generator_c.dir/rosidl_generator_c/spot_msgs/msg/detail/wi_fi_state__functions.c.o[0m
[12.196s] [  3%] [32mBuilding C object CMakeFiles/spot_msgs__rosidl_generator_c.dir/rosidl_generator_c/spot_msgs/msg/detail/battery_state_array__functions.c.o[0m
[12.198s] [  3%] [34m[1mGenerating C++ introspection for ROS interfaces[0m
[12.198s] [  3%] [34m[1mGenerating C++ type support dispatch for ROS interfaces[0m
[12.198s] [  3%] [34m[1mGenerating C++ type support for eProsima Fast-RTPS[0m
[12.260s] [  4%] [32mBuilding C object CMakeFiles/spot_msgs__rosidl_generator_c.dir/rosidl_generator_c/spot_msgs/msg/detail/feedback__functions.c.o[0m
[12.260s] [  4%] [32mBuilding C object CMakeFiles/spot_msgs__rosidl_generator_c.dir/rosidl_generator_c/spot_msgs/msg/detail/foot_state__functions.c.o[0m
[12.260s] [  4%] [32mBuilding C object CMakeFiles/spot_msgs__rosidl_generator_c.dir/rosidl_generator_c/spot_msgs/msg/detail/joint_command__functions.c.o[0m
[12.260s] [  4%] [32mBuilding C object CMakeFiles/spot_msgs__rosidl_generator_c.dir/rosidl_generator_c/spot_msgs/msg/detail/lease__functions.c.o[0m
[12.264s] [  4%] [32mBuilding C object CMakeFiles/spot_msgs__rosidl_generator_c.dir/rosidl_generator_c/spot_msgs/msg/detail/power_state__functions.c.o[0m
[12.265s] [  4%] [32mBuilding C object CMakeFiles/spot_msgs__rosidl_generator_c.dir/rosidl_generator_c/spot_msgs/msg/detail/system_fault_state__functions.c.o[0m
[12.265s] [  4%] [32mBuilding C object CMakeFiles/spot_msgs__rosidl_generator_c.dir/rosidl_generator_c/spot_msgs/srv/detail/acquire_lease__functions.c.o[0m
[12.265s] [  4%] [32mBuilding C object CMakeFiles/spot_msgs__rosidl_generator_c.dir/rosidl_generator_c/spot_msgs/msg/detail/lease_resource__functions.c.o[0m
[12.266s] [  5%] [32mBuilding C object CMakeFiles/spot_msgs__rosidl_generator_c.dir/rosidl_generator_c/spot_msgs/srv/detail/choreography_recorded_state_to_animation__functions.c.o[0m
[12.266s] [  5%] [32mBuilding C object CMakeFiles/spot_msgs__rosidl_generator_c.dir/rosidl_generator_c/spot_msgs/srv/detail/choreography_start_recording_state__functions.c.o[0m
[12.274s] [  5%] [32mBuilding C object CMakeFiles/spot_msgs__rosidl_generator_c.dir/rosidl_generator_c/spot_msgs/srv/detail/choreography_stop_recording_state__functions.c.o[0m
[12.275s] [  5%] [32mBuilding C object CMakeFiles/spot_msgs__rosidl_generator_c.dir/rosidl_generator_c/spot_msgs/srv/detail/get_choreography_status__functions.c.o[0m
[12.281s] [  5%] [32mBuilding C object CMakeFiles/spot_msgs__rosidl_generator_c.dir/rosidl_generator_c/spot_msgs/srv/detail/get_inverse_kinematic_solutions__functions.c.o[0m
[12.338s] [  6%] [32mBuilding C object CMakeFiles/spot_msgs__rosidl_generator_c.dir/rosidl_generator_c/spot_msgs/srv/detail/list_world_objects__functions.c.o[0m
[12.338s] [  6%] [32mBuilding C object CMakeFiles/spot_msgs__rosidl_generator_c.dir/rosidl_generator_c/spot_msgs/srv/detail/set_locomotion__functions.c.o[0m
[12.340s] [  6%] [32mBuilding C object CMakeFiles/spot_msgs__rosidl_generator_c.dir/rosidl_generator_c/spot_msgs/srv/detail/return_lease__functions.c.o[0m
[12.340s] [  6%] [32mBuilding C object CMakeFiles/spot_msgs__rosidl_generator_c.dir/rosidl_generator_c/spot_msgs/srv/detail/list_all_dances__functions.c.o[0m
[12.340s] [  6%] [32mBuilding C object CMakeFiles/spot_msgs__rosidl_generator_c.dir/rosidl_generator_c/spot_msgs/srv/detail/set_velocity__functions.c.o[0m
[12.342s] [  6%] [32mBuilding C object CMakeFiles/spot_msgs__rosidl_generator_c.dir/rosidl_generator_c/spot_msgs/srv/detail/list_all_moves__functions.c.o[0m
[12.342s] [  6%] [32mBuilding C object CMakeFiles/spot_msgs__rosidl_generator_c.dir/rosidl_generator_c/spot_msgs/srv/detail/list_graph__functions.c.o[0m
[12.353s] [  7%] [32mBuilding C object CMakeFiles/spot_msgs__rosidl_generator_c.dir/rosidl_generator_c/spot_msgs/srv/detail/upload_animation__functions.c.o[0m
[12.356s] [  7%] [32mBuilding C object CMakeFiles/spot_msgs__rosidl_generator_c.dir/rosidl_generator_c/spot_msgs/srv/detail/list_sounds__functions.c.o[0m
[12.356s] [  7%] [32mBuilding C object CMakeFiles/spot_msgs__rosidl_generator_c.dir/rosidl_generator_c/spot_msgs/srv/detail/clear_behavior_fault__functions.c.o[0m
[12.356s] [  7%] [32mBuilding C object CMakeFiles/spot_msgs__rosidl_generator_c.dir/rosidl_generator_c/spot_msgs/srv/detail/upload_sequence__functions.c.o[0m
[12.361s] [  7%] [32mBuilding C object CMakeFiles/spot_msgs__rosidl_generator_c.dir/rosidl_generator_c/spot_msgs/srv/detail/load_sound__functions.c.o[0m
[12.391s] [  7%] [32mBuilding C object CMakeFiles/spot_msgs__rosidl_generator_c.dir/rosidl_generator_c/spot_msgs/srv/detail/play_sound__functions.c.o[0m
[12.420s] [  7%] [32mBuilding C object CMakeFiles/spot_msgs__rosidl_generator_c.dir/rosidl_generator_c/spot_msgs/srv/detail/delete_sound__functions.c.o[0m
[12.424s] [  8%] [32mBuilding C object CMakeFiles/spot_msgs__rosidl_generator_c.dir/rosidl_generator_c/spot_msgs/srv/detail/get_volume__functions.c.o[0m
[12.429s] [  8%] [32mBuilding C object CMakeFiles/spot_msgs__rosidl_generator_c.dir/rosidl_generator_c/spot_msgs/srv/detail/set_volume__functions.c.o[0m
[12.429s] [  8%] [32mBuilding C object CMakeFiles/spot_msgs__rosidl_generator_c.dir/rosidl_generator_c/spot_msgs/srv/detail/list_ptz__functions.c.o[0m
[12.429s] [  8%] [32mBuilding C object CMakeFiles/spot_msgs__rosidl_generator_c.dir/rosidl_generator_c/spot_msgs/srv/detail/get_ptz_position__functions.c.o[0m
[12.433s] [  8%] [32mBuilding C object CMakeFiles/spot_msgs__rosidl_generator_c.dir/rosidl_generator_c/spot_msgs/srv/detail/set_ptz_position__functions.c.o[0m
[12.440s] [  8%] [32mBuilding C object CMakeFiles/spot_msgs__rosidl_generator_c.dir/rosidl_generator_c/spot_msgs/srv/detail/initialize_lens__functions.c.o[0m
[12.444s] [  9%] [32mBuilding C object CMakeFiles/spot_msgs__rosidl_generator_c.dir/rosidl_generator_c/spot_msgs/srv/detail/get_logpoint_status__functions.c.o[0m
[12.444s] [  9%] [32mBuilding C object CMakeFiles/spot_msgs__rosidl_generator_c.dir/rosidl_generator_c/spot_msgs/srv/detail/list_cameras__functions.c.o[0m
[12.445s] [  9%] [32mBuilding C object CMakeFiles/spot_msgs__rosidl_generator_c.dir/rosidl_generator_c/spot_msgs/srv/detail/delete_logpoint__functions.c.o[0m
[12.453s] [  9%] [32mBuilding C object CMakeFiles/spot_msgs__rosidl_generator_c.dir/rosidl_generator_c/spot_msgs/srv/detail/list_logpoints__functions.c.o[0m
[12.454s] [  9%] [32mBuilding C object CMakeFiles/spot_msgs__rosidl_generator_c.dir/rosidl_generator_c/spot_msgs/srv/detail/retrieve_logpoint__functions.c.o[0m
[12.477s] [  9%] [32mBuilding C object CMakeFiles/spot_msgs__rosidl_generator_c.dir/rosidl_generator_c/spot_msgs/srv/detail/robot_command__functions.c.o[0m
[12.508s] [ 10%] [32mBuilding C object CMakeFiles/spot_msgs__rosidl_generator_c.dir/rosidl_generator_c/spot_msgs/srv/detail/store_logpoint__functions.c.o[0m
[12.508s] [ 10%] [32mBuilding C object CMakeFiles/spot_msgs__rosidl_generator_c.dir/rosidl_generator_c/spot_msgs/srv/detail/set_gripper_angle__functions.c.o[0m
[12.517s] [ 10%] [32mBuilding C object CMakeFiles/spot_msgs__rosidl_generator_c.dir/rosidl_generator_c/spot_msgs/srv/detail/tag_logpoint__functions.c.o[0m
[12.521s] [ 10%] [32mBuilding C object CMakeFiles/spot_msgs__rosidl_generator_c.dir/rosidl_generator_c/spot_msgs/srv/detail/set_led_brightness__functions.c.o[0m
[12.522s] [ 10%] [32mBuilding C object CMakeFiles/spot_msgs__rosidl_generator_c.dir/rosidl_generator_c/spot_msgs/srv/detail/get_led_brightness__functions.c.o[0m
[12.527s] [ 10%] [32mBuilding C object CMakeFiles/spot_msgs__rosidl_generator_c.dir/rosidl_generator_c/spot_msgs/srv/detail/graph_nav_upload_graph__functions.c.o[0m
[12.532s] [ 11%] [32mBuilding C object CMakeFiles/spot_msgs__rosidl_generator_c.dir/rosidl_generator_c/spot_msgs/srv/detail/graph_nav_clear_graph__functions.c.o[0m
[12.535s] [ 11%] [32mBuilding C object CMakeFiles/spot_msgs__rosidl_generator_c.dir/rosidl_generator_c/spot_msgs/srv/detail/graph_nav_get_localization_pose__functions.c.o[0m
[12.535s] [ 11%] [32mBuilding C object CMakeFiles/spot_msgs__rosidl_generator_c.dir/rosidl_generator_c/spot_msgs/srv/detail/graph_nav_set_localization__functions.c.o[0m
[12.547s] [ 11%] [32mBuilding C object CMakeFiles/spot_msgs__rosidl_generator_c.dir/rosidl_generator_c/spot_msgs/srv/detail/dock__functions.c.o[0m
[12.548s] [ 11%] [32mBuilding C object CMakeFiles/spot_msgs__rosidl_generator_c.dir/rosidl_generator_c/spot_msgs/srv/detail/get_gripper_camera_parameters__functions.c.o[0m
[12.551s] [ 11%] [32mBuilding C object CMakeFiles/spot_msgs__rosidl_generator_c.dir/rosidl_generator_c/spot_msgs/srv/detail/set_gripper_camera_parameters__functions.c.o[0m
[12.593s] [ 12%] [32mBuilding C object CMakeFiles/spot_msgs__rosidl_generator_c.dir/rosidl_generator_c/spot_msgs/srv/detail/override_grasp_or_carry__functions.c.o[0m
[12.593s] [ 12%] [32mBuilding C object CMakeFiles/spot_msgs__rosidl_generator_c.dir/rosidl_generator_c/spot_msgs/srv/detail/set_stand_height__functions.c.o[0m
[12.606s] [ 12%] [32mBuilding C object CMakeFiles/spot_msgs__rosidl_generator_c.dir/rosidl_generator_c/spot_msgs/srv/detail/set_stairs_mode__functions.c.o[0m
[12.606s] [ 12%] [32mBuilding C object CMakeFiles/spot_msgs__rosidl_generator_c.dir/rosidl_generator_c/spot_msgs/srv/detail/mutate_world_object__functions.c.o[0m
[12.607s] [ 12%] [32mBuilding C object CMakeFiles/spot_msgs__rosidl_generator_c.dir/rosidl_generator_c/spot_msgs/action/detail/arm_surface_contact__functions.c.o[0m
[12.609s] [ 12%] [32mBuilding C object CMakeFiles/spot_msgs__rosidl_generator_c.dir/rosidl_generator_c/spot_msgs/action/detail/execute_dance__functions.c.o[0m
[12.617s] [ 13%] [32mBuilding C object CMakeFiles/spot_msgs__rosidl_generator_c.dir/rosidl_generator_c/spot_msgs/action/detail/navigate_to__functions.c.o[0m
[12.624s] [ 13%] [32mBuilding C object CMakeFiles/spot_msgs__rosidl_generator_c.dir/rosidl_generator_c/spot_msgs/action/detail/robot_command__functions.c.o[0m
[12.624s] [ 13%] [32mBuilding C object CMakeFiles/spot_msgs__rosidl_generator_c.dir/rosidl_generator_c/spot_msgs/action/detail/trajectory__functions.c.o[0m
[12.628s] [ 13%] [32mBuilding C object CMakeFiles/spot_msgs__rosidl_generator_c.dir/rosidl_generator_c/spot_msgs/action/detail/manipulation__functions.c.o[0m
[12.784s] [ 13%] [32m[1mLinking C shared library libspot_msgs__rosidl_generator_c.so[0m
[12.872s] [ 13%] Built target spot_msgs__rosidl_generator_c
[12.895s] [ 16%] [34m[1mGenerating C introspection for ROS interfaces[0m
[12.895s] [ 16%] [34m[1mGenerating C type support dispatch for ROS interfaces[0m
[12.895s] [ 16%] [34m[1mGenerating C type support for eProsima Fast-RTPS[0m
[15.043s] [ 18%] [32mBuilding CXX object CMakeFiles/spot_msgs__rosidl_typesupport_cpp.dir/rosidl_typesupport_cpp/spot_msgs/msg/system_fault__type_support.cpp.o[0m
[15.043s] [ 18%] [32mBuilding CXX object CMakeFiles/spot_msgs__rosidl_typesupport_cpp.dir/rosidl_typesupport_cpp/spot_msgs/msg/battery_state_array__type_support.cpp.o[0m
[15.043s] [ 18%] [32mBuilding CXX object CMakeFiles/spot_msgs__rosidl_typesupport_cpp.dir/rosidl_typesupport_cpp/spot_msgs/msg/lease_array__type_support.cpp.o[0m
[15.043s] [ 18%] [32mBuilding CXX object CMakeFiles/spot_msgs__rosidl_typesupport_cpp.dir/rosidl_typesupport_cpp/spot_msgs/msg/foot_state_array__type_support.cpp.o[0m
[15.043s] [ 18%] [32mBuilding CXX object CMakeFiles/spot_msgs__rosidl_typesupport_cpp.dir/rosidl_typesupport_cpp/spot_msgs/msg/lease_owner__type_support.cpp.o[0m
[15.043s] [ 18%] [32mBuilding CXX object CMakeFiles/spot_msgs__rosidl_typesupport_cpp.dir/rosidl_typesupport_cpp/spot_msgs/msg/behavior_fault__type_support.cpp.o[0m
[15.043s] [ 18%] [32mBuilding CXX object CMakeFiles/spot_msgs__rosidl_typesupport_cpp.dir/rosidl_typesupport_cpp/spot_msgs/msg/e_stop_state_array__type_support.cpp.o[0m
[15.043s] [ 18%] [32mBuilding CXX object CMakeFiles/spot_msgs__rosidl_typesupport_cpp.dir/rosidl_typesupport_cpp/spot_msgs/msg/metrics__type_support.cpp.o[0m
[15.043s] [ 18%] [32mBuilding CXX object CMakeFiles/spot_msgs__rosidl_typesupport_cpp.dir/rosidl_typesupport_cpp/spot_msgs/msg/wi_fi_state__type_support.cpp.o[0m
[15.043s] [ 18%] [32mBuilding CXX object CMakeFiles/spot_msgs__rosidl_typesupport_cpp.dir/rosidl_typesupport_cpp/spot_msgs/msg/mobility_params__type_support.cpp.o[0m
[15.043s] [ 18%] [32mBuilding CXX object CMakeFiles/spot_msgs__rosidl_typesupport_cpp.dir/rosidl_typesupport_cpp/spot_msgs/msg/battery_state__type_support.cpp.o[0m
[15.462s] [ 18%] [32mBuilding CXX object CMakeFiles/spot_msgs__rosidl_typesupport_cpp.dir/rosidl_typesupport_cpp/spot_msgs/msg/e_stop_state__type_support.cpp.o[0m
[15.463s] [ 18%] [32mBuilding CXX object CMakeFiles/spot_msgs__rosidl_typesupport_cpp.dir/rosidl_typesupport_cpp/spot_msgs/msg/behavior_fault_state__type_support.cpp.o[0m
[15.464s] [ 18%] [32mBuilding CXX object CMakeFiles/spot_msgs__rosidl_typesupport_cpp.dir/rosidl_typesupport_cpp/spot_msgs/msg/feedback__type_support.cpp.o[0m
[15.472s] [ 19%] [32mBuilding CXX object CMakeFiles/spot_msgs__rosidl_typesupport_cpp.dir/rosidl_typesupport_cpp/spot_msgs/msg/foot_state__type_support.cpp.o[0m
[15.474s] [ 19%] [32mBuilding CXX object CMakeFiles/spot_msgs__rosidl_typesupport_cpp.dir/rosidl_typesupport_cpp/spot_msgs/msg/joint_command__type_support.cpp.o[0m
[15.474s] [ 19%] [32mBuilding CXX object CMakeFiles/spot_msgs__rosidl_typesupport_cpp.dir/rosidl_typesupport_cpp/spot_msgs/msg/lease_resource__type_support.cpp.o[0m
[15.479s] [ 19%] [32mBuilding CXX object CMakeFiles/spot_msgs__rosidl_typesupport_cpp.dir/rosidl_typesupport_cpp/spot_msgs/msg/power_state__type_support.cpp.o[0m
[15.480s] [ 19%] [32mBuilding CXX object CMakeFiles/spot_msgs__rosidl_typesupport_cpp.dir/rosidl_typesupport_cpp/spot_msgs/msg/lease__type_support.cpp.o[0m
[15.489s] [ 19%] [32mBuilding CXX object CMakeFiles/spot_msgs__rosidl_typesupport_cpp.dir/rosidl_typesupport_cpp/spot_msgs/msg/system_fault_state__type_support.cpp.o[0m
[15.514s] [ 20%] [32mBuilding CXX object CMakeFiles/spot_msgs__rosidl_typesupport_cpp.dir/rosidl_typesupport_cpp/spot_msgs/srv/acquire_lease__type_support.cpp.o[0m
[15.537s] [ 20%] [32mBuilding CXX object CMakeFiles/spot_msgs__rosidl_typesupport_cpp.dir/rosidl_typesupport_cpp/spot_msgs/srv/choreography_recorded_state_to_animation__type_support.cpp.o[0m
[15.877s] [ 20%] [32mBuilding CXX object CMakeFiles/spot_msgs__rosidl_typesupport_cpp.dir/rosidl_typesupport_cpp/spot_msgs/srv/choreography_start_recording_state__type_support.cpp.o[0m
[15.891s] [ 20%] [32mBuilding CXX object CMakeFiles/spot_msgs__rosidl_typesupport_cpp.dir/rosidl_typesupport_cpp/spot_msgs/srv/get_choreography_status__type_support.cpp.o[0m
[15.892s] [ 20%] [32mBuilding CXX object CMakeFiles/spot_msgs__rosidl_typesupport_cpp.dir/rosidl_typesupport_cpp/spot_msgs/srv/choreography_stop_recording_state__type_support.cpp.o[0m
[15.893s] [ 20%] [32mBuilding CXX object CMakeFiles/spot_msgs__rosidl_typesupport_cpp.dir/rosidl_typesupport_cpp/spot_msgs/srv/get_inverse_kinematic_solutions__type_support.cpp.o[0m
[15.899s] [ 21%] [32mBuilding CXX object CMakeFiles/spot_msgs__rosidl_typesupport_cpp.dir/rosidl_typesupport_cpp/spot_msgs/srv/list_graph__type_support.cpp.o[0m
[15.920s] [ 21%] [32mBuilding CXX object CMakeFiles/spot_msgs__rosidl_typesupport_cpp.dir/rosidl_typesupport_cpp/spot_msgs/srv/list_world_objects__type_support.cpp.o[0m
[15.939s] [ 21%] [32mBuilding CXX object CMakeFiles/spot_msgs__rosidl_typesupport_cpp.dir/rosidl_typesupport_cpp/spot_msgs/srv/return_lease__type_support.cpp.o[0m
[15.939s] [ 21%] [32mBuilding CXX object CMakeFiles/spot_msgs__rosidl_typesupport_cpp.dir/rosidl_typesupport_cpp/spot_msgs/srv/set_locomotion__type_support.cpp.o[0m
[15.943s] [ 21%] [32mBuilding CXX object CMakeFiles/spot_msgs__rosidl_typesupport_cpp.dir/rosidl_typesupport_cpp/spot_msgs/srv/set_velocity__type_support.cpp.o[0m
[15.957s] [ 21%] [32mBuilding CXX object CMakeFiles/spot_msgs__rosidl_typesupport_cpp.dir/rosidl_typesupport_cpp/spot_msgs/srv/list_all_dances__type_support.cpp.o[0m
[15.974s] [ 22%] [32mBuilding CXX object CMakeFiles/spot_msgs__rosidl_typesupport_cpp.dir/rosidl_typesupport_cpp/spot_msgs/srv/list_all_moves__type_support.cpp.o[0m
[16.292s] [ 22%] [32mBuilding CXX object CMakeFiles/spot_msgs__rosidl_typesupport_cpp.dir/rosidl_typesupport_cpp/spot_msgs/srv/upload_animation__type_support.cpp.o[0m
[16.308s] [ 22%] [32mBuilding CXX object CMakeFiles/spot_msgs__rosidl_typesupport_cpp.dir/rosidl_typesupport_cpp/spot_msgs/srv/upload_sequence__type_support.cpp.o[0m
[16.331s] [ 22%] [32mBuilding CXX object CMakeFiles/spot_msgs__rosidl_typesupport_cpp.dir/rosidl_typesupport_cpp/spot_msgs/srv/clear_behavior_fault__type_support.cpp.o[0m
[16.337s] [ 22%] [32mBuilding CXX object CMakeFiles/spot_msgs__rosidl_typesupport_cpp.dir/rosidl_typesupport_cpp/spot_msgs/srv/list_sounds__type_support.cpp.o[0m
[16.338s] [ 22%] [32mBuilding CXX object CMakeFiles/spot_msgs__rosidl_typesupport_cpp.dir/rosidl_typesupport_cpp/spot_msgs/srv/load_sound__type_support.cpp.o[0m
[16.351s] [ 22%] [32mBuilding CXX object CMakeFiles/spot_msgs__rosidl_typesupport_cpp.dir/rosidl_typesupport_cpp/spot_msgs/srv/play_sound__type_support.cpp.o[0m
[16.355s] [ 23%] [32mBuilding CXX object CMakeFiles/spot_msgs__rosidl_typesupport_cpp.dir/rosidl_typesupport_cpp/spot_msgs/srv/delete_sound__type_support.cpp.o[0m
[16.356s] [ 23%] [32mBuilding CXX object CMakeFiles/spot_msgs__rosidl_typesupport_cpp.dir/rosidl_typesupport_cpp/spot_msgs/srv/get_volume__type_support.cpp.o[0m
[16.373s] [ 23%] [32mBuilding CXX object CMakeFiles/spot_msgs__rosidl_typesupport_cpp.dir/rosidl_typesupport_cpp/spot_msgs/srv/set_volume__type_support.cpp.o[0m
[16.404s] [ 23%] [32mBuilding CXX object CMakeFiles/spot_msgs__rosidl_typesupport_c.dir/rosidl_typesupport_c/spot_msgs/msg/battery_state_array__type_support.cpp.o[0m
[16.409s] [ 23%] [32mBuilding CXX object CMakeFiles/spot_msgs__rosidl_typesupport_c.dir/rosidl_typesupport_c/spot_msgs/msg/behavior_fault__type_support.cpp.o[0m
[16.427s] [ 23%] [32mBuilding CXX object CMakeFiles/spot_msgs__rosidl_typesupport_cpp.dir/rosidl_typesupport_cpp/spot_msgs/srv/list_ptz__type_support.cpp.o[0m
[16.457s] [ 23%] [32mBuilding CXX object CMakeFiles/spot_msgs__rosidl_typesupport_cpp.dir/rosidl_typesupport_cpp/spot_msgs/srv/get_ptz_position__type_support.cpp.o[0m
[16.463s] [ 23%] [32mBuilding CXX object CMakeFiles/spot_msgs__rosidl_typesupport_c.dir/rosidl_typesupport_c/spot_msgs/msg/e_stop_state_array__type_support.cpp.o[0m
[16.513s] [ 23%] [32mBuilding CXX object CMakeFiles/spot_msgs__rosidl_typesupport_c.dir/rosidl_typesupport_c/spot_msgs/msg/foot_state_array__type_support.cpp.o[0m
[16.568s] [ 23%] [32mBuilding CXX object CMakeFiles/spot_msgs__rosidl_typesupport_c.dir/rosidl_typesupport_c/spot_msgs/msg/lease_array__type_support.cpp.o[0m
[16.639s] [ 23%] [32mBuilding CXX object CMakeFiles/spot_msgs__rosidl_typesupport_c.dir/rosidl_typesupport_c/spot_msgs/msg/lease_owner__type_support.cpp.o[0m
[16.733s] [ 24%] [32mBuilding CXX object CMakeFiles/spot_msgs__rosidl_typesupport_c.dir/rosidl_typesupport_c/spot_msgs/msg/mobility_params__type_support.cpp.o[0m
[16.733s] [ 24%] [32mBuilding CXX object CMakeFiles/spot_msgs__rosidl_typesupport_c.dir/rosidl_typesupport_c/spot_msgs/msg/metrics__type_support.cpp.o[0m
[16.751s] [ 24%] [32mBuilding CXX object CMakeFiles/spot_msgs__rosidl_typesupport_cpp.dir/rosidl_typesupport_cpp/spot_msgs/srv/set_ptz_position__type_support.cpp.o[0m
[16.755s] [ 24%] [32mBuilding CXX object CMakeFiles/spot_msgs__rosidl_typesupport_c.dir/rosidl_typesupport_c/spot_msgs/msg/system_fault__type_support.cpp.o[0m
[16.756s] [ 25%] [32mBuilding CXX object CMakeFiles/spot_msgs__rosidl_typesupport_cpp.dir/rosidl_typesupport_cpp/spot_msgs/srv/initialize_lens__type_support.cpp.o[0m
[16.763s] [ 25%] [32mBuilding CXX object CMakeFiles/spot_msgs__rosidl_typesupport_c.dir/rosidl_typesupport_c/spot_msgs/msg/wi_fi_state__type_support.cpp.o[0m
[16.779s] [ 25%] [32mBuilding CXX object CMakeFiles/spot_msgs__rosidl_typesupport_cpp.dir/rosidl_typesupport_cpp/spot_msgs/srv/delete_logpoint__type_support.cpp.o[0m
[16.781s] [ 25%] [32mBuilding CXX object CMakeFiles/spot_msgs__rosidl_typesupport_c.dir/rosidl_typesupport_c/spot_msgs/msg/battery_state__type_support.cpp.o[0m
[16.785s] [ 26%] [32mBuilding CXX object CMakeFiles/spot_msgs__rosidl_typesupport_c.dir/rosidl_typesupport_c/spot_msgs/msg/e_stop_state__type_support.cpp.o[0m
[16.793s] [ 26%] [32mBuilding CXX object CMakeFiles/spot_msgs__rosidl_typesupport_c.dir/rosidl_typesupport_c/spot_msgs/msg/behavior_fault_state__type_support.cpp.o[0m
[16.811s] [ 26%] [32mBuilding CXX object CMakeFiles/spot_msgs__rosidl_typesupport_cpp.dir/rosidl_typesupport_cpp/spot_msgs/srv/get_logpoint_status__type_support.cpp.o[0m
[16.811s] [ 26%] [32mBuilding CXX object CMakeFiles/spot_msgs__rosidl_typesupport_c.dir/rosidl_typesupport_c/spot_msgs/msg/feedback__type_support.cpp.o[0m
[16.816s] [ 26%] [32mBuilding CXX object CMakeFiles/spot_msgs__rosidl_typesupport_c.dir/rosidl_typesupport_c/spot_msgs/msg/foot_state__type_support.cpp.o[0m
[16.829s] [ 26%] [32mBuilding CXX object CMakeFiles/spot_msgs__rosidl_typesupport_c.dir/rosidl_typesupport_c/spot_msgs/msg/joint_command__type_support.cpp.o[0m
[16.830s] [ 26%] [32mBuilding CXX object CMakeFiles/spot_msgs__rosidl_typesupport_cpp.dir/rosidl_typesupport_cpp/spot_msgs/srv/list_cameras__type_support.cpp.o[0m
[16.843s] [ 26%] [32mBuilding CXX object CMakeFiles/spot_msgs__rosidl_typesupport_c.dir/rosidl_typesupport_c/spot_msgs/msg/lease__type_support.cpp.o[0m
[16.846s] [ 26%] [32mBuilding CXX object CMakeFiles/spot_msgs__rosidl_typesupport_c.dir/rosidl_typesupport_c/spot_msgs/msg/lease_resource__type_support.cpp.o[0m
[16.859s] [ 27%] [32mBuilding CXX object CMakeFiles/spot_msgs__rosidl_typesupport_c.dir/rosidl_typesupport_c/spot_msgs/msg/power_state__type_support.cpp.o[0m
[16.865s] [ 27%] [32mBuilding CXX object CMakeFiles/spot_msgs__rosidl_typesupport_c.dir/rosidl_typesupport_c/spot_msgs/msg/system_fault_state__type_support.cpp.o[0m
[16.874s] [ 27%] [32mBuilding CXX object CMakeFiles/spot_msgs__rosidl_typesupport_c.dir/rosidl_typesupport_c/spot_msgs/srv/acquire_lease__type_support.cpp.o[0m
[16.882s] [ 27%] [32mBuilding CXX object CMakeFiles/spot_msgs__rosidl_typesupport_cpp.dir/rosidl_typesupport_cpp/spot_msgs/srv/list_logpoints__type_support.cpp.o[0m
[16.882s] [ 27%] [32mBuilding CXX object CMakeFiles/spot_msgs__rosidl_typesupport_c.dir/rosidl_typesupport_c/spot_msgs/srv/choreography_recorded_state_to_animation__type_support.cpp.o[0m
[16.894s] [ 27%] [32mBuilding CXX object CMakeFiles/spot_msgs__rosidl_typesupport_c.dir/rosidl_typesupport_c/spot_msgs/srv/choreography_start_recording_state__type_support.cpp.o[0m
[16.904s] [ 27%] [32mBuilding CXX object CMakeFiles/spot_msgs__rosidl_typesupport_cpp.dir/rosidl_typesupport_cpp/spot_msgs/srv/retrieve_logpoint__type_support.cpp.o[0m
[16.906s] [ 27%] [32mBuilding CXX object CMakeFiles/spot_msgs__rosidl_typesupport_c.dir/rosidl_typesupport_c/spot_msgs/srv/choreography_stop_recording_state__type_support.cpp.o[0m
[16.924s] [ 28%] [32mBuilding CXX object CMakeFiles/spot_msgs__rosidl_typesupport_cpp.dir/rosidl_typesupport_cpp/spot_msgs/srv/robot_command__type_support.cpp.o[0m
[16.930s] [ 29%] [32mBuilding CXX object CMakeFiles/spot_msgs__rosidl_typesupport_c.dir/rosidl_typesupport_c/spot_msgs/srv/get_choreography_status__type_support.cpp.o[0m
[16.940s] [ 29%] [32mBuilding CXX object CMakeFiles/spot_msgs__rosidl_typesupport_c.dir/rosidl_typesupport_c/spot_msgs/srv/get_inverse_kinematic_solutions__type_support.cpp.o[0m
[16.957s] [ 29%] [32mBuilding CXX object CMakeFiles/spot_msgs__rosidl_typesupport_cpp.dir/rosidl_typesupport_cpp/spot_msgs/srv/set_gripper_angle__type_support.cpp.o[0m
[16.972s] [ 29%] [32mBuilding CXX object CMakeFiles/spot_msgs__rosidl_typesupport_cpp.dir/rosidl_typesupport_cpp/spot_msgs/srv/store_logpoint__type_support.cpp.o[0m
[16.997s] [ 29%] [32mBuilding CXX object CMakeFiles/spot_msgs__rosidl_typesupport_cpp.dir/rosidl_typesupport_cpp/spot_msgs/srv/tag_logpoint__type_support.cpp.o[0m
[17.007s] [ 29%] [32mBuilding CXX object CMakeFiles/spot_msgs__rosidl_typesupport_c.dir/rosidl_typesupport_c/spot_msgs/srv/list_graph__type_support.cpp.o[0m
[17.069s] [ 29%] [32mBuilding CXX object CMakeFiles/spot_msgs__rosidl_typesupport_c.dir/rosidl_typesupport_c/spot_msgs/srv/list_world_objects__type_support.cpp.o[0m
[17.154s] [ 29%] [32mBuilding CXX object CMakeFiles/spot_msgs__rosidl_typesupport_c.dir/rosidl_typesupport_c/spot_msgs/srv/return_lease__type_support.cpp.o[0m
[17.154s] [ 29%] [32mBuilding CXX object CMakeFiles/spot_msgs__rosidl_typesupport_c.dir/rosidl_typesupport_c/spot_msgs/srv/set_locomotion__type_support.cpp.o[0m
[17.186s] [ 30%] [32mBuilding CXX object CMakeFiles/spot_msgs__rosidl_typesupport_c.dir/rosidl_typesupport_c/spot_msgs/srv/set_velocity__type_support.cpp.o[0m
[17.187s] [ 30%] [32mBuilding CXX object CMakeFiles/spot_msgs__rosidl_typesupport_c.dir/rosidl_typesupport_c/spot_msgs/srv/list_all_dances__type_support.cpp.o[0m
[17.223s] [ 30%] [32mBuilding CXX object CMakeFiles/spot_msgs__rosidl_typesupport_c.dir/rosidl_typesupport_c/spot_msgs/srv/list_all_moves__type_support.cpp.o[0m
[17.236s] [ 30%] [32mBuilding CXX object CMakeFiles/spot_msgs__rosidl_typesupport_c.dir/rosidl_typesupport_c/spot_msgs/srv/upload_animation__type_support.cpp.o[0m
[17.241s] [ 30%] [32mBuilding CXX object CMakeFiles/spot_msgs__rosidl_typesupport_c.dir/rosidl_typesupport_c/spot_msgs/srv/upload_sequence__type_support.cpp.o[0m
[17.241s] [ 30%] [32mBuilding CXX object CMakeFiles/spot_msgs__rosidl_typesupport_cpp.dir/rosidl_typesupport_cpp/spot_msgs/srv/get_led_brightness__type_support.cpp.o[0m
[17.268s] [ 30%] [32mBuilding CXX object CMakeFiles/spot_msgs__rosidl_typesupport_c.dir/rosidl_typesupport_c/spot_msgs/srv/clear_behavior_fault__type_support.cpp.o[0m
[17.272s] [ 30%] [32mBuilding CXX object CMakeFiles/spot_msgs__rosidl_typesupport_cpp.dir/rosidl_typesupport_cpp/spot_msgs/srv/set_led_brightness__type_support.cpp.o[0m
[17.283s] [ 31%] [32mBuilding CXX object CMakeFiles/spot_msgs__rosidl_typesupport_c.dir/rosidl_typesupport_c/spot_msgs/srv/list_sounds__type_support.cpp.o[0m
[17.303s] [ 32%] [32mBuilding CXX object CMakeFiles/spot_msgs__rosidl_typesupport_cpp.dir/rosidl_typesupport_cpp/spot_msgs/srv/graph_nav_upload_graph__type_support.cpp.o[0m
[17.305s] [ 32%] [32mBuilding CXX object CMakeFiles/spot_msgs__rosidl_typesupport_c.dir/rosidl_typesupport_c/spot_msgs/srv/load_sound__type_support.cpp.o[0m
[17.319s] [ 32%] [32mBuilding CXX object CMakeFiles/spot_msgs__rosidl_typesupport_cpp.dir/rosidl_typesupport_cpp/spot_msgs/srv/graph_nav_clear_graph__type_support.cpp.o[0m
[17.337s] [ 32%] [32mBuilding CXX object CMakeFiles/spot_msgs__rosidl_typesupport_c.dir/rosidl_typesupport_c/spot_msgs/srv/play_sound__type_support.cpp.o[0m
[17.337s] [ 32%] [32mBuilding CXX object CMakeFiles/spot_msgs__rosidl_typesupport_cpp.dir/rosidl_typesupport_cpp/spot_msgs/srv/graph_nav_set_localization__type_support.cpp.o[0m
[17.348s] [ 32%] [32mBuilding CXX object CMakeFiles/spot_msgs__rosidl_typesupport_c.dir/rosidl_typesupport_c/spot_msgs/srv/delete_sound__type_support.cpp.o[0m
[17.366s] [ 32%] [32mBuilding CXX object CMakeFiles/spot_msgs__rosidl_typesupport_cpp.dir/rosidl_typesupport_cpp/spot_msgs/srv/graph_nav_get_localization_pose__type_support.cpp.o[0m
[17.380s] [ 32%] [32mBuilding CXX object CMakeFiles/spot_msgs__rosidl_typesupport_c.dir/rosidl_typesupport_c/spot_msgs/srv/get_volume__type_support.cpp.o[0m
[17.396s] [ 32%] [32mBuilding CXX object CMakeFiles/spot_msgs__rosidl_typesupport_cpp.dir/rosidl_typesupport_cpp/spot_msgs/srv/dock__type_support.cpp.o[0m
[17.396s] [ 32%] [32mBuilding CXX object CMakeFiles/spot_msgs__rosidl_typesupport_cpp.dir/rosidl_typesupport_cpp/spot_msgs/srv/get_gripper_camera_parameters__type_support.cpp.o[0m
[17.406s] [ 33%] [32mBuilding CXX object CMakeFiles/spot_msgs__rosidl_typesupport_cpp.dir/rosidl_typesupport_cpp/spot_msgs/srv/override_grasp_or_carry__type_support.cpp.o[0m
[17.407s] [ 33%] [32mBuilding CXX object CMakeFiles/spot_msgs__rosidl_typesupport_cpp.dir/rosidl_typesupport_cpp/spot_msgs/srv/set_gripper_camera_parameters__type_support.cpp.o[0m
[17.420s] [ 33%] [32mBuilding CXX object CMakeFiles/spot_msgs__rosidl_typesupport_c.dir/rosidl_typesupport_c/spot_msgs/srv/set_volume__type_support.cpp.o[0m
[17.437s] [ 33%] [32mBuilding CXX object CMakeFiles/spot_msgs__rosidl_typesupport_c.dir/rosidl_typesupport_c/spot_msgs/srv/list_ptz__type_support.cpp.o[0m
[17.474s] [ 33%] [32mBuilding CXX object CMakeFiles/spot_msgs__rosidl_typesupport_cpp.dir/rosidl_typesupport_cpp/spot_msgs/srv/set_stand_height__type_support.cpp.o[0m
[17.489s] [ 34%] [32mBuilding CXX object CMakeFiles/spot_msgs__rosidl_typesupport_c.dir/rosidl_typesupport_c/spot_msgs/srv/get_ptz_position__type_support.cpp.o[0m
[17.547s] [ 34%] [32mBuilding CXX object CMakeFiles/spot_msgs__rosidl_typesupport_c.dir/rosidl_typesupport_c/spot_msgs/srv/set_ptz_position__type_support.cpp.o[0m
[17.605s] [ 34%] [32mBuilding CXX object CMakeFiles/spot_msgs__rosidl_typesupport_c.dir/rosidl_typesupport_c/spot_msgs/srv/initialize_lens__type_support.cpp.o[0m
[17.640s] [ 34%] [32mBuilding CXX object CMakeFiles/spot_msgs__rosidl_typesupport_cpp.dir/rosidl_typesupport_cpp/spot_msgs/srv/set_stairs_mode__type_support.cpp.o[0m
[17.663s] [ 34%] [32mBuilding CXX object CMakeFiles/spot_msgs__rosidl_typesupport_c.dir/rosidl_typesupport_c/spot_msgs/srv/delete_logpoint__type_support.cpp.o[0m
[17.700s] [ 34%] [32mBuilding CXX object CMakeFiles/spot_msgs__rosidl_typesupport_c.dir/rosidl_typesupport_c/spot_msgs/srv/get_logpoint_status__type_support.cpp.o[0m
[17.721s] [ 34%] [32mBuilding CXX object CMakeFiles/spot_msgs__rosidl_typesupport_c.dir/rosidl_typesupport_c/spot_msgs/srv/list_cameras__type_support.cpp.o[0m
[17.725s] [ 34%] [32mBuilding CXX object CMakeFiles/spot_msgs__rosidl_typesupport_cpp.dir/rosidl_typesupport_cpp/spot_msgs/srv/mutate_world_object__type_support.cpp.o[0m
[17.745s] [ 34%] [32mBuilding CXX object CMakeFiles/spot_msgs__rosidl_typesupport_cpp.dir/rosidl_typesupport_cpp/spot_msgs/action/arm_surface_contact__type_support.cpp.o[0m
[17.753s] [ 35%] [32mBuilding CXX object CMakeFiles/spot_msgs__rosidl_typesupport_c.dir/rosidl_typesupport_c/spot_msgs/srv/list_logpoints__type_support.cpp.o[0m
[17.757s] [ 35%] [32mBuilding CXX object CMakeFiles/spot_msgs__rosidl_typesupport_c.dir/rosidl_typesupport_c/spot_msgs/srv/retrieve_logpoint__type_support.cpp.o[0m
[17.788s] [ 35%] [32mBuilding CXX object CMakeFiles/spot_msgs__rosidl_typesupport_c.dir/rosidl_typesupport_c/spot_msgs/srv/robot_command__type_support.cpp.o[0m
[17.811s] [ 36%] [32mBuilding CXX object CMakeFiles/spot_msgs__rosidl_typesupport_cpp.dir/rosidl_typesupport_cpp/spot_msgs/action/execute_dance__type_support.cpp.o[0m
[17.811s] [ 36%] [32mBuilding CXX object CMakeFiles/spot_msgs__rosidl_typesupport_c.dir/rosidl_typesupport_c/spot_msgs/srv/set_gripper_angle__type_support.cpp.o[0m
[17.817s] [ 36%] [32mBuilding CXX object CMakeFiles/spot_msgs__rosidl_typesupport_c.dir/rosidl_typesupport_c/spot_msgs/srv/store_logpoint__type_support.cpp.o[0m
[17.825s] [ 36%] [32mBuilding CXX object CMakeFiles/spot_msgs__rosidl_typesupport_c.dir/rosidl_typesupport_c/spot_msgs/srv/tag_logpoint__type_support.cpp.o[0m
[17.828s] [ 36%] [32mBuilding CXX object CMakeFiles/spot_msgs__rosidl_typesupport_cpp.dir/rosidl_typesupport_cpp/spot_msgs/action/navigate_to__type_support.cpp.o[0m
[17.833s] [ 37%] [32mBuilding CXX object CMakeFiles/spot_msgs__rosidl_typesupport_c.dir/rosidl_typesupport_c/spot_msgs/srv/get_led_brightness__type_support.cpp.o[0m
[17.847s] [ 37%] [32mBuilding CXX object CMakeFiles/spot_msgs__rosidl_typesupport_cpp.dir/rosidl_typesupport_cpp/spot_msgs/action/robot_command__type_support.cpp.o[0m
[17.863s] [ 37%] [32mBuilding CXX object CMakeFiles/spot_msgs__rosidl_typesupport_cpp.dir/rosidl_typesupport_cpp/spot_msgs/action/trajectory__type_support.cpp.o[0m
[17.864s] [ 37%] [32mBuilding CXX object CMakeFiles/spot_msgs__rosidl_typesupport_c.dir/rosidl_typesupport_c/spot_msgs/srv/set_led_brightness__type_support.cpp.o[0m
[17.868s] [ 37%] [32mBuilding CXX object CMakeFiles/spot_msgs__rosidl_typesupport_cpp.dir/rosidl_typesupport_cpp/spot_msgs/action/manipulation__type_support.cpp.o[0m
[17.899s] [ 37%] [32mBuilding CXX object CMakeFiles/spot_msgs__rosidl_typesupport_c.dir/rosidl_typesupport_c/spot_msgs/srv/graph_nav_upload_graph__type_support.cpp.o[0m
[17.918s] [ 37%] [32mBuilding CXX object CMakeFiles/spot_msgs__rosidl_typesupport_c.dir/rosidl_typesupport_c/spot_msgs/srv/graph_nav_clear_graph__type_support.cpp.o[0m
[17.918s] [ 37%] [32mBuilding CXX object CMakeFiles/spot_msgs__rosidl_typesupport_c.dir/rosidl_typesupport_c/spot_msgs/srv/graph_nav_set_localization__type_support.cpp.o[0m
[17.930s] [ 37%] [32mBuilding CXX object CMakeFiles/spot_msgs__rosidl_typesupport_c.dir/rosidl_typesupport_c/spot_msgs/srv/graph_nav_get_localization_pose__type_support.cpp.o[0m
[17.960s] [ 38%] [32mBuilding CXX object CMakeFiles/spot_msgs__rosidl_typesupport_c.dir/rosidl_typesupport_c/spot_msgs/srv/dock__type_support.cpp.o[0m
[17.972s] [ 38%] [32mBuilding CXX object CMakeFiles/spot_msgs__rosidl_typesupport_c.dir/rosidl_typesupport_c/spot_msgs/srv/get_gripper_camera_parameters__type_support.cpp.o[0m
[17.973s] [ 38%] [32mBuilding CXX object CMakeFiles/spot_msgs__rosidl_typesupport_c.dir/rosidl_typesupport_c/spot_msgs/srv/set_gripper_camera_parameters__type_support.cpp.o[0m
[18.002s] [ 38%] [32mBuilding CXX object CMakeFiles/spot_msgs__rosidl_typesupport_c.dir/rosidl_typesupport_c/spot_msgs/srv/override_grasp_or_carry__type_support.cpp.o[0m
[18.018s] [ 38%] [32mBuilding CXX object CMakeFiles/spot_msgs__rosidl_typesupport_c.dir/rosidl_typesupport_c/spot_msgs/srv/set_stand_height__type_support.cpp.o[0m
[18.025s] [ 38%] [32mBuilding CXX object CMakeFiles/spot_msgs__rosidl_typesupport_c.dir/rosidl_typesupport_c/spot_msgs/srv/set_stairs_mode__type_support.cpp.o[0m
[18.039s] [ 39%] [32mBuilding CXX object CMakeFiles/spot_msgs__rosidl_typesupport_c.dir/rosidl_typesupport_c/spot_msgs/srv/mutate_world_object__type_support.cpp.o[0m
[18.081s] [ 39%] [32mBuilding CXX object CMakeFiles/spot_msgs__rosidl_typesupport_c.dir/rosidl_typesupport_c/spot_msgs/action/arm_surface_contact__type_support.cpp.o[0m
[18.081s] [ 39%] [32mBuilding CXX object CMakeFiles/spot_msgs__rosidl_typesupport_c.dir/rosidl_typesupport_c/spot_msgs/action/execute_dance__type_support.cpp.o[0m
[18.114s] [ 39%] [32mBuilding CXX object CMakeFiles/spot_msgs__rosidl_typesupport_c.dir/rosidl_typesupport_c/spot_msgs/action/navigate_to__type_support.cpp.o[0m
[18.122s] [ 39%] [32mBuilding CXX object CMakeFiles/spot_msgs__rosidl_typesupport_c.dir/rosidl_typesupport_c/spot_msgs/action/robot_command__type_support.cpp.o[0m
[18.160s] [ 39%] [32mBuilding CXX object CMakeFiles/spot_msgs__rosidl_typesupport_c.dir/rosidl_typesupport_c/spot_msgs/action/trajectory__type_support.cpp.o[0m
[18.174s] [ 40%] [32mBuilding CXX object CMakeFiles/spot_msgs__rosidl_typesupport_c.dir/rosidl_typesupport_c/spot_msgs/action/manipulation__type_support.cpp.o[0m
[18.216s] [ 40%] [32mBuilding CXX object CMakeFiles/spot_msgs__rosidl_typesupport_introspection_cpp.dir/rosidl_typesupport_introspection_cpp/spot_msgs/msg/detail/battery_state_array__type_support.cpp.o[0m
[18.228s] [ 40%] [32mBuilding CXX object CMakeFiles/spot_msgs__rosidl_typesupport_introspection_cpp.dir/rosidl_typesupport_introspection_cpp/spot_msgs/msg/detail/behavior_fault__type_support.cpp.o[0m
[18.251s] [ 40%] [32mBuilding CXX object CMakeFiles/spot_msgs__rosidl_typesupport_introspection_cpp.dir/rosidl_typesupport_introspection_cpp/spot_msgs/msg/detail/foot_state_array__type_support.cpp.o[0m
[18.251s] [ 41%] [32mBuilding CXX object CMakeFiles/spot_msgs__rosidl_typesupport_introspection_cpp.dir/rosidl_typesupport_introspection_cpp/spot_msgs/msg/detail/e_stop_state_array__type_support.cpp.o[0m
[18.273s] [ 41%] [32m[1mLinking CXX shared library libspot_msgs__rosidl_typesupport_c.so[0m
[18.287s] [ 41%] [32mBuilding CXX object CMakeFiles/spot_msgs__rosidl_typesupport_introspection_cpp.dir/rosidl_typesupport_introspection_cpp/spot_msgs/msg/detail/lease_array__type_support.cpp.o[0m
[18.320s] [ 41%] [32mBuilding CXX object CMakeFiles/spot_msgs__rosidl_typesupport_introspection_cpp.dir/rosidl_typesupport_introspection_cpp/spot_msgs/msg/detail/lease_owner__type_support.cpp.o[0m
[18.410s] [ 41%] Built target spot_msgs__rosidl_typesupport_c
[18.441s] [ 41%] [32mBuilding CXX object CMakeFiles/spot_msgs__rosidl_typesupport_introspection_cpp.dir/rosidl_typesupport_introspection_cpp/spot_msgs/msg/detail/metrics__type_support.cpp.o[0m
[18.503s] [ 41%] [32mBuilding CXX object CMakeFiles/spot_msgs__rosidl_typesupport_introspection_cpp.dir/rosidl_typesupport_introspection_cpp/spot_msgs/msg/detail/mobility_params__type_support.cpp.o[0m
[18.509s] [ 42%] [32mBuilding CXX object CMakeFiles/spot_msgs__rosidl_typesupport_introspection_cpp.dir/rosidl_typesupport_introspection_cpp/spot_msgs/msg/detail/system_fault__type_support.cpp.o[0m
[18.527s] [ 42%] [32mBuilding CXX object CMakeFiles/spot_msgs__rosidl_typesupport_introspection_cpp.dir/rosidl_typesupport_introspection_cpp/spot_msgs/msg/detail/wi_fi_state__type_support.cpp.o[0m
[18.564s] [ 42%] [32mBuilding CXX object CMakeFiles/spot_msgs__rosidl_typesupport_introspection_cpp.dir/rosidl_typesupport_introspection_cpp/spot_msgs/msg/detail/battery_state__type_support.cpp.o[0m
[18.675s] [ 42%] [32mBuilding CXX object CMakeFiles/spot_msgs__rosidl_typesupport_introspection_cpp.dir/rosidl_typesupport_introspection_cpp/spot_msgs/msg/detail/behavior_fault_state__type_support.cpp.o[0m
[18.717s] [ 42%] [32m[1mLinking CXX shared library libspot_msgs__rosidl_typesupport_cpp.so[0m
[18.823s] [ 42%] Built target spot_msgs__rosidl_typesupport_cpp
[18.845s] [ 42%] [32mBuilding CXX object CMakeFiles/spot_msgs__rosidl_typesupport_introspection_cpp.dir/rosidl_typesupport_introspection_cpp/spot_msgs/msg/detail/e_stop_state__type_support.cpp.o[0m
[18.846s] [ 42%] [32mBuilding CXX object CMakeFiles/spot_msgs__rosidl_typesupport_introspection_cpp.dir/rosidl_typesupport_introspection_cpp/spot_msgs/msg/detail/feedback__type_support.cpp.o[0m
[18.893s] [ 43%] [32mBuilding CXX object CMakeFiles/spot_msgs__rosidl_typesupport_introspection_cpp.dir/rosidl_typesupport_introspection_cpp/spot_msgs/msg/detail/foot_state__type_support.cpp.o[0m
[18.945s] [ 43%] [32mBuilding CXX object CMakeFiles/spot_msgs__rosidl_typesupport_introspection_cpp.dir/rosidl_typesupport_introspection_cpp/spot_msgs/msg/detail/joint_command__type_support.cpp.o[0m
[18.958s] [ 43%] [32mBuilding CXX object CMakeFiles/spot_msgs__rosidl_typesupport_introspection_cpp.dir/rosidl_typesupport_introspection_cpp/spot_msgs/msg/detail/lease__type_support.cpp.o[0m
[18.972s] [ 43%] [32mBuilding CXX object CMakeFiles/spot_msgs__rosidl_typesupport_introspection_cpp.dir/rosidl_typesupport_introspection_cpp/spot_msgs/msg/detail/lease_resource__type_support.cpp.o[0m
[19.023s] [ 43%] [32mBuilding CXX object CMakeFiles/spot_msgs__rosidl_typesupport_introspection_cpp.dir/rosidl_typesupport_introspection_cpp/spot_msgs/msg/detail/power_state__type_support.cpp.o[0m
[19.074s] [ 43%] [32mBuilding CXX object CMakeFiles/spot_msgs__rosidl_typesupport_introspection_cpp.dir/rosidl_typesupport_introspection_cpp/spot_msgs/msg/detail/system_fault_state__type_support.cpp.o[0m
[19.125s] [ 44%] [32mBuilding CXX object CMakeFiles/spot_msgs__rosidl_typesupport_introspection_cpp.dir/rosidl_typesupport_introspection_cpp/spot_msgs/srv/detail/acquire_lease__type_support.cpp.o[0m
[19.139s] [ 44%] [32mBuilding CXX object CMakeFiles/spot_msgs__rosidl_typesupport_introspection_cpp.dir/rosidl_typesupport_introspection_cpp/spot_msgs/srv/detail/choreography_recorded_state_to_animation__type_support.cpp.o[0m
[19.151s] [ 44%] [32mBuilding CXX object CMakeFiles/spot_msgs__rosidl_typesupport_introspection_cpp.dir/rosidl_typesupport_introspection_cpp/spot_msgs/srv/detail/choreography_start_recording_state__type_support.cpp.o[0m
[19.268s] [ 44%] [32mBuilding CXX object CMakeFiles/spot_msgs__rosidl_typesupport_introspection_cpp.dir/rosidl_typesupport_introspection_cpp/spot_msgs/srv/detail/choreography_stop_recording_state__type_support.cpp.o[0m
[19.342s] [ 44%] [32mBuilding CXX object CMakeFiles/spot_msgs__rosidl_typesupport_introspection_cpp.dir/rosidl_typesupport_introspection_cpp/spot_msgs/srv/detail/get_choreography_status__type_support.cpp.o[0m
[19.444s] [ 44%] [32mBuilding CXX object CMakeFiles/spot_msgs__rosidl_typesupport_introspection_cpp.dir/rosidl_typesupport_introspection_cpp/spot_msgs/srv/detail/get_inverse_kinematic_solutions__type_support.cpp.o[0m
[19.459s] [ 45%] [32mBuilding CXX object CMakeFiles/spot_msgs__rosidl_typesupport_introspection_cpp.dir/rosidl_typesupport_introspection_cpp/spot_msgs/srv/detail/list_graph__type_support.cpp.o[0m
[19.501s] [ 45%] [32mBuilding CXX object CMakeFiles/spot_msgs__rosidl_typesupport_introspection_cpp.dir/rosidl_typesupport_introspection_cpp/spot_msgs/srv/detail/list_world_objects__type_support.cpp.o[0m
[19.606s] [ 45%] [32mBuilding CXX object CMakeFiles/spot_msgs__rosidl_typesupport_introspection_cpp.dir/rosidl_typesupport_introspection_cpp/spot_msgs/srv/detail/return_lease__type_support.cpp.o[0m
[19.618s] [ 45%] [32mBuilding CXX object CMakeFiles/spot_msgs__rosidl_typesupport_introspection_cpp.dir/rosidl_typesupport_introspection_cpp/spot_msgs/srv/detail/set_locomotion__type_support.cpp.o[0m
[19.640s] [ 45%] [32mBuilding CXX object CMakeFiles/spot_msgs__rosidl_typesupport_introspection_cpp.dir/rosidl_typesupport_introspection_cpp/spot_msgs/srv/detail/set_velocity__type_support.cpp.o[0m
[19.700s] [ 45%] [32mBuilding CXX object CMakeFiles/spot_msgs__rosidl_typesupport_introspection_cpp.dir/rosidl_typesupport_introspection_cpp/spot_msgs/srv/detail/list_all_dances__type_support.cpp.o[0m
[19.725s] [ 45%] [32mBuilding C object CMakeFiles/spot_msgs__rosidl_typesupport_introspection_c.dir/rosidl_typesupport_introspection_c/spot_msgs/msg/detail/behavior_fault__type_support.c.o[0m
[19.726s] [ 45%] [32mBuilding C object CMakeFiles/spot_msgs__rosidl_typesupport_introspection_c.dir/rosidl_typesupport_introspection_c/spot_msgs/msg/detail/battery_state_array__type_support.c.o[0m
[19.770s] [ 45%] [32mBuilding C object CMakeFiles/spot_msgs__rosidl_typesupport_introspection_c.dir/rosidl_typesupport_introspection_c/spot_msgs/msg/detail/e_stop_state_array__type_support.c.o[0m
[19.784s] [ 46%] [32mBuilding CXX object CMakeFiles/spot_msgs__rosidl_typesupport_introspection_cpp.dir/rosidl_typesupport_introspection_cpp/spot_msgs/srv/detail/list_all_moves__type_support.cpp.o[0m
[19.792s] [ 46%] [32mBuilding CXX object CMakeFiles/spot_msgs__rosidl_typesupport_introspection_cpp.dir/rosidl_typesupport_introspection_cpp/spot_msgs/srv/detail/upload_animation__type_support.cpp.o[0m
[19.795s] [ 46%] [32mBuilding C object CMakeFiles/spot_msgs__rosidl_typesupport_introspection_c.dir/rosidl_typesupport_introspection_c/spot_msgs/msg/detail/foot_state_array__type_support.c.o[0m
[19.795s] [ 46%] [32mBuilding CXX object CMakeFiles/spot_msgs__rosidl_typesupport_introspection_cpp.dir/rosidl_typesupport_introspection_cpp/spot_msgs/srv/detail/upload_sequence__type_support.cpp.o[0m
[19.839s] [ 46%] [32mBuilding CXX object CMakeFiles/spot_msgs__rosidl_typesupport_introspection_cpp.dir/rosidl_typesupport_introspection_cpp/spot_msgs/srv/detail/clear_behavior_fault__type_support.cpp.o[0m
[19.865s] [ 46%] [32mBuilding C object CMakeFiles/spot_msgs__rosidl_typesupport_introspection_c.dir/rosidl_typesupport_introspection_c/spot_msgs/msg/detail/lease_array__type_support.c.o[0m
[19.886s] [ 46%] [32mBuilding CXX object CMakeFiles/spot_msgs__rosidl_typesupport_introspection_cpp.dir/rosidl_typesupport_introspection_cpp/spot_msgs/srv/detail/list_sounds__type_support.cpp.o[0m
[19.931s] [ 46%] [32mBuilding C object CMakeFiles/spot_msgs__rosidl_typesupport_introspection_c.dir/rosidl_typesupport_introspection_c/spot_msgs/msg/detail/lease_owner__type_support.c.o[0m
[19.937s] [ 47%] [32mBuilding C object CMakeFiles/spot_msgs__rosidl_typesupport_introspection_c.dir/rosidl_typesupport_introspection_c/spot_msgs/msg/detail/metrics__type_support.c.o[0m
[20.002s] [ 47%] [32mBuilding C object CMakeFiles/spot_msgs__rosidl_typesupport_introspection_c.dir/rosidl_typesupport_introspection_c/spot_msgs/msg/detail/mobility_params__type_support.c.o[0m
[20.005s] [ 47%] [32mBuilding CXX object CMakeFiles/spot_msgs__rosidl_typesupport_introspection_cpp.dir/rosidl_typesupport_introspection_cpp/spot_msgs/srv/detail/load_sound__type_support.cpp.o[0m
[20.065s] [ 47%] [32mBuilding C object CMakeFiles/spot_msgs__rosidl_typesupport_introspection_c.dir/rosidl_typesupport_introspection_c/spot_msgs/msg/detail/system_fault__type_support.c.o[0m
[20.081s] [ 47%] [32mBuilding CXX object CMakeFiles/spot_msgs__rosidl_typesupport_fastrtps_cpp.dir/rosidl_typesupport_fastrtps_cpp/spot_msgs/msg/detail/dds_fastrtps/battery_state_array__type_support.cpp.o[0m
[20.113s] [ 47%] [32mBuilding C object CMakeFiles/spot_msgs__rosidl_typesupport_introspection_c.dir/rosidl_typesupport_introspection_c/spot_msgs/msg/detail/wi_fi_state__type_support.c.o[0m
[20.152s] [ 47%] [32mBuilding CXX object CMakeFiles/spot_msgs__rosidl_typesupport_introspection_cpp.dir/rosidl_typesupport_introspection_cpp/spot_msgs/srv/detail/play_sound__type_support.cpp.o[0m
[20.166s] [ 47%] [32mBuilding CXX object CMakeFiles/spot_msgs__rosidl_typesupport_fastrtps_cpp.dir/rosidl_typesupport_fastrtps_cpp/spot_msgs/msg/detail/dds_fastrtps/behavior_fault__type_support.cpp.o[0m
[20.175s] [ 47%] [32mBuilding C object CMakeFiles/spot_msgs__rosidl_typesupport_introspection_c.dir/rosidl_typesupport_introspection_c/spot_msgs/msg/detail/battery_state__type_support.c.o[0m
[20.228s] [ 47%] [32mBuilding C object CMakeFiles/spot_msgs__rosidl_typesupport_introspection_c.dir/rosidl_typesupport_introspection_c/spot_msgs/msg/detail/behavior_fault_state__type_support.c.o[0m
[20.241s] [ 48%] [32mBuilding CXX object CMakeFiles/spot_msgs__rosidl_typesupport_fastrtps_cpp.dir/rosidl_typesupport_fastrtps_cpp/spot_msgs/msg/detail/dds_fastrtps/e_stop_state_array__type_support.cpp.o[0m
[20.259s] [ 48%] [32mBuilding CXX object CMakeFiles/spot_msgs__rosidl_typesupport_fastrtps_cpp.dir/rosidl_typesupport_fastrtps_cpp/spot_msgs/msg/detail/dds_fastrtps/foot_state_array__type_support.cpp.o[0m
[20.276s] [ 49%] [32mBuilding C object CMakeFiles/spot_msgs__rosidl_typesupport_introspection_c.dir/rosidl_typesupport_introspection_c/spot_msgs/msg/detail/e_stop_state__type_support.c.o[0m
[20.295s] [ 49%] [32mBuilding CXX object CMakeFiles/spot_msgs__rosidl_typesupport_fastrtps_cpp.dir/rosidl_typesupport_fastrtps_cpp/spot_msgs/msg/detail/dds_fastrtps/lease_array__type_support.cpp.o[0m
[20.351s] [ 49%] [32mBuilding C object CMakeFiles/spot_msgs__rosidl_typesupport_introspection_c.dir/rosidl_typesupport_introspection_c/spot_msgs/msg/detail/feedback__type_support.c.o[0m
[20.365s] [ 49%] [32mBuilding C object CMakeFiles/spot_msgs__rosidl_typesupport_introspection_c.dir/rosidl_typesupport_introspection_c/spot_msgs/msg/detail/foot_state__type_support.c.o[0m
[20.417s] [ 49%] [32mBuilding C object CMakeFiles/spot_msgs__rosidl_typesupport_introspection_c.dir/rosidl_typesupport_introspection_c/spot_msgs/msg/detail/joint_command__type_support.c.o[0m
[20.427s] [ 49%] [32mBuilding CXX object CMakeFiles/spot_msgs__rosidl_typesupport_fastrtps_cpp.dir/rosidl_typesupport_fastrtps_cpp/spot_msgs/msg/detail/dds_fastrtps/lease_owner__type_support.cpp.o[0m
[20.431s] [ 49%] [32mBuilding CXX object CMakeFiles/spot_msgs__rosidl_typesupport_fastrtps_cpp.dir/rosidl_typesupport_fastrtps_cpp/spot_msgs/msg/detail/dds_fastrtps/metrics__type_support.cpp.o[0m
[20.436s] [ 49%] [32mBuilding CXX object CMakeFiles/spot_msgs__rosidl_typesupport_fastrtps_cpp.dir/rosidl_typesupport_fastrtps_cpp/spot_msgs/msg/detail/dds_fastrtps/mobility_params__type_support.cpp.o[0m
[20.458s] [ 49%] [32mBuilding C object CMakeFiles/spot_msgs__rosidl_typesupport_introspection_c.dir/rosidl_typesupport_introspection_c/spot_msgs/msg/detail/lease__type_support.c.o[0m
[20.471s] [ 50%] [32mBuilding CXX object CMakeFiles/spot_msgs__rosidl_typesupport_fastrtps_cpp.dir/rosidl_typesupport_fastrtps_cpp/spot_msgs/msg/detail/dds_fastrtps/system_fault__type_support.cpp.o[0m
[20.486s] [ 50%] [32mBuilding C object CMakeFiles/spot_msgs__rosidl_typesupport_introspection_c.dir/rosidl_typesupport_introspection_c/spot_msgs/msg/detail/lease_resource__type_support.c.o[0m
[20.512s] [ 50%] [32mBuilding CXX object CMakeFiles/spot_msgs__rosidl_typesupport_fastrtps_cpp.dir/rosidl_typesupport_fastrtps_cpp/spot_msgs/msg/detail/dds_fastrtps/wi_fi_state__type_support.cpp.o[0m
[20.517s] [ 51%] [32mBuilding CXX object CMakeFiles/spot_msgs__rosidl_typesupport_introspection_cpp.dir/rosidl_typesupport_introspection_cpp/spot_msgs/srv/detail/delete_sound__type_support.cpp.o[0m
[20.532s] [ 52%] [32mBuilding C object CMakeFiles/spot_msgs__rosidl_typesupport_introspection_c.dir/rosidl_typesupport_introspection_c/spot_msgs/msg/detail/power_state__type_support.c.o[0m
[20.541s] [ 52%] [32mBuilding CXX object CMakeFiles/spot_msgs__rosidl_typesupport_introspection_cpp.dir/rosidl_typesupport_introspection_cpp/spot_msgs/srv/detail/get_volume__type_support.cpp.o[0m
[20.590s] [ 52%] [32mBuilding C object CMakeFiles/spot_msgs__rosidl_typesupport_introspection_c.dir/rosidl_typesupport_introspection_c/spot_msgs/msg/detail/system_fault_state__type_support.c.o[0m
[20.629s] [ 52%] [32mBuilding CXX object CMakeFiles/spot_msgs__rosidl_typesupport_introspection_cpp.dir/rosidl_typesupport_introspection_cpp/spot_msgs/srv/detail/set_volume__type_support.cpp.o[0m
[20.654s] [ 52%] [32mBuilding C object CMakeFiles/spot_msgs__rosidl_typesupport_introspection_c.dir/rosidl_typesupport_introspection_c/spot_msgs/srv/detail/acquire_lease__type_support.c.o[0m
[20.726s] [ 52%] [32mBuilding C object CMakeFiles/spot_msgs__rosidl_typesupport_introspection_c.dir/rosidl_typesupport_introspection_c/spot_msgs/srv/detail/choreography_recorded_state_to_animation__type_support.c.o[0m
[20.758s] [ 52%] [32mBuilding CXX object CMakeFiles/spot_msgs__rosidl_typesupport_fastrtps_cpp.dir/rosidl_typesupport_fastrtps_cpp/spot_msgs/msg/detail/dds_fastrtps/battery_state__type_support.cpp.o[0m
[20.788s] [ 52%] [32mBuilding C object CMakeFiles/spot_msgs__rosidl_typesupport_introspection_c.dir/rosidl_typesupport_introspection_c/spot_msgs/srv/detail/choreography_start_recording_state__type_support.c.o[0m
[20.800s] [ 52%] [32mBuilding C object CMakeFiles/spot_msgs__rosidl_typesupport_introspection_c.dir/rosidl_typesupport_introspection_c/spot_msgs/srv/detail/choreography_stop_recording_state__type_support.c.o[0m
[20.811s] [ 52%] [32mBuilding CXX object CMakeFiles/spot_msgs__rosidl_typesupport_introspection_cpp.dir/rosidl_typesupport_introspection_cpp/spot_msgs/srv/detail/list_ptz__type_support.cpp.o[0m
[20.858s] [ 52%] [32mBuilding CXX object CMakeFiles/spot_msgs__rosidl_typesupport_introspection_cpp.dir/rosidl_typesupport_introspection_cpp/spot_msgs/srv/detail/get_ptz_position__type_support.cpp.o[0m
[20.863s] [ 52%] [32mBuilding CXX object CMakeFiles/spot_msgs__rosidl_typesupport_fastrtps_c.dir/rosidl_typesupport_fastrtps_c/spot_msgs/msg/detail/battery_state_array__type_support_c.cpp.o[0m
[20.873s] [ 53%] [32mBuilding C object CMakeFiles/spot_msgs__rosidl_typesupport_introspection_c.dir/rosidl_typesupport_introspection_c/spot_msgs/srv/detail/get_choreography_status__type_support.c.o[0m
[20.908s] [ 53%] [32mBuilding C object CMakeFiles/spot_msgs__rosidl_typesupport_introspection_c.dir/rosidl_typesupport_introspection_c/spot_msgs/srv/detail/get_inverse_kinematic_solutions__type_support.c.o[0m
[20.921s] [ 53%] [32mBuilding CXX object CMakeFiles/spot_msgs__rosidl_typesupport_fastrtps_cpp.dir/rosidl_typesupport_fastrtps_cpp/spot_msgs/msg/detail/dds_fastrtps/behavior_fault_state__type_support.cpp.o[0m
[20.952s] [ 53%] [32mBuilding CXX object CMakeFiles/spot_msgs__rosidl_typesupport_fastrtps_cpp.dir/rosidl_typesupport_fastrtps_cpp/spot_msgs/msg/detail/dds_fastrtps/e_stop_state__type_support.cpp.o[0m
[20.984s] [ 53%] [32mBuilding C object CMakeFiles/spot_msgs__rosidl_typesupport_introspection_c.dir/rosidl_typesupport_introspection_c/spot_msgs/srv/detail/list_graph__type_support.c.o[0m
[20.992s] [ 53%] [32mBuilding CXX object CMakeFiles/spot_msgs__rosidl_typesupport_fastrtps_c.dir/rosidl_typesupport_fastrtps_c/spot_msgs/msg/detail/behavior_fault__type_support_c.cpp.o[0m
[20.997s] [ 53%] [32mBuilding C object CMakeFiles/spot_msgs__rosidl_typesupport_introspection_c.dir/rosidl_typesupport_introspection_c/spot_msgs/srv/detail/list_world_objects__type_support.c.o[0m
[21.008s] [ 53%] [32mBuilding C object CMakeFiles/spot_msgs__rosidl_typesupport_introspection_c.dir/rosidl_typesupport_introspection_c/spot_msgs/srv/detail/return_lease__type_support.c.o[0m
[21.041s] [ 53%] [32mBuilding C object CMakeFiles/spot_msgs__rosidl_typesupport_introspection_c.dir/rosidl_typesupport_introspection_c/spot_msgs/srv/detail/set_locomotion__type_support.c.o[0m
[21.050s] [ 53%] [32mBuilding CXX object CMakeFiles/spot_msgs__rosidl_typesupport_introspection_cpp.dir/rosidl_typesupport_introspection_cpp/spot_msgs/srv/detail/set_ptz_position__type_support.cpp.o[0m
[21.080s] [ 54%] [32mBuilding CXX object CMakeFiles/spot_msgs__rosidl_typesupport_introspection_cpp.dir/rosidl_typesupport_introspection_cpp/spot_msgs/srv/detail/initialize_lens__type_support.cpp.o[0m
[21.080s] [ 54%] [32mBuilding CXX object CMakeFiles/spot_msgs__rosidl_typesupport_fastrtps_c.dir/rosidl_typesupport_fastrtps_c/spot_msgs/msg/detail/e_stop_state_array__type_support_c.cpp.o[0m
[21.105s] [ 55%] [32mBuilding C object CMakeFiles/spot_msgs__rosidl_typesupport_introspection_c.dir/rosidl_typesupport_introspection_c/spot_msgs/srv/detail/set_velocity__type_support.c.o[0m
[21.121s] [ 55%] [32mBuilding CXX object CMakeFiles/spot_msgs__rosidl_typesupport_introspection_cpp.dir/rosidl_typesupport_introspection_cpp/spot_msgs/srv/detail/delete_logpoint__type_support.cpp.o[0m
[21.122s] [ 55%] [32mBuilding CXX object CMakeFiles/spot_msgs__rosidl_typesupport_fastrtps_cpp.dir/rosidl_typesupport_fastrtps_cpp/spot_msgs/msg/detail/dds_fastrtps/feedback__type_support.cpp.o[0m
[21.152s] [ 56%] [32mBuilding CXX object CMakeFiles/spot_msgs__rosidl_typesupport_fastrtps_cpp.dir/rosidl_typesupport_fastrtps_cpp/spot_msgs/msg/detail/dds_fastrtps/foot_state__type_support.cpp.o[0m
[21.176s] [ 56%] [32mBuilding C object CMakeFiles/spot_msgs__rosidl_typesupport_introspection_c.dir/rosidl_typesupport_introspection_c/spot_msgs/srv/detail/list_all_dances__type_support.c.o[0m
[21.177s] [ 56%] [32mBuilding CXX object CMakeFiles/spot_msgs__rosidl_typesupport_introspection_cpp.dir/rosidl_typesupport_introspection_cpp/spot_msgs/srv/detail/get_logpoint_status__type_support.cpp.o[0m
[21.221s] [ 56%] [32mBuilding CXX object CMakeFiles/spot_msgs__rosidl_typesupport_fastrtps_cpp.dir/rosidl_typesupport_fastrtps_cpp/spot_msgs/msg/detail/dds_fastrtps/joint_command__type_support.cpp.o[0m
[21.244s] [ 56%] [32mBuilding C object CMakeFiles/spot_msgs__rosidl_typesupport_introspection_c.dir/rosidl_typesupport_introspection_c/spot_msgs/srv/detail/list_all_moves__type_support.c.o[0m
[21.314s] [ 56%] [32mBuilding C object CMakeFiles/spot_msgs__rosidl_typesupport_introspection_c.dir/rosidl_typesupport_introspection_c/spot_msgs/srv/detail/upload_animation__type_support.c.o[0m
[21.388s] [ 56%] [32mBuilding C object CMakeFiles/spot_msgs__rosidl_typesupport_introspection_c.dir/rosidl_typesupport_introspection_c/spot_msgs/srv/detail/upload_sequence__type_support.c.o[0m
[21.399s] [ 56%] [32mBuilding CXX object CMakeFiles/spot_msgs__rosidl_typesupport_introspection_cpp.dir/rosidl_typesupport_introspection_cpp/spot_msgs/srv/detail/list_cameras__type_support.cpp.o[0m
[21.452s] [ 56%] [32mBuilding CXX object CMakeFiles/spot_msgs__rosidl_typesupport_introspection_cpp.dir/rosidl_typesupport_introspection_cpp/spot_msgs/srv/detail/list_logpoints__type_support.cpp.o[0m
[21.458s] [ 56%] [32mBuilding CXX object CMakeFiles/spot_msgs__rosidl_typesupport_fastrtps_cpp.dir/rosidl_typesupport_fastrtps_cpp/spot_msgs/msg/detail/dds_fastrtps/lease__type_support.cpp.o[0m
[21.464s] [ 56%] [32mBuilding C object CMakeFiles/spot_msgs__rosidl_typesupport_introspection_c.dir/rosidl_typesupport_introspection_c/spot_msgs/srv/detail/clear_behavior_fault__type_support.c.o[0m
[21.473s] [ 56%] [32mBuilding CXX object CMakeFiles/spot_msgs__rosidl_typesupport_fastrtps_c.dir/rosidl_typesupport_fastrtps_c/spot_msgs/msg/detail/foot_state_array__type_support_c.cpp.o[0m
[21.522s] [ 56%] [32mBuilding CXX object CMakeFiles/spot_msgs__rosidl_typesupport_fastrtps_cpp.dir/rosidl_typesupport_fastrtps_cpp/spot_msgs/msg/detail/dds_fastrtps/lease_resource__type_support.cpp.o[0m
[21.523s] [ 57%] [32mBuilding C object CMakeFiles/spot_msgs__rosidl_typesupport_introspection_c.dir/rosidl_typesupport_introspection_c/spot_msgs/srv/detail/list_sounds__type_support.c.o[0m
[21.567s] [ 57%] [32mBuilding CXX object CMakeFiles/spot_msgs__rosidl_typesupport_introspection_cpp.dir/rosidl_typesupport_introspection_cpp/spot_msgs/srv/detail/retrieve_logpoint__type_support.cpp.o[0m
[21.589s] [ 58%] [32mBuilding CXX object CMakeFiles/spot_msgs__rosidl_typesupport_introspection_cpp.dir/rosidl_typesupport_introspection_cpp/spot_msgs/srv/detail/robot_command__type_support.cpp.o[0m
[21.592s] [ 58%] [32mBuilding C object CMakeFiles/spot_msgs__rosidl_typesupport_introspection_c.dir/rosidl_typesupport_introspection_c/spot_msgs/srv/detail/load_sound__type_support.c.o[0m
[21.611s] [ 58%] [32mBuilding CXX object CMakeFiles/spot_msgs__rosidl_typesupport_introspection_cpp.dir/rosidl_typesupport_introspection_cpp/spot_msgs/srv/detail/set_gripper_angle__type_support.cpp.o[0m
[21.649s] [ 58%] [32mBuilding C object CMakeFiles/spot_msgs__rosidl_typesupport_introspection_c.dir/rosidl_typesupport_introspection_c/spot_msgs/srv/detail/play_sound__type_support.c.o[0m
[21.664s] [ 58%] [32mBuilding CXX object CMakeFiles/spot_msgs__rosidl_typesupport_fastrtps_c.dir/rosidl_typesupport_fastrtps_c/spot_msgs/msg/detail/lease_array__type_support_c.cpp.o[0m
[21.675s] [ 58%] [32mBuilding CXX object CMakeFiles/spot_msgs__rosidl_typesupport_fastrtps_c.dir/rosidl_typesupport_fastrtps_c/spot_msgs/msg/detail/lease_owner__type_support_c.cpp.o[0m
[21.719s] [ 59%] [32mBuilding C object CMakeFiles/spot_msgs__rosidl_typesupport_introspection_c.dir/rosidl_typesupport_introspection_c/spot_msgs/srv/detail/delete_sound__type_support.c.o[0m
[21.719s] [ 59%] [32mBuilding CXX object CMakeFiles/spot_msgs__rosidl_typesupport_fastrtps_c.dir/rosidl_typesupport_fastrtps_c/spot_msgs/msg/detail/metrics__type_support_c.cpp.o[0m
[21.732s] [ 59%] [32mBuilding CXX object CMakeFiles/spot_msgs__rosidl_typesupport_introspection_cpp.dir/rosidl_typesupport_introspection_cpp/spot_msgs/srv/detail/store_logpoint__type_support.cpp.o[0m
[21.766s] [ 59%] [32mBuilding CXX object CMakeFiles/spot_msgs__rosidl_typesupport_fastrtps_c.dir/rosidl_typesupport_fastrtps_c/spot_msgs/msg/detail/mobility_params__type_support_c.cpp.o[0m
[21.776s] [ 59%] [32mBuilding CXX object CMakeFiles/spot_msgs__rosidl_typesupport_introspection_cpp.dir/rosidl_typesupport_introspection_cpp/spot_msgs/srv/detail/tag_logpoint__type_support.cpp.o[0m
[21.785s] [ 59%] [32mBuilding C object CMakeFiles/spot_msgs__rosidl_typesupport_introspection_c.dir/rosidl_typesupport_introspection_c/spot_msgs/srv/detail/get_volume__type_support.c.o[0m
[21.850s] [ 59%] [32mBuilding C object CMakeFiles/spot_msgs__rosidl_typesupport_introspection_c.dir/rosidl_typesupport_introspection_c/spot_msgs/srv/detail/set_volume__type_support.c.o[0m
[21.919s] [ 59%] [32mBuilding C object CMakeFiles/spot_msgs__rosidl_typesupport_introspection_c.dir/rosidl_typesupport_introspection_c/spot_msgs/srv/detail/list_ptz__type_support.c.o[0m
[21.974s] [ 59%] [32mBuilding CXX object CMakeFiles/spot_msgs__rosidl_typesupport_fastrtps_c.dir/rosidl_typesupport_fastrtps_c/spot_msgs/msg/detail/system_fault__type_support_c.cpp.o[0m
[21.980s] [ 59%] [32mBuilding CXX object CMakeFiles/spot_msgs__rosidl_typesupport_fastrtps_cpp.dir/rosidl_typesupport_fastrtps_cpp/spot_msgs/msg/detail/dds_fastrtps/power_state__type_support.cpp.o[0m
[21.989s] [ 60%] [32mBuilding C object CMakeFiles/spot_msgs__rosidl_typesupport_introspection_c.dir/rosidl_typesupport_introspection_c/spot_msgs/srv/detail/get_ptz_position__type_support.c.o[0m
[22.058s] [ 60%] [32mBuilding C object CMakeFiles/spot_msgs__rosidl_typesupport_introspection_c.dir/rosidl_typesupport_introspection_c/spot_msgs/srv/detail/set_ptz_position__type_support.c.o[0m
[22.066s] [ 60%] [32mBuilding CXX object CMakeFiles/spot_msgs__rosidl_typesupport_fastrtps_cpp.dir/rosidl_typesupport_fastrtps_cpp/spot_msgs/msg/detail/dds_fastrtps/system_fault_state__type_support.cpp.o[0m
[22.120s] [ 60%] [32mBuilding CXX object CMakeFiles/spot_msgs__rosidl_typesupport_fastrtps_c.dir/rosidl_typesupport_fastrtps_c/spot_msgs/msg/detail/wi_fi_state__type_support_c.cpp.o[0m
[22.121s] [ 60%] [32mBuilding C object CMakeFiles/spot_msgs__rosidl_typesupport_introspection_c.dir/rosidl_typesupport_introspection_c/spot_msgs/srv/detail/initialize_lens__type_support.c.o[0m
[22.139s] [ 60%] [32mBuilding CXX object CMakeFiles/spot_msgs__rosidl_typesupport_introspection_cpp.dir/rosidl_typesupport_introspection_cpp/spot_msgs/srv/detail/get_led_brightness__type_support.cpp.o[0m
[22.184s] [ 60%] [32mBuilding CXX object CMakeFiles/spot_msgs__rosidl_typesupport_introspection_cpp.dir/rosidl_typesupport_introspection_cpp/spot_msgs/srv/detail/set_led_brightness__type_support.cpp.o[0m
[22.191s] [ 62%] [32mBuilding CXX object CMakeFiles/spot_msgs__rosidl_typesupport_introspection_cpp.dir/rosidl_typesupport_introspection_cpp/spot_msgs/srv/detail/graph_nav_upload_graph__type_support.cpp.o[0m
[22.191s] [ 62%] [32mBuilding C object CMakeFiles/spot_msgs__rosidl_typesupport_introspection_c.dir/rosidl_typesupport_introspection_c/spot_msgs/srv/detail/delete_logpoint__type_support.c.o[0m
[22.192s] [ 62%] [32mBuilding CXX object CMakeFiles/spot_msgs__rosidl_typesupport_fastrtps_cpp.dir/rosidl_typesupport_fastrtps_cpp/spot_msgs/srv/detail/dds_fastrtps/acquire_lease__type_support.cpp.o[0m
[22.198s] [ 62%] [32mBuilding CXX object CMakeFiles/spot_msgs__rosidl_typesupport_fastrtps_c.dir/rosidl_typesupport_fastrtps_c/spot_msgs/msg/detail/battery_state__type_support_c.cpp.o[0m
[22.239s] [ 62%] [32mBuilding CXX object CMakeFiles/spot_msgs__rosidl_typesupport_fastrtps_cpp.dir/rosidl_typesupport_fastrtps_cpp/spot_msgs/srv/detail/dds_fastrtps/choreography_recorded_state_to_animation__type_support.cpp.o[0m
[22.259s] [ 62%] [32mBuilding C object CMakeFiles/spot_msgs__rosidl_typesupport_introspection_c.dir/rosidl_typesupport_introspection_c/spot_msgs/srv/detail/get_logpoint_status__type_support.c.o[0m
[22.288s] [ 62%] [32mBuilding CXX object CMakeFiles/spot_msgs__rosidl_typesupport_introspection_cpp.dir/rosidl_typesupport_introspection_cpp/spot_msgs/srv/detail/graph_nav_clear_graph__type_support.cpp.o[0m
[22.291s] [ 62%] [32mBuilding CXX object CMakeFiles/spot_msgs__rosidl_typesupport_fastrtps_cpp.dir/rosidl_typesupport_fastrtps_cpp/spot_msgs/srv/detail/dds_fastrtps/choreography_start_recording_state__type_support.cpp.o[0m
[22.327s] [ 62%] [32mBuilding C object CMakeFiles/spot_msgs__rosidl_typesupport_introspection_c.dir/rosidl_typesupport_introspection_c/spot_msgs/srv/detail/list_cameras__type_support.c.o[0m
[22.369s] [ 62%] [32mBuilding CXX object CMakeFiles/spot_msgs__rosidl_typesupport_fastrtps_c.dir/rosidl_typesupport_fastrtps_c/spot_msgs/msg/detail/behavior_fault_state__type_support_c.cpp.o[0m
[22.370s] [ 62%] [32mBuilding CXX object CMakeFiles/spot_msgs__rosidl_typesupport_introspection_cpp.dir/rosidl_typesupport_introspection_cpp/spot_msgs/srv/detail/graph_nav_set_localization__type_support.cpp.o[0m
[22.404s] [ 63%] [32mBuilding C object CMakeFiles/spot_msgs__rosidl_typesupport_introspection_c.dir/rosidl_typesupport_introspection_c/spot_msgs/srv/detail/list_logpoints__type_support.c.o[0m
[22.487s] [ 63%] [32mBuilding C object CMakeFiles/spot_msgs__rosidl_typesupport_introspection_c.dir/rosidl_typesupport_introspection_c/spot_msgs/srv/detail/retrieve_logpoint__type_support.c.o[0m
[22.505s] [ 63%] [32mBuilding CXX object CMakeFiles/spot_msgs__rosidl_typesupport_fastrtps_cpp.dir/rosidl_typesupport_fastrtps_cpp/spot_msgs/srv/detail/dds_fastrtps/choreography_stop_recording_state__type_support.cpp.o[0m
[22.535s] [ 64%] [32mBuilding CXX object CMakeFiles/spot_msgs__rosidl_typesupport_fastrtps_c.dir/rosidl_typesupport_fastrtps_c/spot_msgs/msg/detail/e_stop_state__type_support_c.cpp.o[0m
[22.563s] [ 64%] [32mBuilding C object CMakeFiles/spot_msgs__rosidl_typesupport_introspection_c.dir/rosidl_typesupport_introspection_c/spot_msgs/srv/detail/robot_command__type_support.c.o[0m
[22.572s] [ 64%] [32mBuilding CXX object CMakeFiles/spot_msgs__rosidl_typesupport_introspection_cpp.dir/rosidl_typesupport_introspection_cpp/spot_msgs/srv/detail/graph_nav_get_localization_pose__type_support.cpp.o[0m
[22.646s] [ 64%] [32mBuilding C object CMakeFiles/spot_msgs__rosidl_typesupport_introspection_c.dir/rosidl_typesupport_introspection_c/spot_msgs/srv/detail/set_gripper_angle__type_support.c.o[0m
[22.663s] [ 64%] [32mBuilding CXX object CMakeFiles/spot_msgs__rosidl_typesupport_fastrtps_cpp.dir/rosidl_typesupport_fastrtps_cpp/spot_msgs/srv/detail/dds_fastrtps/get_choreography_status__type_support.cpp.o[0m
[22.712s] [ 64%] [32mBuilding C object CMakeFiles/spot_msgs__rosidl_typesupport_introspection_c.dir/rosidl_typesupport_introspection_c/spot_msgs/srv/detail/store_logpoint__type_support.c.o[0m
[22.723s] [ 64%] [32mBuilding CXX object CMakeFiles/spot_msgs__rosidl_typesupport_introspection_cpp.dir/rosidl_typesupport_introspection_cpp/spot_msgs/srv/detail/dock__type_support.cpp.o[0m
[22.763s] [ 64%] [32mBuilding C object CMakeFiles/spot_msgs__rosidl_typesupport_introspection_c.dir/rosidl_typesupport_introspection_c/spot_msgs/srv/detail/tag_logpoint__type_support.c.o[0m
[22.775s] [ 64%] [32mBuilding CXX object CMakeFiles/spot_msgs__rosidl_typesupport_fastrtps_c.dir/rosidl_typesupport_fastrtps_c/spot_msgs/msg/detail/feedback__type_support_c.cpp.o[0m
[22.779s] [ 65%] [32mBuilding C object CMakeFiles/spot_msgs__rosidl_typesupport_introspection_c.dir/rosidl_typesupport_introspection_c/spot_msgs/srv/detail/get_led_brightness__type_support.c.o[0m
[22.791s] [ 65%] [32mBuilding CXX object CMakeFiles/spot_msgs__rosidl_typesupport_fastrtps_c.dir/rosidl_typesupport_fastrtps_c/spot_msgs/msg/detail/foot_state__type_support_c.cpp.o[0m
[22.818s] [ 65%] [32mBuilding CXX object CMakeFiles/spot_msgs__rosidl_typesupport_fastrtps_cpp.dir/rosidl_typesupport_fastrtps_cpp/spot_msgs/srv/detail/dds_fastrtps/get_inverse_kinematic_solutions__type_support.cpp.o[0m
[22.822s] [ 65%] [32mBuilding C object CMakeFiles/spot_msgs__rosidl_typesupport_introspection_c.dir/rosidl_typesupport_introspection_c/spot_msgs/srv/detail/set_led_brightness__type_support.c.o[0m
[22.835s] [ 65%] [32mBuilding C object CMakeFiles/spot_msgs__rosidl_typesupport_introspection_c.dir/rosidl_typesupport_introspection_c/spot_msgs/srv/detail/graph_nav_upload_graph__type_support.c.o[0m
[22.851s] [ 65%] [32mBuilding C object CMakeFiles/spot_msgs__rosidl_typesupport_introspection_c.dir/rosidl_typesupport_introspection_c/spot_msgs/srv/detail/graph_nav_clear_graph__type_support.c.o[0m
[22.875s] [ 65%] [32mBuilding CXX object CMakeFiles/spot_msgs__rosidl_typesupport_introspection_cpp.dir/rosidl_typesupport_introspection_cpp/spot_msgs/srv/detail/get_gripper_camera_parameters__type_support.cpp.o[0m
[22.875s] [ 65%] [32mBuilding CXX object CMakeFiles/spot_msgs__rosidl_typesupport_fastrtps_c.dir/rosidl_typesupport_fastrtps_c/spot_msgs/msg/detail/joint_command__type_support_c.cpp.o[0m
[22.888s] [ 65%] [32mBuilding C object CMakeFiles/spot_msgs__rosidl_typesupport_introspection_c.dir/rosidl_typesupport_introspection_c/spot_msgs/srv/detail/graph_nav_set_localization__type_support.c.o[0m
[22.893s] [ 65%] [32mBuilding CXX object CMakeFiles/spot_msgs__rosidl_typesupport_fastrtps_c.dir/rosidl_typesupport_fastrtps_c/spot_msgs/msg/detail/lease__type_support_c.cpp.o[0m
[22.900s] [ 66%] [32mBuilding CXX object CMakeFiles/spot_msgs__rosidl_typesupport_fastrtps_cpp.dir/rosidl_typesupport_fastrtps_cpp/spot_msgs/srv/detail/dds_fastrtps/list_graph__type_support.cpp.o[0m
[22.917s] [ 67%] [32mBuilding CXX object CMakeFiles/spot_msgs__rosidl_typesupport_introspection_cpp.dir/rosidl_typesupport_introspection_cpp/spot_msgs/srv/detail/set_gripper_camera_parameters__type_support.cpp.o[0m
[22.929s] [ 67%] [32mBuilding C object CMakeFiles/spot_msgs__rosidl_typesupport_introspection_c.dir/rosidl_typesupport_introspection_c/spot_msgs/srv/detail/graph_nav_get_localization_pose__type_support.c.o[0m
[22.964s] [ 67%] [32mBuilding CXX object CMakeFiles/spot_msgs__rosidl_typesupport_introspection_cpp.dir/rosidl_typesupport_introspection_cpp/spot_msgs/srv/detail/override_grasp_or_carry__type_support.cpp.o[0m
[22.974s] [ 67%] [32mBuilding CXX object CMakeFiles/spot_msgs__rosidl_typesupport_fastrtps_cpp.dir/rosidl_typesupport_fastrtps_cpp/spot_msgs/srv/detail/dds_fastrtps/list_world_objects__type_support.cpp.o[0m
[22.992s] [ 68%] [32mBuilding C object CMakeFiles/spot_msgs__rosidl_typesupport_introspection_c.dir/rosidl_typesupport_introspection_c/spot_msgs/srv/detail/dock__type_support.c.o[0m
[23.059s] [ 68%] [32mBuilding C object CMakeFiles/spot_msgs__rosidl_typesupport_introspection_c.dir/rosidl_typesupport_introspection_c/spot_msgs/srv/detail/get_gripper_camera_parameters__type_support.c.o[0m
[23.102s] [ 68%] [32mBuilding C object CMakeFiles/spot_msgs__rosidl_typesupport_introspection_c.dir/rosidl_typesupport_introspection_c/spot_msgs/srv/detail/set_gripper_camera_parameters__type_support.c.o[0m
[23.136s] [ 68%] [32mBuilding CXX object CMakeFiles/spot_msgs__rosidl_typesupport_fastrtps_cpp.dir/rosidl_typesupport_fastrtps_cpp/spot_msgs/srv/detail/dds_fastrtps/return_lease__type_support.cpp.o[0m
[23.136s] [ 68%] [32mBuilding C object CMakeFiles/spot_msgs__rosidl_typesupport_introspection_c.dir/rosidl_typesupport_introspection_c/spot_msgs/srv/detail/override_grasp_or_carry__type_support.c.o[0m
[23.179s] [ 68%] [32mBuilding CXX object CMakeFiles/spot_msgs__rosidl_typesupport_fastrtps_cpp.dir/rosidl_typesupport_fastrtps_cpp/spot_msgs/srv/detail/dds_fastrtps/set_locomotion__type_support.cpp.o[0m
[23.192s] [ 68%] [32mBuilding C object CMakeFiles/spot_msgs__rosidl_typesupport_introspection_c.dir/rosidl_typesupport_introspection_c/spot_msgs/srv/detail/set_stand_height__type_support.c.o[0m
[23.205s] [ 68%] [32mBuilding CXX object CMakeFiles/spot_msgs__rosidl_typesupport_fastrtps_cpp.dir/rosidl_typesupport_fastrtps_cpp/spot_msgs/srv/detail/dds_fastrtps/set_velocity__type_support.cpp.o[0m
[23.260s] [ 68%] [32mBuilding C object CMakeFiles/spot_msgs__rosidl_typesupport_introspection_c.dir/rosidl_typesupport_introspection_c/spot_msgs/srv/detail/set_stairs_mode__type_support.c.o[0m
[23.294s] [ 69%] [32mBuilding CXX object CMakeFiles/spot_msgs__rosidl_typesupport_fastrtps_c.dir/rosidl_typesupport_fastrtps_c/spot_msgs/msg/detail/lease_resource__type_support_c.cpp.o[0m
[23.294s] [ 69%] [32mBuilding C object CMakeFiles/spot_msgs__rosidl_typesupport_introspection_c.dir/rosidl_typesupport_introspection_c/spot_msgs/srv/detail/mutate_world_object__type_support.c.o[0m
[23.321s] [ 69%] [32mBuilding CXX object CMakeFiles/spot_msgs__rosidl_typesupport_introspection_cpp.dir/rosidl_typesupport_introspection_cpp/spot_msgs/srv/detail/set_stand_height__type_support.cpp.o[0m
[23.327s] [ 69%] [32mBuilding C object CMakeFiles/spot_msgs__rosidl_typesupport_introspection_c.dir/rosidl_typesupport_introspection_c/spot_msgs/action/detail/arm_surface_contact__type_support.c.o[0m
[23.334s] [ 70%] [32mBuilding CXX object CMakeFiles/spot_msgs__rosidl_typesupport_fastrtps_c.dir/rosidl_typesupport_fastrtps_c/spot_msgs/msg/detail/power_state__type_support_c.cpp.o[0m
[23.400s] [ 70%] [32mBuilding CXX object CMakeFiles/spot_msgs__rosidl_typesupport_introspection_cpp.dir/rosidl_typesupport_introspection_cpp/spot_msgs/srv/detail/set_stairs_mode__type_support.cpp.o[0m
[23.410s] [ 70%] [32mBuilding CXX object CMakeFiles/spot_msgs__rosidl_typesupport_introspection_cpp.dir/rosidl_typesupport_introspection_cpp/spot_msgs/srv/detail/mutate_world_object__type_support.cpp.o[0m
[23.424s] [ 70%] [32mBuilding C object CMakeFiles/spot_msgs__rosidl_typesupport_introspection_c.dir/rosidl_typesupport_introspection_c/spot_msgs/action/detail/execute_dance__type_support.c.o[0m
[23.437s] [ 70%] [32mBuilding CXX object CMakeFiles/spot_msgs__rosidl_typesupport_fastrtps_cpp.dir/rosidl_typesupport_fastrtps_cpp/spot_msgs/srv/detail/dds_fastrtps/list_all_dances__type_support.cpp.o[0m
[23.507s] [ 70%] [32mBuilding C object CMakeFiles/spot_msgs__rosidl_typesupport_introspection_c.dir/rosidl_typesupport_introspection_c/spot_msgs/action/detail/navigate_to__type_support.c.o[0m
[23.535s] [ 71%] [32mBuilding CXX object CMakeFiles/spot_msgs__rosidl_typesupport_fastrtps_cpp.dir/rosidl_typesupport_fastrtps_cpp/spot_msgs/srv/detail/dds_fastrtps/list_all_moves__type_support.cpp.o[0m
[23.548s] [ 71%] [32mBuilding CXX object CMakeFiles/spot_msgs__rosidl_typesupport_introspection_cpp.dir/rosidl_typesupport_introspection_cpp/spot_msgs/action/detail/arm_surface_contact__type_support.cpp.o[0m
[23.559s] [ 71%] [32mBuilding C object CMakeFiles/spot_msgs__rosidl_typesupport_introspection_c.dir/rosidl_typesupport_introspection_c/spot_msgs/action/detail/robot_command__type_support.c.o[0m
[23.591s] [ 71%] [32mBuilding CXX object CMakeFiles/spot_msgs__rosidl_typesupport_fastrtps_c.dir/rosidl_typesupport_fastrtps_c/spot_msgs/msg/detail/system_fault_state__type_support_c.cpp.o[0m
[23.595s] [ 71%] [32mBuilding C object CMakeFiles/spot_msgs__rosidl_typesupport_introspection_c.dir/rosidl_typesupport_introspection_c/spot_msgs/action/detail/trajectory__type_support.c.o[0m
[23.624s] [ 72%] [32mBuilding CXX object CMakeFiles/spot_msgs__rosidl_typesupport_introspection_cpp.dir/rosidl_typesupport_introspection_cpp/spot_msgs/action/detail/execute_dance__type_support.cpp.o[0m
[23.700s] [ 73%] [32mBuilding C object CMakeFiles/spot_msgs__rosidl_typesupport_introspection_c.dir/rosidl_typesupport_introspection_c/spot_msgs/action/detail/manipulation__type_support.c.o[0m
[23.723s] [ 73%] [32mBuilding CXX object CMakeFiles/spot_msgs__rosidl_typesupport_fastrtps_cpp.dir/rosidl_typesupport_fastrtps_cpp/spot_msgs/srv/detail/dds_fastrtps/upload_animation__type_support.cpp.o[0m
[23.786s] [ 73%] [32mBuilding CXX object CMakeFiles/spot_msgs__rosidl_typesupport_fastrtps_c.dir/rosidl_typesupport_fastrtps_c/spot_msgs/srv/detail/acquire_lease__type_support_c.cpp.o[0m
[23.789s] [ 73%] [32mBuilding CXX object CMakeFiles/spot_msgs__rosidl_typesupport_fastrtps_cpp.dir/rosidl_typesupport_fastrtps_cpp/spot_msgs/srv/detail/dds_fastrtps/upload_sequence__type_support.cpp.o[0m
[23.796s] [ 73%] [32m[1mLinking C shared library libspot_msgs__rosidl_typesupport_introspection_c.so[0m
[23.814s] [ 73%] [32mBuilding CXX object CMakeFiles/spot_msgs__rosidl_typesupport_introspection_cpp.dir/rosidl_typesupport_introspection_cpp/spot_msgs/action/detail/navigate_to__type_support.cpp.o[0m
[23.843s] [ 73%] [32mBuilding CXX object CMakeFiles/spot_msgs__rosidl_typesupport_fastrtps_cpp.dir/rosidl_typesupport_fastrtps_cpp/spot_msgs/srv/detail/dds_fastrtps/clear_behavior_fault__type_support.cpp.o[0m
[23.857s] [ 73%] [32mBuilding CXX object CMakeFiles/spot_msgs__rosidl_typesupport_fastrtps_cpp.dir/rosidl_typesupport_fastrtps_cpp/spot_msgs/srv/detail/dds_fastrtps/list_sounds__type_support.cpp.o[0m
[23.873s] [ 73%] [32mBuilding CXX object CMakeFiles/spot_msgs__rosidl_typesupport_fastrtps_c.dir/rosidl_typesupport_fastrtps_c/spot_msgs/srv/detail/choreography_recorded_state_to_animation__type_support_c.cpp.o[0m
[23.902s] [ 73%] [32mBuilding CXX object CMakeFiles/spot_msgs__rosidl_typesupport_introspection_cpp.dir/rosidl_typesupport_introspection_cpp/spot_msgs/action/detail/robot_command__type_support.cpp.o[0m
[23.969s] [ 73%] Built target spot_msgs__rosidl_typesupport_introspection_c
[23.986s] [ 73%] [32mBuilding CXX object CMakeFiles/spot_msgs__rosidl_typesupport_fastrtps_cpp.dir/rosidl_typesupport_fastrtps_cpp/spot_msgs/srv/detail/dds_fastrtps/load_sound__type_support.cpp.o[0m
[24.035s] [ 73%] [32mBuilding CXX object CMakeFiles/spot_msgs__rosidl_typesupport_fastrtps_c.dir/rosidl_typesupport_fastrtps_c/spot_msgs/srv/detail/choreography_start_recording_state__type_support_c.cpp.o[0m
[24.129s] [ 73%] [32mBuilding CXX object CMakeFiles/spot_msgs__rosidl_typesupport_introspection_cpp.dir/rosidl_typesupport_introspection_cpp/spot_msgs/action/detail/trajectory__type_support.cpp.o[0m
[24.163s] [ 73%] [32mBuilding CXX object CMakeFiles/spot_msgs__rosidl_typesupport_fastrtps_c.dir/rosidl_typesupport_fastrtps_c/spot_msgs/srv/detail/choreography_stop_recording_state__type_support_c.cpp.o[0m
[24.253s] [ 73%] [32mBuilding CXX object CMakeFiles/spot_msgs__rosidl_typesupport_introspection_cpp.dir/rosidl_typesupport_introspection_cpp/spot_msgs/action/detail/manipulation__type_support.cpp.o[0m
[24.347s] [ 73%] [32mBuilding CXX object CMakeFiles/spot_msgs__rosidl_typesupport_fastrtps_cpp.dir/rosidl_typesupport_fastrtps_cpp/spot_msgs/srv/detail/dds_fastrtps/play_sound__type_support.cpp.o[0m
[24.410s] [ 74%] [32mBuilding CXX object CMakeFiles/spot_msgs__rosidl_typesupport_fastrtps_c.dir/rosidl_typesupport_fastrtps_c/spot_msgs/srv/detail/get_choreography_status__type_support_c.cpp.o[0m
[24.416s] [ 74%] [32mBuilding CXX object CMakeFiles/spot_msgs__rosidl_typesupport_fastrtps_c.dir/rosidl_typesupport_fastrtps_c/spot_msgs/srv/detail/get_inverse_kinematic_solutions__type_support_c.cpp.o[0m
[24.471s] [ 75%] [32mBuilding CXX object CMakeFiles/spot_msgs__rosidl_typesupport_fastrtps_c.dir/rosidl_typesupport_fastrtps_c/spot_msgs/srv/detail/list_graph__type_support_c.cpp.o[0m
[24.472s] [ 75%] [32mBuilding CXX object CMakeFiles/spot_msgs__rosidl_typesupport_fastrtps_cpp.dir/rosidl_typesupport_fastrtps_cpp/spot_msgs/srv/detail/dds_fastrtps/delete_sound__type_support.cpp.o[0m
[24.488s] [ 75%] [32mBuilding CXX object CMakeFiles/spot_msgs__rosidl_typesupport_fastrtps_c.dir/rosidl_typesupport_fastrtps_c/spot_msgs/srv/detail/list_world_objects__type_support_c.cpp.o[0m
[24.541s] [ 75%] [32mBuilding CXX object CMakeFiles/spot_msgs__rosidl_typesupport_fastrtps_c.dir/rosidl_typesupport_fastrtps_c/spot_msgs/srv/detail/return_lease__type_support_c.cpp.o[0m
[24.557s] [ 75%] [32mBuilding CXX object CMakeFiles/spot_msgs__rosidl_typesupport_fastrtps_cpp.dir/rosidl_typesupport_fastrtps_cpp/spot_msgs/srv/detail/dds_fastrtps/get_volume__type_support.cpp.o[0m
[24.594s] [ 75%] [32mBuilding CXX object CMakeFiles/spot_msgs__rosidl_typesupport_fastrtps_c.dir/rosidl_typesupport_fastrtps_c/spot_msgs/srv/detail/set_locomotion__type_support_c.cpp.o[0m
[24.625s] [ 76%] [32mBuilding CXX object CMakeFiles/spot_msgs__rosidl_typesupport_fastrtps_c.dir/rosidl_typesupport_fastrtps_c/spot_msgs/srv/detail/set_velocity__type_support_c.cpp.o[0m
[24.639s] [ 76%] [32mBuilding CXX object CMakeFiles/spot_msgs__rosidl_typesupport_fastrtps_c.dir/rosidl_typesupport_fastrtps_c/spot_msgs/srv/detail/list_all_dances__type_support_c.cpp.o[0m
[24.704s] [ 76%] [32mBuilding CXX object CMakeFiles/spot_msgs__rosidl_typesupport_fastrtps_cpp.dir/rosidl_typesupport_fastrtps_cpp/spot_msgs/srv/detail/dds_fastrtps/set_volume__type_support.cpp.o[0m
[24.733s] [ 76%] [32mBuilding CXX object CMakeFiles/spot_msgs__rosidl_typesupport_fastrtps_cpp.dir/rosidl_typesupport_fastrtps_cpp/spot_msgs/srv/detail/dds_fastrtps/list_ptz__type_support.cpp.o[0m
[24.961s] [ 76%] [32mBuilding CXX object CMakeFiles/spot_msgs__rosidl_typesupport_fastrtps_cpp.dir/rosidl_typesupport_fastrtps_cpp/spot_msgs/srv/detail/dds_fastrtps/get_ptz_position__type_support.cpp.o[0m
[24.993s] [ 76%] [32mBuilding CXX object CMakeFiles/spot_msgs__rosidl_typesupport_fastrtps_cpp.dir/rosidl_typesupport_fastrtps_cpp/spot_msgs/srv/detail/dds_fastrtps/set_ptz_position__type_support.cpp.o[0m
[25.005s] [ 76%] [32mBuilding CXX object CMakeFiles/spot_msgs__rosidl_typesupport_fastrtps_c.dir/rosidl_typesupport_fastrtps_c/spot_msgs/srv/detail/list_all_moves__type_support_c.cpp.o[0m
[25.024s] [ 77%] [32mBuilding CXX object CMakeFiles/spot_msgs__rosidl_typesupport_fastrtps_cpp.dir/rosidl_typesupport_fastrtps_cpp/spot_msgs/srv/detail/dds_fastrtps/initialize_lens__type_support.cpp.o[0m
[25.065s] [ 77%] [32mBuilding CXX object CMakeFiles/spot_msgs__rosidl_typesupport_fastrtps_cpp.dir/rosidl_typesupport_fastrtps_cpp/spot_msgs/srv/detail/dds_fastrtps/delete_logpoint__type_support.cpp.o[0m
[25.083s] [ 77%] [32mBuilding CXX object CMakeFiles/spot_msgs__rosidl_typesupport_fastrtps_cpp.dir/rosidl_typesupport_fastrtps_cpp/spot_msgs/srv/detail/dds_fastrtps/get_logpoint_status__type_support.cpp.o[0m
[25.100s] [ 77%] [32mBuilding CXX object CMakeFiles/spot_msgs__rosidl_typesupport_fastrtps_c.dir/rosidl_typesupport_fastrtps_c/spot_msgs/srv/detail/upload_animation__type_support_c.cpp.o[0m
[25.121s] [ 77%] [32mBuilding CXX object CMakeFiles/spot_msgs__rosidl_typesupport_fastrtps_c.dir/rosidl_typesupport_fastrtps_c/spot_msgs/srv/detail/clear_behavior_fault__type_support_c.cpp.o[0m
[25.122s] [ 77%] [32mBuilding CXX object CMakeFiles/spot_msgs__rosidl_typesupport_fastrtps_c.dir/rosidl_typesupport_fastrtps_c/spot_msgs/srv/detail/upload_sequence__type_support_c.cpp.o[0m
[25.180s] [ 77%] [32mBuilding CXX object CMakeFiles/spot_msgs__rosidl_typesupport_fastrtps_cpp.dir/rosidl_typesupport_fastrtps_cpp/spot_msgs/srv/detail/dds_fastrtps/list_cameras__type_support.cpp.o[0m
[25.184s] [ 78%] [32mBuilding CXX object CMakeFiles/spot_msgs__rosidl_typesupport_fastrtps_c.dir/rosidl_typesupport_fastrtps_c/spot_msgs/srv/detail/list_sounds__type_support_c.cpp.o[0m
[25.207s] [ 78%] [32mBuilding CXX object CMakeFiles/spot_msgs__rosidl_typesupport_fastrtps_cpp.dir/rosidl_typesupport_fastrtps_cpp/spot_msgs/srv/detail/dds_fastrtps/list_logpoints__type_support.cpp.o[0m
[25.328s] [ 78%] [32mBuilding CXX object CMakeFiles/spot_msgs__rosidl_typesupport_fastrtps_cpp.dir/rosidl_typesupport_fastrtps_cpp/spot_msgs/srv/detail/dds_fastrtps/retrieve_logpoint__type_support.cpp.o[0m
[25.348s] [ 78%] [32mBuilding CXX object CMakeFiles/spot_msgs__rosidl_typesupport_fastrtps_c.dir/rosidl_typesupport_fastrtps_c/spot_msgs/srv/detail/load_sound__type_support_c.cpp.o[0m
[25.442s] [ 78%] [32mBuilding CXX object CMakeFiles/spot_msgs__rosidl_typesupport_fastrtps_c.dir/rosidl_typesupport_fastrtps_c/spot_msgs/srv/detail/play_sound__type_support_c.cpp.o[0m
[25.471s] [ 78%] [32m[1mLinking CXX shared library libspot_msgs__rosidl_typesupport_introspection_cpp.so[0m
[25.554s] [ 79%] [32mBuilding CXX object CMakeFiles/spot_msgs__rosidl_typesupport_fastrtps_cpp.dir/rosidl_typesupport_fastrtps_cpp/spot_msgs/srv/detail/dds_fastrtps/robot_command__type_support.cpp.o[0m
[25.611s] [ 79%] [32mBuilding CXX object CMakeFiles/spot_msgs__rosidl_typesupport_fastrtps_c.dir/rosidl_typesupport_fastrtps_c/spot_msgs/srv/detail/delete_sound__type_support_c.cpp.o[0m
[25.623s] [ 79%] [32mBuilding CXX object CMakeFiles/spot_msgs__rosidl_typesupport_fastrtps_c.dir/rosidl_typesupport_fastrtps_c/spot_msgs/srv/detail/get_volume__type_support_c.cpp.o[0m
[25.643s] [ 79%] [32mBuilding CXX object CMakeFiles/spot_msgs__rosidl_typesupport_fastrtps_cpp.dir/rosidl_typesupport_fastrtps_cpp/spot_msgs/srv/detail/dds_fastrtps/set_gripper_angle__type_support.cpp.o[0m
[25.647s] [ 79%] [32mBuilding CXX object CMakeFiles/spot_msgs__rosidl_typesupport_fastrtps_c.dir/rosidl_typesupport_fastrtps_c/spot_msgs/srv/detail/set_volume__type_support_c.cpp.o[0m
[25.665s] [ 79%] [32mBuilding CXX object CMakeFiles/spot_msgs__rosidl_typesupport_fastrtps_c.dir/rosidl_typesupport_fastrtps_c/spot_msgs/srv/detail/list_ptz__type_support_c.cpp.o[0m
[25.676s] [ 80%] [32mBuilding CXX object CMakeFiles/spot_msgs__rosidl_typesupport_fastrtps_c.dir/rosidl_typesupport_fastrtps_c/spot_msgs/srv/detail/get_ptz_position__type_support_c.cpp.o[0m
[25.704s] [ 80%] [32mBuilding CXX object CMakeFiles/spot_msgs__rosidl_typesupport_fastrtps_cpp.dir/rosidl_typesupport_fastrtps_cpp/spot_msgs/srv/detail/dds_fastrtps/store_logpoint__type_support.cpp.o[0m
[25.705s] [ 80%] [32mBuilding CXX object CMakeFiles/spot_msgs__rosidl_typesupport_fastrtps_c.dir/rosidl_typesupport_fastrtps_c/spot_msgs/srv/detail/set_ptz_position__type_support_c.cpp.o[0m
[25.734s] [ 80%] [32mBuilding CXX object CMakeFiles/spot_msgs__rosidl_typesupport_fastrtps_cpp.dir/rosidl_typesupport_fastrtps_cpp/spot_msgs/srv/detail/dds_fastrtps/tag_logpoint__type_support.cpp.o[0m
[25.884s] [ 80%] [32mBuilding CXX object CMakeFiles/spot_msgs__rosidl_typesupport_fastrtps_cpp.dir/rosidl_typesupport_fastrtps_cpp/spot_msgs/srv/detail/dds_fastrtps/get_led_brightness__type_support.cpp.o[0m
[25.892s] [ 80%] Built target spot_msgs__rosidl_typesupport_introspection_cpp
[25.910s] [ 80%] [32mBuilding CXX object CMakeFiles/spot_msgs__rosidl_typesupport_fastrtps_cpp.dir/rosidl_typesupport_fastrtps_cpp/spot_msgs/srv/detail/dds_fastrtps/set_led_brightness__type_support.cpp.o[0m
[25.934s] [ 80%] [32mBuilding CXX object CMakeFiles/spot_msgs__rosidl_typesupport_fastrtps_c.dir/rosidl_typesupport_fastrtps_c/spot_msgs/srv/detail/initialize_lens__type_support_c.cpp.o[0m
[25.943s] [ 80%] [32mBuilding CXX object CMakeFiles/spot_msgs__rosidl_typesupport_fastrtps_c.dir/rosidl_typesupport_fastrtps_c/spot_msgs/srv/detail/delete_logpoint__type_support_c.cpp.o[0m
[25.980s] [ 81%] [32mBuilding CXX object CMakeFiles/spot_msgs__rosidl_typesupport_fastrtps_cpp.dir/rosidl_typesupport_fastrtps_cpp/spot_msgs/srv/detail/dds_fastrtps/graph_nav_upload_graph__type_support.cpp.o[0m
[26.077s] [ 81%] [32mBuilding CXX object CMakeFiles/spot_msgs__rosidl_typesupport_fastrtps_cpp.dir/rosidl_typesupport_fastrtps_cpp/spot_msgs/srv/detail/dds_fastrtps/graph_nav_clear_graph__type_support.cpp.o[0m
[26.142s] [ 81%] [32mBuilding CXX object CMakeFiles/spot_msgs__rosidl_typesupport_fastrtps_cpp.dir/rosidl_typesupport_fastrtps_cpp/spot_msgs/srv/detail/dds_fastrtps/graph_nav_set_localization__type_support.cpp.o[0m
[26.177s] [ 81%] [32mBuilding CXX object CMakeFiles/spot_msgs__rosidl_typesupport_fastrtps_cpp.dir/rosidl_typesupport_fastrtps_cpp/spot_msgs/srv/detail/dds_fastrtps/graph_nav_get_localization_pose__type_support.cpp.o[0m
[26.182s] [ 81%] [32mBuilding CXX object CMakeFiles/spot_msgs__rosidl_typesupport_fastrtps_cpp.dir/rosidl_typesupport_fastrtps_cpp/spot_msgs/srv/detail/dds_fastrtps/dock__type_support.cpp.o[0m
[26.207s] [ 81%] [32mBuilding CXX object CMakeFiles/spot_msgs__rosidl_typesupport_fastrtps_cpp.dir/rosidl_typesupport_fastrtps_cpp/spot_msgs/srv/detail/dds_fastrtps/get_gripper_camera_parameters__type_support.cpp.o[0m
[26.212s] [ 82%] [32mBuilding CXX object CMakeFiles/spot_msgs__rosidl_typesupport_fastrtps_cpp.dir/rosidl_typesupport_fastrtps_cpp/spot_msgs/srv/detail/dds_fastrtps/set_gripper_camera_parameters__type_support.cpp.o[0m
[26.240s] [ 82%] [32mBuilding CXX object CMakeFiles/spot_msgs__rosidl_typesupport_fastrtps_cpp.dir/rosidl_typesupport_fastrtps_cpp/spot_msgs/srv/detail/dds_fastrtps/override_grasp_or_carry__type_support.cpp.o[0m
[26.258s] [ 82%] [32mBuilding CXX object CMakeFiles/spot_msgs__rosidl_typesupport_fastrtps_c.dir/rosidl_typesupport_fastrtps_c/spot_msgs/srv/detail/get_logpoint_status__type_support_c.cpp.o[0m
[26.328s] [ 82%] [32mBuilding CXX object CMakeFiles/spot_msgs__rosidl_typesupport_fastrtps_c.dir/rosidl_typesupport_fastrtps_c/spot_msgs/srv/detail/list_cameras__type_support_c.cpp.o[0m
[26.361s] [ 83%] [32mBuilding CXX object CMakeFiles/spot_msgs__rosidl_typesupport_fastrtps_c.dir/rosidl_typesupport_fastrtps_c/spot_msgs/srv/detail/list_logpoints__type_support_c.cpp.o[0m
[26.371s] [ 83%] [32mBuilding CXX object CMakeFiles/spot_msgs__rosidl_typesupport_fastrtps_cpp.dir/rosidl_typesupport_fastrtps_cpp/spot_msgs/srv/detail/dds_fastrtps/set_stand_height__type_support.cpp.o[0m
[26.474s] [ 83%] [32mBuilding CXX object CMakeFiles/spot_msgs__rosidl_typesupport_fastrtps_cpp.dir/rosidl_typesupport_fastrtps_cpp/spot_msgs/srv/detail/dds_fastrtps/set_stairs_mode__type_support.cpp.o[0m
[26.490s] [ 83%] [32mBuilding CXX object CMakeFiles/spot_msgs__rosidl_typesupport_fastrtps_cpp.dir/rosidl_typesupport_fastrtps_cpp/spot_msgs/srv/detail/dds_fastrtps/mutate_world_object__type_support.cpp.o[0m
[26.545s] [ 83%] [32mBuilding CXX object CMakeFiles/spot_msgs__rosidl_typesupport_fastrtps_c.dir/rosidl_typesupport_fastrtps_c/spot_msgs/srv/detail/retrieve_logpoint__type_support_c.cpp.o[0m
[26.578s] [ 83%] [32mBuilding CXX object CMakeFiles/spot_msgs__rosidl_typesupport_fastrtps_c.dir/rosidl_typesupport_fastrtps_c/spot_msgs/srv/detail/robot_command__type_support_c.cpp.o[0m
[26.604s] [ 83%] [32mBuilding CXX object CMakeFiles/spot_msgs__rosidl_typesupport_fastrtps_cpp.dir/rosidl_typesupport_fastrtps_cpp/spot_msgs/action/detail/dds_fastrtps/arm_surface_contact__type_support.cpp.o[0m
[26.710s] [ 83%] [32mBuilding CXX object CMakeFiles/spot_msgs__rosidl_typesupport_fastrtps_c.dir/rosidl_typesupport_fastrtps_c/spot_msgs/srv/detail/set_gripper_angle__type_support_c.cpp.o[0m
[26.760s] [ 84%] [32mBuilding CXX object CMakeFiles/spot_msgs__rosidl_typesupport_fastrtps_cpp.dir/rosidl_typesupport_fastrtps_cpp/spot_msgs/action/detail/dds_fastrtps/execute_dance__type_support.cpp.o[0m
[26.788s] [ 84%] [32mBuilding CXX object CMakeFiles/spot_msgs__rosidl_typesupport_fastrtps_cpp.dir/rosidl_typesupport_fastrtps_cpp/spot_msgs/action/detail/dds_fastrtps/navigate_to__type_support.cpp.o[0m
[26.794s] [ 84%] [32mBuilding CXX object CMakeFiles/spot_msgs__rosidl_typesupport_fastrtps_c.dir/rosidl_typesupport_fastrtps_c/spot_msgs/srv/detail/store_logpoint__type_support_c.cpp.o[0m
[26.853s] [ 84%] [32mBuilding CXX object CMakeFiles/spot_msgs__rosidl_typesupport_fastrtps_c.dir/rosidl_typesupport_fastrtps_c/spot_msgs/srv/detail/tag_logpoint__type_support_c.cpp.o[0m
[26.867s] [ 84%] [32mBuilding CXX object CMakeFiles/spot_msgs__rosidl_typesupport_fastrtps_cpp.dir/rosidl_typesupport_fastrtps_cpp/spot_msgs/action/detail/dds_fastrtps/robot_command__type_support.cpp.o[0m
[26.870s] [ 85%] [32mBuilding CXX object CMakeFiles/spot_msgs__rosidl_typesupport_fastrtps_c.dir/rosidl_typesupport_fastrtps_c/spot_msgs/srv/detail/get_led_brightness__type_support_c.cpp.o[0m
[26.874s] [ 85%] [32mBuilding CXX object CMakeFiles/spot_msgs__rosidl_typesupport_fastrtps_cpp.dir/rosidl_typesupport_fastrtps_cpp/spot_msgs/action/detail/dds_fastrtps/trajectory__type_support.cpp.o[0m
[26.886s] [ 85%] [32mBuilding CXX object CMakeFiles/spot_msgs__rosidl_typesupport_fastrtps_cpp.dir/rosidl_typesupport_fastrtps_cpp/spot_msgs/action/detail/dds_fastrtps/manipulation__type_support.cpp.o[0m
[26.920s] [ 85%] [32mBuilding CXX object CMakeFiles/spot_msgs__rosidl_typesupport_fastrtps_c.dir/rosidl_typesupport_fastrtps_c/spot_msgs/srv/detail/set_led_brightness__type_support_c.cpp.o[0m
[26.991s] [ 85%] [32mBuilding CXX object CMakeFiles/spot_msgs__rosidl_typesupport_fastrtps_c.dir/rosidl_typesupport_fastrtps_c/spot_msgs/srv/detail/graph_nav_upload_graph__type_support_c.cpp.o[0m
[27.091s] [ 85%] [32mBuilding CXX object CMakeFiles/spot_msgs__rosidl_typesupport_fastrtps_c.dir/rosidl_typesupport_fastrtps_c/spot_msgs/srv/detail/graph_nav_clear_graph__type_support_c.cpp.o[0m
[27.103s] [ 85%] [32mBuilding CXX object CMakeFiles/spot_msgs__rosidl_typesupport_fastrtps_c.dir/rosidl_typesupport_fastrtps_c/spot_msgs/srv/detail/graph_nav_set_localization__type_support_c.cpp.o[0m
[27.151s] [ 85%] [32mBuilding CXX object CMakeFiles/spot_msgs__rosidl_typesupport_fastrtps_c.dir/rosidl_typesupport_fastrtps_c/spot_msgs/srv/detail/graph_nav_get_localization_pose__type_support_c.cpp.o[0m
[27.297s] [ 86%] [32mBuilding CXX object CMakeFiles/spot_msgs__rosidl_typesupport_fastrtps_c.dir/rosidl_typesupport_fastrtps_c/spot_msgs/srv/detail/dock__type_support_c.cpp.o[0m
[27.338s] [ 86%] [32mBuilding CXX object CMakeFiles/spot_msgs__rosidl_typesupport_fastrtps_c.dir/rosidl_typesupport_fastrtps_c/spot_msgs/srv/detail/get_gripper_camera_parameters__type_support_c.cpp.o[0m
[27.365s] [ 86%] [32mBuilding CXX object CMakeFiles/spot_msgs__rosidl_typesupport_fastrtps_c.dir/rosidl_typesupport_fastrtps_c/spot_msgs/srv/detail/set_gripper_camera_parameters__type_support_c.cpp.o[0m
[27.479s] [ 86%] [32mBuilding CXX object CMakeFiles/spot_msgs__rosidl_typesupport_fastrtps_c.dir/rosidl_typesupport_fastrtps_c/spot_msgs/srv/detail/override_grasp_or_carry__type_support_c.cpp.o[0m
[27.480s] [ 86%] [32mBuilding CXX object CMakeFiles/spot_msgs__rosidl_typesupport_fastrtps_c.dir/rosidl_typesupport_fastrtps_c/spot_msgs/srv/detail/set_stand_height__type_support_c.cpp.o[0m
[27.533s] [ 86%] [32mBuilding CXX object CMakeFiles/spot_msgs__rosidl_typesupport_fastrtps_c.dir/rosidl_typesupport_fastrtps_c/spot_msgs/srv/detail/set_stairs_mode__type_support_c.cpp.o[0m
[27.534s] [ 87%] [32mBuilding CXX object CMakeFiles/spot_msgs__rosidl_typesupport_fastrtps_c.dir/rosidl_typesupport_fastrtps_c/spot_msgs/srv/detail/mutate_world_object__type_support_c.cpp.o[0m
[27.629s] [ 87%] [32mBuilding CXX object CMakeFiles/spot_msgs__rosidl_typesupport_fastrtps_c.dir/rosidl_typesupport_fastrtps_c/spot_msgs/action/detail/arm_surface_contact__type_support_c.cpp.o[0m
[27.640s] [ 87%] [32mBuilding CXX object CMakeFiles/spot_msgs__rosidl_typesupport_fastrtps_c.dir/rosidl_typesupport_fastrtps_c/spot_msgs/action/detail/execute_dance__type_support_c.cpp.o[0m
[27.640s] [ 87%] [32mBuilding CXX object CMakeFiles/spot_msgs__rosidl_typesupport_fastrtps_c.dir/rosidl_typesupport_fastrtps_c/spot_msgs/action/detail/navigate_to__type_support_c.cpp.o[0m
[27.670s] [ 87%] [32mBuilding CXX object CMakeFiles/spot_msgs__rosidl_typesupport_fastrtps_c.dir/rosidl_typesupport_fastrtps_c/spot_msgs/action/detail/robot_command__type_support_c.cpp.o[0m
[27.676s] [ 87%] [32mBuilding CXX object CMakeFiles/spot_msgs__rosidl_typesupport_fastrtps_c.dir/rosidl_typesupport_fastrtps_c/spot_msgs/action/detail/trajectory__type_support_c.cpp.o[0m
[27.681s] [ 88%] [32mBuilding CXX object CMakeFiles/spot_msgs__rosidl_typesupport_fastrtps_c.dir/rosidl_typesupport_fastrtps_c/spot_msgs/action/detail/manipulation__type_support_c.cpp.o[0m
[27.992s] [ 88%] [32m[1mLinking CXX shared library libspot_msgs__rosidl_typesupport_fastrtps_cpp.so[0m
[28.155s] [ 88%] [32m[1mLinking CXX shared library libspot_msgs__rosidl_typesupport_fastrtps_c.so[0m
[28.168s] [ 88%] Built target spot_msgs__rosidl_typesupport_fastrtps_cpp
[28.270s] [ 88%] Built target spot_msgs__rosidl_typesupport_fastrtps_c
[28.300s] [ 88%] Built target spot_msgs
[28.337s] [ 88%] [34m[1mGenerating Python code for ROS interfaces[0m
[36.777s] [ 88%] Built target spot_msgs__py
[36.803s] [ 88%] [32mBuilding C object CMakeFiles/spot_msgs__rosidl_generator_py.dir/rosidl_generator_py/spot_msgs/msg/_wi_fi_state_s.c.o[0m
[36.804s] [ 88%] [32mBuilding C object CMakeFiles/spot_msgs__rosidl_generator_py.dir/rosidl_generator_py/spot_msgs/msg/_lease_array_s.c.o[0m
[36.804s] [ 88%] [32mBuilding C object CMakeFiles/spot_msgs__rosidl_generator_py.dir/rosidl_generator_py/spot_msgs/msg/_metrics_s.c.o[0m
[36.804s] [ 88%] [32mBuilding C object CMakeFiles/spot_msgs__rosidl_generator_py.dir/rosidl_generator_py/spot_msgs/msg/_behavior_fault_s.c.o[0m
[36.804s] [ 88%] [32mBuilding C object CMakeFiles/spot_msgs__rosidl_generator_py.dir/rosidl_generator_py/spot_msgs/msg/_battery_state_array_s.c.o[0m
[36.804s] [ 88%] [32mBuilding C object CMakeFiles/spot_msgs__rosidl_generator_py.dir/rosidl_generator_py/spot_msgs/msg/_lease_owner_s.c.o[0m
[36.804s] [ 88%] [32mBuilding C object CMakeFiles/spot_msgs__rosidl_generator_py.dir/rosidl_generator_py/spot_msgs/msg/_foot_state_array_s.c.o[0m
[36.804s] [ 88%] [32mBuilding C object CMakeFiles/spot_msgs__rosidl_generator_py.dir/rosidl_generator_py/spot_msgs/msg/_mobility_params_s.c.o[0m
[36.804s] [ 90%] [32mBuilding C object CMakeFiles/spot_msgs__rosidl_generator_py.dir/rosidl_generator_py/spot_msgs/msg/_system_fault_s.c.o[0m
[36.804s] [ 90%] [32mBuilding C object CMakeFiles/spot_msgs__rosidl_generator_py.dir/rosidl_generator_py/spot_msgs/msg/_e_stop_state_array_s.c.o[0m
[36.804s] [ 90%] [32mBuilding C object CMakeFiles/spot_msgs__rosidl_generator_py.dir/rosidl_generator_py/spot_msgs/msg/_behavior_fault_state_s.c.o[0m
[36.804s] [ 90%] [32mBuilding C object CMakeFiles/spot_msgs__rosidl_generator_py.dir/rosidl_generator_py/spot_msgs/msg/_feedback_s.c.o[0m
[36.804s] [ 90%] [32mBuilding C object CMakeFiles/spot_msgs__rosidl_generator_py.dir/rosidl_generator_py/spot_msgs/msg/_e_stop_state_s.c.o[0m
[36.805s] [ 91%] [32mBuilding C object CMakeFiles/spot_msgs__rosidl_generator_py.dir/rosidl_generator_py/spot_msgs/msg/_foot_state_s.c.o[0m
[36.810s] [ 91%] [32mBuilding C object CMakeFiles/spot_msgs__rosidl_generator_py.dir/rosidl_generator_py/spot_msgs/msg/_battery_state_s.c.o[0m
[36.814s] [ 91%] [32mBuilding C object CMakeFiles/spot_msgs__rosidl_generator_py.dir/rosidl_generator_py/spot_msgs/msg/_joint_command_s.c.o[0m
[36.962s] [ 91%] [32mBuilding C object CMakeFiles/spot_msgs__rosidl_generator_py.dir/rosidl_generator_py/spot_msgs/msg/_lease_s.c.o[0m
[36.962s] [ 91%] [32mBuilding C object CMakeFiles/spot_msgs__rosidl_generator_py.dir/rosidl_generator_py/spot_msgs/msg/_lease_resource_s.c.o[0m
[36.962s] [ 91%] [32mBuilding C object CMakeFiles/spot_msgs__rosidl_generator_py.dir/rosidl_generator_py/spot_msgs/msg/_power_state_s.c.o[0m
[36.963s] [ 91%] [32mBuilding C object CMakeFiles/spot_msgs__rosidl_generator_py.dir/rosidl_generator_py/spot_msgs/msg/_system_fault_state_s.c.o[0m
[36.963s] [ 91%] [32mBuilding C object CMakeFiles/spot_msgs__rosidl_generator_py.dir/rosidl_generator_py/spot_msgs/srv/_choreography_recorded_state_to_animation_s.c.o[0m
[36.963s] [ 92%] [32mBuilding C object CMakeFiles/spot_msgs__rosidl_generator_py.dir/rosidl_generator_py/spot_msgs/srv/_acquire_lease_s.c.o[0m
[36.966s] [ 92%] [32mBuilding C object CMakeFiles/spot_msgs__rosidl_generator_py.dir/rosidl_generator_py/spot_msgs/srv/_choreography_start_recording_state_s.c.o[0m
[36.969s] [ 92%] [32mBuilding C object CMakeFiles/spot_msgs__rosidl_generator_py.dir/rosidl_generator_py/spot_msgs/srv/_choreography_stop_recording_state_s.c.o[0m
[36.970s] [ 92%] [32mBuilding C object CMakeFiles/spot_msgs__rosidl_generator_py.dir/rosidl_generator_py/spot_msgs/srv/_get_choreography_status_s.c.o[0m
[36.970s] [ 92%] [32mBuilding C object CMakeFiles/spot_msgs__rosidl_generator_py.dir/rosidl_generator_py/spot_msgs/srv/_get_inverse_kinematic_solutions_s.c.o[0m
[36.970s] [ 93%] [32mBuilding C object CMakeFiles/spot_msgs__rosidl_generator_py.dir/rosidl_generator_py/spot_msgs/srv/_list_graph_s.c.o[0m
[36.977s] [ 93%] [32mBuilding C object CMakeFiles/spot_msgs__rosidl_generator_py.dir/rosidl_generator_py/spot_msgs/srv/_return_lease_s.c.o[0m
[36.980s] [ 93%] [32mBuilding C object CMakeFiles/spot_msgs__rosidl_generator_py.dir/rosidl_generator_py/spot_msgs/srv/_list_world_objects_s.c.o[0m
[36.985s] [ 93%] [32mBuilding C object CMakeFiles/spot_msgs__rosidl_generator_py.dir/rosidl_generator_py/spot_msgs/srv/_set_velocity_s.c.o[0m
[36.985s] [ 93%] [32mBuilding C object CMakeFiles/spot_msgs__rosidl_generator_py.dir/rosidl_generator_py/spot_msgs/srv/_set_locomotion_s.c.o[0m
[37.025s] [ 93%] [32mBuilding C object CMakeFiles/spot_msgs__rosidl_generator_py.dir/rosidl_generator_py/spot_msgs/srv/_list_all_dances_s.c.o[0m
[37.126s] [ 94%] [32mBuilding C object CMakeFiles/spot_msgs__rosidl_generator_py.dir/rosidl_generator_py/spot_msgs/srv/_list_all_moves_s.c.o[0m
[37.126s] [ 94%] [32mBuilding C object CMakeFiles/spot_msgs__rosidl_generator_py.dir/rosidl_generator_py/spot_msgs/srv/_upload_animation_s.c.o[0m
[37.130s] [ 94%] [32mBuilding C object CMakeFiles/spot_msgs__rosidl_generator_py.dir/rosidl_generator_py/spot_msgs/srv/_clear_behavior_fault_s.c.o[0m
[37.130s] [ 94%] [32mBuilding C object CMakeFiles/spot_msgs__rosidl_generator_py.dir/rosidl_generator_py/spot_msgs/srv/_upload_sequence_s.c.o[0m
[37.132s] [ 94%] [32mBuilding C object CMakeFiles/spot_msgs__rosidl_generator_py.dir/rosidl_generator_py/spot_msgs/srv/_list_sounds_s.c.o[0m
[37.132s] [ 94%] [32mBuilding C object CMakeFiles/spot_msgs__rosidl_generator_py.dir/rosidl_generator_py/spot_msgs/srv/_load_sound_s.c.o[0m
[37.138s] [ 94%] [32mBuilding C object CMakeFiles/spot_msgs__rosidl_generator_py.dir/rosidl_generator_py/spot_msgs/srv/_play_sound_s.c.o[0m
[37.139s] [ 95%] [32mBuilding C object CMakeFiles/spot_msgs__rosidl_generator_py.dir/rosidl_generator_py/spot_msgs/srv/_delete_sound_s.c.o[0m
[37.143s] [ 95%] [32mBuilding C object CMakeFiles/spot_msgs__rosidl_generator_py.dir/rosidl_generator_py/spot_msgs/srv/_get_volume_s.c.o[0m
[37.144s] [ 95%] [32mBuilding C object CMakeFiles/spot_msgs__rosidl_generator_py.dir/rosidl_generator_py/spot_msgs/srv/_get_ptz_position_s.c.o[0m
[37.144s] [ 95%] [32mBuilding C object CMakeFiles/spot_msgs__rosidl_generator_py.dir/rosidl_generator_py/spot_msgs/srv/_set_volume_s.c.o[0m
[37.144s] [ 95%] [32mBuilding C object CMakeFiles/spot_msgs__rosidl_generator_py.dir/rosidl_generator_py/spot_msgs/srv/_list_ptz_s.c.o[0m
[37.155s] [ 96%] [32mBuilding C object CMakeFiles/spot_msgs__rosidl_generator_py.dir/rosidl_generator_py/spot_msgs/srv/_set_ptz_position_s.c.o[0m
[37.155s] [ 96%] [32mBuilding C object CMakeFiles/spot_msgs__rosidl_generator_py.dir/rosidl_generator_py/spot_msgs/srv/_initialize_lens_s.c.o[0m
[37.161s] [ 96%] [32mBuilding C object CMakeFiles/spot_msgs__rosidl_generator_py.dir/rosidl_generator_py/spot_msgs/srv/_delete_logpoint_s.c.o[0m
[37.206s] [ 96%] [32mBuilding C object CMakeFiles/spot_msgs__rosidl_generator_py.dir/rosidl_generator_py/spot_msgs/srv/_get_logpoint_status_s.c.o[0m
[37.301s] [ 96%] [32mBuilding C object CMakeFiles/spot_msgs__rosidl_generator_py.dir/rosidl_generator_py/spot_msgs/srv/_list_cameras_s.c.o[0m
[37.304s] [ 96%] [32mBuilding C object CMakeFiles/spot_msgs__rosidl_generator_py.dir/rosidl_generator_py/spot_msgs/srv/_list_logpoints_s.c.o[0m
[37.305s] [ 96%] [32mBuilding C object CMakeFiles/spot_msgs__rosidl_generator_py.dir/rosidl_generator_py/spot_msgs/srv/_retrieve_logpoint_s.c.o[0m
[37.305s] [ 97%] [32mBuilding C object CMakeFiles/spot_msgs__rosidl_generator_py.dir/rosidl_generator_py/spot_msgs/srv/_robot_command_s.c.o[0m
[37.308s] [ 97%] [32mBuilding C object CMakeFiles/spot_msgs__rosidl_generator_py.dir/rosidl_generator_py/spot_msgs/srv/_tag_logpoint_s.c.o[0m
[37.308s] [ 97%] [32mBuilding C object CMakeFiles/spot_msgs__rosidl_generator_py.dir/rosidl_generator_py/spot_msgs/srv/_set_gripper_angle_s.c.o[0m
[37.308s] [ 97%] [32mBuilding C object CMakeFiles/spot_msgs__rosidl_generator_py.dir/rosidl_generator_py/spot_msgs/srv/_store_logpoint_s.c.o[0m
[37.308s] [ 97%] [32mBuilding C object CMakeFiles/spot_msgs__rosidl_generator_py.dir/rosidl_generator_py/spot_msgs/srv/_get_led_brightness_s.c.o[0m
[37.308s] [ 97%] [32mBuilding C object CMakeFiles/spot_msgs__rosidl_generator_py.dir/rosidl_generator_py/spot_msgs/srv/_set_led_brightness_s.c.o[0m
[37.308s] [ 98%] [32mBuilding C object CMakeFiles/spot_msgs__rosidl_generator_py.dir/rosidl_generator_py/spot_msgs/srv/_graph_nav_upload_graph_s.c.o[0m
[37.317s] [ 98%] [32mBuilding C object CMakeFiles/spot_msgs__rosidl_generator_py.dir/rosidl_generator_py/spot_msgs/srv/_graph_nav_clear_graph_s.c.o[0m
[37.318s] [ 98%] [32mBuilding C object CMakeFiles/spot_msgs__rosidl_generator_py.dir/rosidl_generator_py/spot_msgs/srv/_graph_nav_set_localization_s.c.o[0m
[37.326s] [ 98%] [32mBuilding C object CMakeFiles/spot_msgs__rosidl_generator_py.dir/rosidl_generator_py/spot_msgs/srv/_graph_nav_get_localization_pose_s.c.o[0m
[37.327s] [ 98%] [32mBuilding C object CMakeFiles/spot_msgs__rosidl_generator_py.dir/rosidl_generator_py/spot_msgs/srv/_dock_s.c.o[0m
[37.348s] [ 98%] [32mBuilding C object CMakeFiles/spot_msgs__rosidl_generator_py.dir/rosidl_generator_py/spot_msgs/srv/_get_gripper_camera_parameters_s.c.o[0m
[37.382s] [ 99%] [32mBuilding C object CMakeFiles/spot_msgs__rosidl_generator_py.dir/rosidl_generator_py/spot_msgs/srv/_set_gripper_camera_parameters_s.c.o[0m
[37.474s] [ 99%] [32mBuilding C object CMakeFiles/spot_msgs__rosidl_generator_py.dir/rosidl_generator_py/spot_msgs/srv/_override_grasp_or_carry_s.c.o[0m
[37.476s] [ 99%] [32mBuilding C object CMakeFiles/spot_msgs__rosidl_generator_py.dir/rosidl_generator_py/spot_msgs/srv/_set_stand_height_s.c.o[0m
[37.480s] [ 99%] [32mBuilding C object CMakeFiles/spot_msgs__rosidl_generator_py.dir/rosidl_generator_py/spot_msgs/srv/_mutate_world_object_s.c.o[0m
[37.480s] [ 99%] [32mBuilding C object CMakeFiles/spot_msgs__rosidl_generator_py.dir/rosidl_generator_py/spot_msgs/action/_arm_surface_contact_s.c.o[0m
[37.480s] [ 99%] [32mBuilding C object CMakeFiles/spot_msgs__rosidl_generator_py.dir/rosidl_generator_py/spot_msgs/srv/_set_stairs_mode_s.c.o[0m
[37.481s] [ 99%] [32mBuilding C object CMakeFiles/spot_msgs__rosidl_generator_py.dir/rosidl_generator_py/spot_msgs/action/_robot_command_s.c.o[0m
[37.482s] [ 99%] [32mBuilding C object CMakeFiles/spot_msgs__rosidl_generator_py.dir/rosidl_generator_py/spot_msgs/action/_navigate_to_s.c.o[0m
[37.482s] [100%] [32mBuilding C object CMakeFiles/spot_msgs__rosidl_generator_py.dir/rosidl_generator_py/spot_msgs/action/_execute_dance_s.c.o[0m
[37.484s] [100%] [32mBuilding C object CMakeFiles/spot_msgs__rosidl_generator_py.dir/rosidl_generator_py/spot_msgs/action/_trajectory_s.c.o[0m
[37.488s] [100%] [32mBuilding C object CMakeFiles/spot_msgs__rosidl_generator_py.dir/rosidl_generator_py/spot_msgs/action/_manipulation_s.c.o[0m
[37.649s] [100%] [32m[1mLinking C shared library rosidl_generator_py/spot_msgs/libspot_msgs__rosidl_generator_py.so[0m
[37.731s] [100%] Built target spot_msgs__rosidl_generator_py
[37.752s] [100%] [32mBuilding C object CMakeFiles/spot_msgs__rosidl_typesupport_introspection_c__pyext.dir/rosidl_generator_py/spot_msgs/_spot_msgs_s.ep.rosidl_typesupport_introspection_c.c.o[0m
[37.753s] [100%] [32mBuilding C object CMakeFiles/spot_msgs__rosidl_typesupport_c__pyext.dir/rosidl_generator_py/spot_msgs/_spot_msgs_s.ep.rosidl_typesupport_c.c.o[0m
[37.753s] [100%] [32mBuilding C object CMakeFiles/spot_msgs__rosidl_typesupport_fastrtps_c__pyext.dir/rosidl_generator_py/spot_msgs/_spot_msgs_s.ep.rosidl_typesupport_fastrtps_c.c.o[0m
[38.239s] [100%] [32m[1mLinking C shared library rosidl_generator_py/spot_msgs/spot_msgs_s__rosidl_typesupport_introspection_c.cpython-310-x86_64-linux-gnu.so[0m
[38.246s] [100%] [32m[1mLinking C shared library rosidl_generator_py/spot_msgs/spot_msgs_s__rosidl_typesupport_c.cpython-310-x86_64-linux-gnu.so[0m
[38.247s] [100%] [32m[1mLinking C shared library rosidl_generator_py/spot_msgs/spot_msgs_s__rosidl_typesupport_fastrtps_c.cpython-310-x86_64-linux-gnu.so[0m
[38.391s] [100%] Built target spot_msgs__rosidl_typesupport_fastrtps_c__pyext
[38.392s] [100%] Built target spot_msgs__rosidl_typesupport_c__pyext
[38.392s] [100%] Built target spot_msgs__rosidl_typesupport_introspection_c__pyext
[38.406s] Invoked command in '/home/mtouri/spot_ws/build/spot_msgs' returned '0': CMAKE_PREFIX_PATH=/opt/ros/humble /usr/bin/cmake --build /home/mtouri/spot_ws/build/spot_msgs -- -j16 -l16
[38.408s] Invoking command in '/home/mtouri/spot_ws/build/spot_msgs': CMAKE_PREFIX_PATH=/opt/ros/humble /usr/bin/cmake --install /home/mtouri/spot_ws/build/spot_msgs
[38.418s] -- Install configuration: ""
[38.419s] -- Execute custom install script
[38.420s] -- Symlinking: /home/mtouri/spot_ws/install/spot_msgs/share/ament_index/resource_index/rosidl_interfaces/spot_msgs
[38.432s] -- Symlinking: /home/mtouri/spot_ws/install/spot_msgs/include/spot_msgs/spot_msgs/action/arm_surface_contact.h
[38.442s] -- Symlinking: /home/mtouri/spot_ws/install/spot_msgs/include/spot_msgs/spot_msgs/action/detail/arm_surface_contact__functions.h
[38.450s] -- Symlinking: /home/mtouri/spot_ws/install/spot_msgs/include/spot_msgs/spot_msgs/action/detail/arm_surface_contact__struct.h
[38.459s] -- Symlinking: /home/mtouri/spot_ws/install/spot_msgs/include/spot_msgs/spot_msgs/action/detail/arm_surface_contact__type_support.h
[38.469s] -- Symlinking: /home/mtouri/spot_ws/install/spot_msgs/include/spot_msgs/spot_msgs/action/detail/execute_dance__functions.h
[38.478s] -- Symlinking: /home/mtouri/spot_ws/install/spot_msgs/include/spot_msgs/spot_msgs/action/detail/execute_dance__struct.h
[38.487s] -- Symlinking: /home/mtouri/spot_ws/install/spot_msgs/include/spot_msgs/spot_msgs/action/detail/execute_dance__type_support.h
[38.497s] -- Symlinking: /home/mtouri/spot_ws/install/spot_msgs/include/spot_msgs/spot_msgs/action/detail/manipulation__functions.h
[38.506s] -- Symlinking: /home/mtouri/spot_ws/install/spot_msgs/include/spot_msgs/spot_msgs/action/detail/manipulation__struct.h
[38.516s] -- Symlinking: /home/mtouri/spot_ws/install/spot_msgs/include/spot_msgs/spot_msgs/action/detail/manipulation__type_support.h
[38.526s] -- Symlinking: /home/mtouri/spot_ws/install/spot_msgs/include/spot_msgs/spot_msgs/action/detail/navigate_to__functions.h
[38.534s] -- Symlinking: /home/mtouri/spot_ws/install/spot_msgs/include/spot_msgs/spot_msgs/action/detail/navigate_to__struct.h
[38.543s] -- Symlinking: /home/mtouri/spot_ws/install/spot_msgs/include/spot_msgs/spot_msgs/action/detail/navigate_to__type_support.h
[38.554s] -- Symlinking: /home/mtouri/spot_ws/install/spot_msgs/include/spot_msgs/spot_msgs/action/detail/robot_command__functions.h
[38.562s] -- Symlinking: /home/mtouri/spot_ws/install/spot_msgs/include/spot_msgs/spot_msgs/action/detail/robot_command__struct.h
[38.571s] -- Symlinking: /home/mtouri/spot_ws/install/spot_msgs/include/spot_msgs/spot_msgs/action/detail/robot_command__type_support.h
[38.579s] -- Symlinking: /home/mtouri/spot_ws/install/spot_msgs/include/spot_msgs/spot_msgs/action/detail/trajectory__functions.h
[38.588s] -- Symlinking: /home/mtouri/spot_ws/install/spot_msgs/include/spot_msgs/spot_msgs/action/detail/trajectory__struct.h
[38.598s] -- Symlinking: /home/mtouri/spot_ws/install/spot_msgs/include/spot_msgs/spot_msgs/action/detail/trajectory__type_support.h
[38.608s] -- Symlinking: /home/mtouri/spot_ws/install/spot_msgs/include/spot_msgs/spot_msgs/action/execute_dance.h
[38.619s] -- Symlinking: /home/mtouri/spot_ws/install/spot_msgs/include/spot_msgs/spot_msgs/action/manipulation.h
[38.630s] -- Symlinking: /home/mtouri/spot_ws/install/spot_msgs/include/spot_msgs/spot_msgs/action/navigate_to.h
[38.641s] -- Symlinking: /home/mtouri/spot_ws/install/spot_msgs/include/spot_msgs/spot_msgs/action/robot_command.h
[38.650s] -- Symlinking: /home/mtouri/spot_ws/install/spot_msgs/include/spot_msgs/spot_msgs/action/trajectory.h
[38.660s] -- Symlinking: /home/mtouri/spot_ws/install/spot_msgs/include/spot_msgs/spot_msgs/msg/battery_state.h
[38.669s] -- Symlinking: /home/mtouri/spot_ws/install/spot_msgs/include/spot_msgs/spot_msgs/msg/battery_state_array.h
[38.679s] -- Symlinking: /home/mtouri/spot_ws/install/spot_msgs/include/spot_msgs/spot_msgs/msg/behavior_fault.h
[38.688s] -- Symlinking: /home/mtouri/spot_ws/install/spot_msgs/include/spot_msgs/spot_msgs/msg/behavior_fault_state.h
[38.696s] -- Symlinking: /home/mtouri/spot_ws/install/spot_msgs/include/spot_msgs/spot_msgs/msg/detail/battery_state__functions.h
[38.705s] -- Symlinking: /home/mtouri/spot_ws/install/spot_msgs/include/spot_msgs/spot_msgs/msg/detail/battery_state__struct.h
[38.714s] -- Symlinking: /home/mtouri/spot_ws/install/spot_msgs/include/spot_msgs/spot_msgs/msg/detail/battery_state__type_support.h
[38.723s] -- Symlinking: /home/mtouri/spot_ws/install/spot_msgs/include/spot_msgs/spot_msgs/msg/detail/battery_state_array__functions.h
[38.732s] -- Symlinking: /home/mtouri/spot_ws/install/spot_msgs/include/spot_msgs/spot_msgs/msg/detail/battery_state_array__struct.h
[38.741s] -- Symlinking: /home/mtouri/spot_ws/install/spot_msgs/include/spot_msgs/spot_msgs/msg/detail/battery_state_array__type_support.h
[38.750s] -- Symlinking: /home/mtouri/spot_ws/install/spot_msgs/include/spot_msgs/spot_msgs/msg/detail/behavior_fault__functions.h
[38.759s] -- Symlinking: /home/mtouri/spot_ws/install/spot_msgs/include/spot_msgs/spot_msgs/msg/detail/behavior_fault__struct.h
[38.771s] -- Symlinking: /home/mtouri/spot_ws/install/spot_msgs/include/spot_msgs/spot_msgs/msg/detail/behavior_fault__type_support.h
[38.780s] -- Symlinking: /home/mtouri/spot_ws/install/spot_msgs/include/spot_msgs/spot_msgs/msg/detail/behavior_fault_state__functions.h
[38.789s] -- Symlinking: /home/mtouri/spot_ws/install/spot_msgs/include/spot_msgs/spot_msgs/msg/detail/behavior_fault_state__struct.h
[38.797s] -- Symlinking: /home/mtouri/spot_ws/install/spot_msgs/include/spot_msgs/spot_msgs/msg/detail/behavior_fault_state__type_support.h
[38.806s] -- Symlinking: /home/mtouri/spot_ws/install/spot_msgs/include/spot_msgs/spot_msgs/msg/detail/e_stop_state__functions.h
[38.815s] -- Symlinking: /home/mtouri/spot_ws/install/spot_msgs/include/spot_msgs/spot_msgs/msg/detail/e_stop_state__struct.h
[38.824s] -- Symlinking: /home/mtouri/spot_ws/install/spot_msgs/include/spot_msgs/spot_msgs/msg/detail/e_stop_state__type_support.h
[38.833s] -- Symlinking: /home/mtouri/spot_ws/install/spot_msgs/include/spot_msgs/spot_msgs/msg/detail/e_stop_state_array__functions.h
[38.841s] -- Symlinking: /home/mtouri/spot_ws/install/spot_msgs/include/spot_msgs/spot_msgs/msg/detail/e_stop_state_array__struct.h
[38.851s] -- Symlinking: /home/mtouri/spot_ws/install/spot_msgs/include/spot_msgs/spot_msgs/msg/detail/e_stop_state_array__type_support.h
[38.859s] -- Symlinking: /home/mtouri/spot_ws/install/spot_msgs/include/spot_msgs/spot_msgs/msg/detail/feedback__functions.h
[38.866s] -- Symlinking: /home/mtouri/spot_ws/install/spot_msgs/include/spot_msgs/spot_msgs/msg/detail/feedback__struct.h
[38.874s] -- Symlinking: /home/mtouri/spot_ws/install/spot_msgs/include/spot_msgs/spot_msgs/msg/detail/feedback__type_support.h
[38.881s] -- Symlinking: /home/mtouri/spot_ws/install/spot_msgs/include/spot_msgs/spot_msgs/msg/detail/foot_state__functions.h
[38.888s] -- Symlinking: /home/mtouri/spot_ws/install/spot_msgs/include/spot_msgs/spot_msgs/msg/detail/foot_state__struct.h
[38.896s] -- Symlinking: /home/mtouri/spot_ws/install/spot_msgs/include/spot_msgs/spot_msgs/msg/detail/foot_state__type_support.h
[38.903s] -- Symlinking: /home/mtouri/spot_ws/install/spot_msgs/include/spot_msgs/spot_msgs/msg/detail/foot_state_array__functions.h
[38.912s] -- Symlinking: /home/mtouri/spot_ws/install/spot_msgs/include/spot_msgs/spot_msgs/msg/detail/foot_state_array__struct.h
[38.921s] -- Symlinking: /home/mtouri/spot_ws/install/spot_msgs/include/spot_msgs/spot_msgs/msg/detail/foot_state_array__type_support.h
[38.931s] -- Symlinking: /home/mtouri/spot_ws/install/spot_msgs/include/spot_msgs/spot_msgs/msg/detail/joint_command__functions.h
[38.938s] -- Symlinking: /home/mtouri/spot_ws/install/spot_msgs/include/spot_msgs/spot_msgs/msg/detail/joint_command__struct.h
[38.947s] -- Symlinking: /home/mtouri/spot_ws/install/spot_msgs/include/spot_msgs/spot_msgs/msg/detail/joint_command__type_support.h
[38.955s] -- Symlinking: /home/mtouri/spot_ws/install/spot_msgs/include/spot_msgs/spot_msgs/msg/detail/lease__functions.h
[38.963s] -- Symlinking: /home/mtouri/spot_ws/install/spot_msgs/include/spot_msgs/spot_msgs/msg/detail/lease__struct.h
[38.971s] -- Symlinking: /home/mtouri/spot_ws/install/spot_msgs/include/spot_msgs/spot_msgs/msg/detail/lease__type_support.h
[38.980s] -- Symlinking: /home/mtouri/spot_ws/install/spot_msgs/include/spot_msgs/spot_msgs/msg/detail/lease_array__functions.h
[38.988s] -- Symlinking: /home/mtouri/spot_ws/install/spot_msgs/include/spot_msgs/spot_msgs/msg/detail/lease_array__struct.h
[38.997s] -- Symlinking: /home/mtouri/spot_ws/install/spot_msgs/include/spot_msgs/spot_msgs/msg/detail/lease_array__type_support.h
[39.004s] -- Symlinking: /home/mtouri/spot_ws/install/spot_msgs/include/spot_msgs/spot_msgs/msg/detail/lease_owner__functions.h
[39.013s] -- Symlinking: /home/mtouri/spot_ws/install/spot_msgs/include/spot_msgs/spot_msgs/msg/detail/lease_owner__struct.h
[39.021s] -- Symlinking: /home/mtouri/spot_ws/install/spot_msgs/include/spot_msgs/spot_msgs/msg/detail/lease_owner__type_support.h
[39.032s] -- Symlinking: /home/mtouri/spot_ws/install/spot_msgs/include/spot_msgs/spot_msgs/msg/detail/lease_resource__functions.h
[39.042s] -- Symlinking: /home/mtouri/spot_ws/install/spot_msgs/include/spot_msgs/spot_msgs/msg/detail/lease_resource__struct.h
[39.052s] -- Symlinking: /home/mtouri/spot_ws/install/spot_msgs/include/spot_msgs/spot_msgs/msg/detail/lease_resource__type_support.h
[39.060s] -- Symlinking: /home/mtouri/spot_ws/install/spot_msgs/include/spot_msgs/spot_msgs/msg/detail/metrics__functions.h
[39.068s] -- Symlinking: /home/mtouri/spot_ws/install/spot_msgs/include/spot_msgs/spot_msgs/msg/detail/metrics__struct.h
[39.076s] -- Symlinking: /home/mtouri/spot_ws/install/spot_msgs/include/spot_msgs/spot_msgs/msg/detail/metrics__type_support.h
[39.085s] -- Symlinking: /home/mtouri/spot_ws/install/spot_msgs/include/spot_msgs/spot_msgs/msg/detail/mobility_params__functions.h
[39.095s] -- Symlinking: /home/mtouri/spot_ws/install/spot_msgs/include/spot_msgs/spot_msgs/msg/detail/mobility_params__struct.h
[39.103s] -- Symlinking: /home/mtouri/spot_ws/install/spot_msgs/include/spot_msgs/spot_msgs/msg/detail/mobility_params__type_support.h
[39.112s] -- Symlinking: /home/mtouri/spot_ws/install/spot_msgs/include/spot_msgs/spot_msgs/msg/detail/power_state__functions.h
[39.121s] -- Symlinking: /home/mtouri/spot_ws/install/spot_msgs/include/spot_msgs/spot_msgs/msg/detail/power_state__struct.h
[39.130s] -- Symlinking: /home/mtouri/spot_ws/install/spot_msgs/include/spot_msgs/spot_msgs/msg/detail/power_state__type_support.h
[39.140s] -- Symlinking: /home/mtouri/spot_ws/install/spot_msgs/include/spot_msgs/spot_msgs/msg/detail/system_fault__functions.h
[39.149s] -- Symlinking: /home/mtouri/spot_ws/install/spot_msgs/include/spot_msgs/spot_msgs/msg/detail/system_fault__struct.h
[39.158s] -- Symlinking: /home/mtouri/spot_ws/install/spot_msgs/include/spot_msgs/spot_msgs/msg/detail/system_fault__type_support.h
[39.167s] -- Symlinking: /home/mtouri/spot_ws/install/spot_msgs/include/spot_msgs/spot_msgs/msg/detail/system_fault_state__functions.h
[39.175s] -- Symlinking: /home/mtouri/spot_ws/install/spot_msgs/include/spot_msgs/spot_msgs/msg/detail/system_fault_state__struct.h
[39.183s] -- Symlinking: /home/mtouri/spot_ws/install/spot_msgs/include/spot_msgs/spot_msgs/msg/detail/system_fault_state__type_support.h
[39.190s] -- Symlinking: /home/mtouri/spot_ws/install/spot_msgs/include/spot_msgs/spot_msgs/msg/detail/wi_fi_state__functions.h
[39.198s] -- Symlinking: /home/mtouri/spot_ws/install/spot_msgs/include/spot_msgs/spot_msgs/msg/detail/wi_fi_state__struct.h
[39.207s] -- Symlinking: /home/mtouri/spot_ws/install/spot_msgs/include/spot_msgs/spot_msgs/msg/detail/wi_fi_state__type_support.h
[39.215s] -- Symlinking: /home/mtouri/spot_ws/install/spot_msgs/include/spot_msgs/spot_msgs/msg/e_stop_state.h
[39.225s] -- Symlinking: /home/mtouri/spot_ws/install/spot_msgs/include/spot_msgs/spot_msgs/msg/e_stop_state_array.h
[39.234s] -- Symlinking: /home/mtouri/spot_ws/install/spot_msgs/include/spot_msgs/spot_msgs/msg/feedback.h
[39.242s] -- Symlinking: /home/mtouri/spot_ws/install/spot_msgs/include/spot_msgs/spot_msgs/msg/foot_state.h
[39.251s] -- Symlinking: /home/mtouri/spot_ws/install/spot_msgs/include/spot_msgs/spot_msgs/msg/foot_state_array.h
[39.263s] -- Symlinking: /home/mtouri/spot_ws/install/spot_msgs/include/spot_msgs/spot_msgs/msg/joint_command.h
[39.273s] -- Symlinking: /home/mtouri/spot_ws/install/spot_msgs/include/spot_msgs/spot_msgs/msg/lease.h
[39.281s] -- Symlinking: /home/mtouri/spot_ws/install/spot_msgs/include/spot_msgs/spot_msgs/msg/lease_array.h
[39.291s] -- Symlinking: /home/mtouri/spot_ws/install/spot_msgs/include/spot_msgs/spot_msgs/msg/lease_owner.h
[39.299s] -- Symlinking: /home/mtouri/spot_ws/install/spot_msgs/include/spot_msgs/spot_msgs/msg/lease_resource.h
[39.307s] -- Symlinking: /home/mtouri/spot_ws/install/spot_msgs/include/spot_msgs/spot_msgs/msg/metrics.h
[39.317s] -- Symlinking: /home/mtouri/spot_ws/install/spot_msgs/include/spot_msgs/spot_msgs/msg/mobility_params.h
[39.326s] -- Symlinking: /home/mtouri/spot_ws/install/spot_msgs/include/spot_msgs/spot_msgs/msg/power_state.h
[39.335s] -- Symlinking: /home/mtouri/spot_ws/install/spot_msgs/include/spot_msgs/spot_msgs/msg/rosidl_generator_c__visibility_control.h
[39.343s] -- Symlinking: /home/mtouri/spot_ws/install/spot_msgs/include/spot_msgs/spot_msgs/msg/system_fault.h
[39.351s] -- Symlinking: /home/mtouri/spot_ws/install/spot_msgs/include/spot_msgs/spot_msgs/msg/system_fault_state.h
[39.359s] -- Symlinking: /home/mtouri/spot_ws/install/spot_msgs/include/spot_msgs/spot_msgs/msg/wi_fi_state.h
[39.366s] -- Symlinking: /home/mtouri/spot_ws/install/spot_msgs/include/spot_msgs/spot_msgs/srv/acquire_lease.h
[39.374s] -- Symlinking: /home/mtouri/spot_ws/install/spot_msgs/include/spot_msgs/spot_msgs/srv/choreography_recorded_state_to_animation.h
[39.382s] -- Symlinking: /home/mtouri/spot_ws/install/spot_msgs/include/spot_msgs/spot_msgs/srv/choreography_start_recording_state.h
[39.389s] -- Symlinking: /home/mtouri/spot_ws/install/spot_msgs/include/spot_msgs/spot_msgs/srv/choreography_stop_recording_state.h
[39.397s] -- Symlinking: /home/mtouri/spot_ws/install/spot_msgs/include/spot_msgs/spot_msgs/srv/clear_behavior_fault.h
[39.406s] -- Symlinking: /home/mtouri/spot_ws/install/spot_msgs/include/spot_msgs/spot_msgs/srv/delete_logpoint.h
[39.413s] -- Symlinking: /home/mtouri/spot_ws/install/spot_msgs/include/spot_msgs/spot_msgs/srv/delete_sound.h
[39.422s] -- Symlinking: /home/mtouri/spot_ws/install/spot_msgs/include/spot_msgs/spot_msgs/srv/detail/acquire_lease__functions.h
[39.432s] -- Symlinking: /home/mtouri/spot_ws/install/spot_msgs/include/spot_msgs/spot_msgs/srv/detail/acquire_lease__struct.h
[39.439s] -- Symlinking: /home/mtouri/spot_ws/install/spot_msgs/include/spot_msgs/spot_msgs/srv/detail/acquire_lease__type_support.h
[39.448s] -- Symlinking: /home/mtouri/spot_ws/install/spot_msgs/include/spot_msgs/spot_msgs/srv/detail/choreography_recorded_state_to_animation__functions.h
[39.457s] -- Symlinking: /home/mtouri/spot_ws/install/spot_msgs/include/spot_msgs/spot_msgs/srv/detail/choreography_recorded_state_to_animation__struct.h
[39.468s] -- Symlinking: /home/mtouri/spot_ws/install/spot_msgs/include/spot_msgs/spot_msgs/srv/detail/choreography_recorded_state_to_animation__type_support.h
[39.476s] -- Symlinking: /home/mtouri/spot_ws/install/spot_msgs/include/spot_msgs/spot_msgs/srv/detail/choreography_start_recording_state__functions.h
[39.484s] -- Symlinking: /home/mtouri/spot_ws/install/spot_msgs/include/spot_msgs/spot_msgs/srv/detail/choreography_start_recording_state__struct.h
[39.492s] -- Symlinking: /home/mtouri/spot_ws/install/spot_msgs/include/spot_msgs/spot_msgs/srv/detail/choreography_start_recording_state__type_support.h
[39.501s] -- Symlinking: /home/mtouri/spot_ws/install/spot_msgs/include/spot_msgs/spot_msgs/srv/detail/choreography_stop_recording_state__functions.h
[39.510s] -- Symlinking: /home/mtouri/spot_ws/install/spot_msgs/include/spot_msgs/spot_msgs/srv/detail/choreography_stop_recording_state__struct.h
[39.519s] -- Symlinking: /home/mtouri/spot_ws/install/spot_msgs/include/spot_msgs/spot_msgs/srv/detail/choreography_stop_recording_state__type_support.h
[39.528s] -- Symlinking: /home/mtouri/spot_ws/install/spot_msgs/include/spot_msgs/spot_msgs/srv/detail/clear_behavior_fault__functions.h
[39.538s] -- Symlinking: /home/mtouri/spot_ws/install/spot_msgs/include/spot_msgs/spot_msgs/srv/detail/clear_behavior_fault__struct.h
[39.547s] -- Symlinking: /home/mtouri/spot_ws/install/spot_msgs/include/spot_msgs/spot_msgs/srv/detail/clear_behavior_fault__type_support.h
[39.556s] -- Symlinking: /home/mtouri/spot_ws/install/spot_msgs/include/spot_msgs/spot_msgs/srv/detail/delete_logpoint__functions.h
[39.564s] -- Symlinking: /home/mtouri/spot_ws/install/spot_msgs/include/spot_msgs/spot_msgs/srv/detail/delete_logpoint__struct.h
[39.574s] -- Symlinking: /home/mtouri/spot_ws/install/spot_msgs/include/spot_msgs/spot_msgs/srv/detail/delete_logpoint__type_support.h
[39.582s] -- Symlinking: /home/mtouri/spot_ws/install/spot_msgs/include/spot_msgs/spot_msgs/srv/detail/delete_sound__functions.h
[39.590s] -- Symlinking: /home/mtouri/spot_ws/install/spot_msgs/include/spot_msgs/spot_msgs/srv/detail/delete_sound__struct.h
[39.599s] -- Symlinking: /home/mtouri/spot_ws/install/spot_msgs/include/spot_msgs/spot_msgs/srv/detail/delete_sound__type_support.h
[39.607s] -- Symlinking: /home/mtouri/spot_ws/install/spot_msgs/include/spot_msgs/spot_msgs/srv/detail/dock__functions.h
[39.615s] -- Symlinking: /home/mtouri/spot_ws/install/spot_msgs/include/spot_msgs/spot_msgs/srv/detail/dock__struct.h
[39.623s] -- Symlinking: /home/mtouri/spot_ws/install/spot_msgs/include/spot_msgs/spot_msgs/srv/detail/dock__type_support.h
[39.631s] -- Symlinking: /home/mtouri/spot_ws/install/spot_msgs/include/spot_msgs/spot_msgs/srv/detail/get_choreography_status__functions.h
[39.639s] -- Symlinking: /home/mtouri/spot_ws/install/spot_msgs/include/spot_msgs/spot_msgs/srv/detail/get_choreography_status__struct.h
[39.648s] -- Symlinking: /home/mtouri/spot_ws/install/spot_msgs/include/spot_msgs/spot_msgs/srv/detail/get_choreography_status__type_support.h
[39.657s] -- Symlinking: /home/mtouri/spot_ws/install/spot_msgs/include/spot_msgs/spot_msgs/srv/detail/get_gripper_camera_parameters__functions.h
[39.666s] -- Symlinking: /home/mtouri/spot_ws/install/spot_msgs/include/spot_msgs/spot_msgs/srv/detail/get_gripper_camera_parameters__struct.h
[39.673s] -- Symlinking: /home/mtouri/spot_ws/install/spot_msgs/include/spot_msgs/spot_msgs/srv/detail/get_gripper_camera_parameters__type_support.h
[39.681s] -- Symlinking: /home/mtouri/spot_ws/install/spot_msgs/include/spot_msgs/spot_msgs/srv/detail/get_inverse_kinematic_solutions__functions.h
[39.690s] -- Symlinking: /home/mtouri/spot_ws/install/spot_msgs/include/spot_msgs/spot_msgs/srv/detail/get_inverse_kinematic_solutions__struct.h
[39.698s] -- Symlinking: /home/mtouri/spot_ws/install/spot_msgs/include/spot_msgs/spot_msgs/srv/detail/get_inverse_kinematic_solutions__type_support.h
[39.708s] -- Symlinking: /home/mtouri/spot_ws/install/spot_msgs/include/spot_msgs/spot_msgs/srv/detail/get_led_brightness__functions.h
[39.718s] -- Symlinking: /home/mtouri/spot_ws/install/spot_msgs/include/spot_msgs/spot_msgs/srv/detail/get_led_brightness__struct.h
[39.727s] -- Symlinking: /home/mtouri/spot_ws/install/spot_msgs/include/spot_msgs/spot_msgs/srv/detail/get_led_brightness__type_support.h
[39.737s] -- Symlinking: /home/mtouri/spot_ws/install/spot_msgs/include/spot_msgs/spot_msgs/srv/detail/get_logpoint_status__functions.h
[39.745s] -- Symlinking: /home/mtouri/spot_ws/install/spot_msgs/include/spot_msgs/spot_msgs/srv/detail/get_logpoint_status__struct.h
[39.753s] -- Symlinking: /home/mtouri/spot_ws/install/spot_msgs/include/spot_msgs/spot_msgs/srv/detail/get_logpoint_status__type_support.h
[39.763s] -- Symlinking: /home/mtouri/spot_ws/install/spot_msgs/include/spot_msgs/spot_msgs/srv/detail/get_ptz_position__functions.h
[39.773s] -- Symlinking: /home/mtouri/spot_ws/install/spot_msgs/include/spot_msgs/spot_msgs/srv/detail/get_ptz_position__struct.h
[39.781s] -- Symlinking: /home/mtouri/spot_ws/install/spot_msgs/include/spot_msgs/spot_msgs/srv/detail/get_ptz_position__type_support.h
[39.792s] -- Symlinking: /home/mtouri/spot_ws/install/spot_msgs/include/spot_msgs/spot_msgs/srv/detail/get_volume__functions.h
[39.800s] -- Symlinking: /home/mtouri/spot_ws/install/spot_msgs/include/spot_msgs/spot_msgs/srv/detail/get_volume__struct.h
[39.809s] -- Symlinking: /home/mtouri/spot_ws/install/spot_msgs/include/spot_msgs/spot_msgs/srv/detail/get_volume__type_support.h
[39.817s] -- Symlinking: /home/mtouri/spot_ws/install/spot_msgs/include/spot_msgs/spot_msgs/srv/detail/graph_nav_clear_graph__functions.h
[39.827s] -- Symlinking: /home/mtouri/spot_ws/install/spot_msgs/include/spot_msgs/spot_msgs/srv/detail/graph_nav_clear_graph__struct.h
[39.836s] -- Symlinking: /home/mtouri/spot_ws/install/spot_msgs/include/spot_msgs/spot_msgs/srv/detail/graph_nav_clear_graph__type_support.h
[39.845s] -- Symlinking: /home/mtouri/spot_ws/install/spot_msgs/include/spot_msgs/spot_msgs/srv/detail/graph_nav_get_localization_pose__functions.h
[39.854s] -- Symlinking: /home/mtouri/spot_ws/install/spot_msgs/include/spot_msgs/spot_msgs/srv/detail/graph_nav_get_localization_pose__struct.h
[39.864s] -- Symlinking: /home/mtouri/spot_ws/install/spot_msgs/include/spot_msgs/spot_msgs/srv/detail/graph_nav_get_localization_pose__type_support.h
[39.874s] -- Symlinking: /home/mtouri/spot_ws/install/spot_msgs/include/spot_msgs/spot_msgs/srv/detail/graph_nav_set_localization__functions.h
[39.883s] -- Symlinking: /home/mtouri/spot_ws/install/spot_msgs/include/spot_msgs/spot_msgs/srv/detail/graph_nav_set_localization__struct.h
[39.893s] -- Symlinking: /home/mtouri/spot_ws/install/spot_msgs/include/spot_msgs/spot_msgs/srv/detail/graph_nav_set_localization__type_support.h
[39.902s] -- Symlinking: /home/mtouri/spot_ws/install/spot_msgs/include/spot_msgs/spot_msgs/srv/detail/graph_nav_upload_graph__functions.h
[39.911s] -- Symlinking: /home/mtouri/spot_ws/install/spot_msgs/include/spot_msgs/spot_msgs/srv/detail/graph_nav_upload_graph__struct.h
[39.921s] -- Symlinking: /home/mtouri/spot_ws/install/spot_msgs/include/spot_msgs/spot_msgs/srv/detail/graph_nav_upload_graph__type_support.h
[39.929s] -- Symlinking: /home/mtouri/spot_ws/install/spot_msgs/include/spot_msgs/spot_msgs/srv/detail/initialize_lens__functions.h
[39.939s] -- Symlinking: /home/mtouri/spot_ws/install/spot_msgs/include/spot_msgs/spot_msgs/srv/detail/initialize_lens__struct.h
[39.948s] -- Symlinking: /home/mtouri/spot_ws/install/spot_msgs/include/spot_msgs/spot_msgs/srv/detail/initialize_lens__type_support.h
[39.958s] -- Symlinking: /home/mtouri/spot_ws/install/spot_msgs/include/spot_msgs/spot_msgs/srv/detail/list_all_dances__functions.h
[39.967s] -- Symlinking: /home/mtouri/spot_ws/install/spot_msgs/include/spot_msgs/spot_msgs/srv/detail/list_all_dances__struct.h
[39.977s] -- Symlinking: /home/mtouri/spot_ws/install/spot_msgs/include/spot_msgs/spot_msgs/srv/detail/list_all_dances__type_support.h
[39.986s] -- Symlinking: /home/mtouri/spot_ws/install/spot_msgs/include/spot_msgs/spot_msgs/srv/detail/list_all_moves__functions.h
[39.996s] -- Symlinking: /home/mtouri/spot_ws/install/spot_msgs/include/spot_msgs/spot_msgs/srv/detail/list_all_moves__struct.h
[40.006s] -- Symlinking: /home/mtouri/spot_ws/install/spot_msgs/include/spot_msgs/spot_msgs/srv/detail/list_all_moves__type_support.h
[40.014s] -- Symlinking: /home/mtouri/spot_ws/install/spot_msgs/include/spot_msgs/spot_msgs/srv/detail/list_cameras__functions.h
[40.024s] -- Symlinking: /home/mtouri/spot_ws/install/spot_msgs/include/spot_msgs/spot_msgs/srv/detail/list_cameras__struct.h
[40.033s] -- Symlinking: /home/mtouri/spot_ws/install/spot_msgs/include/spot_msgs/spot_msgs/srv/detail/list_cameras__type_support.h
[40.043s] -- Symlinking: /home/mtouri/spot_ws/install/spot_msgs/include/spot_msgs/spot_msgs/srv/detail/list_graph__functions.h
[40.051s] -- Symlinking: /home/mtouri/spot_ws/install/spot_msgs/include/spot_msgs/spot_msgs/srv/detail/list_graph__struct.h
[40.060s] -- Symlinking: /home/mtouri/spot_ws/install/spot_msgs/include/spot_msgs/spot_msgs/srv/detail/list_graph__type_support.h
[40.068s] -- Symlinking: /home/mtouri/spot_ws/install/spot_msgs/include/spot_msgs/spot_msgs/srv/detail/list_logpoints__functions.h
[40.077s] -- Symlinking: /home/mtouri/spot_ws/install/spot_msgs/include/spot_msgs/spot_msgs/srv/detail/list_logpoints__struct.h
[40.087s] -- Symlinking: /home/mtouri/spot_ws/install/spot_msgs/include/spot_msgs/spot_msgs/srv/detail/list_logpoints__type_support.h
[40.096s] -- Symlinking: /home/mtouri/spot_ws/install/spot_msgs/include/spot_msgs/spot_msgs/srv/detail/list_ptz__functions.h
[40.106s] -- Symlinking: /home/mtouri/spot_ws/install/spot_msgs/include/spot_msgs/spot_msgs/srv/detail/list_ptz__struct.h
[40.114s] -- Symlinking: /home/mtouri/spot_ws/install/spot_msgs/include/spot_msgs/spot_msgs/srv/detail/list_ptz__type_support.h
[40.124s] -- Symlinking: /home/mtouri/spot_ws/install/spot_msgs/include/spot_msgs/spot_msgs/srv/detail/list_sounds__functions.h
[40.135s] -- Symlinking: /home/mtouri/spot_ws/install/spot_msgs/include/spot_msgs/spot_msgs/srv/detail/list_sounds__struct.h
[40.143s] -- Symlinking: /home/mtouri/spot_ws/install/spot_msgs/include/spot_msgs/spot_msgs/srv/detail/list_sounds__type_support.h
[40.151s] -- Symlinking: /home/mtouri/spot_ws/install/spot_msgs/include/spot_msgs/spot_msgs/srv/detail/list_world_objects__functions.h
[40.159s] -- Symlinking: /home/mtouri/spot_ws/install/spot_msgs/include/spot_msgs/spot_msgs/srv/detail/list_world_objects__struct.h
[40.169s] -- Symlinking: /home/mtouri/spot_ws/install/spot_msgs/include/spot_msgs/spot_msgs/srv/detail/list_world_objects__type_support.h
[40.177s] -- Symlinking: /home/mtouri/spot_ws/install/spot_msgs/include/spot_msgs/spot_msgs/srv/detail/load_sound__functions.h
[40.187s] -- Symlinking: /home/mtouri/spot_ws/install/spot_msgs/include/spot_msgs/spot_msgs/srv/detail/load_sound__struct.h
[40.195s] -- Symlinking: /home/mtouri/spot_ws/install/spot_msgs/include/spot_msgs/spot_msgs/srv/detail/load_sound__type_support.h
[40.204s] -- Symlinking: /home/mtouri/spot_ws/install/spot_msgs/include/spot_msgs/spot_msgs/srv/detail/mutate_world_object__functions.h
[40.213s] -- Symlinking: /home/mtouri/spot_ws/install/spot_msgs/include/spot_msgs/spot_msgs/srv/detail/mutate_world_object__struct.h
[40.223s] -- Symlinking: /home/mtouri/spot_ws/install/spot_msgs/include/spot_msgs/spot_msgs/srv/detail/mutate_world_object__type_support.h
[40.231s] -- Symlinking: /home/mtouri/spot_ws/install/spot_msgs/include/spot_msgs/spot_msgs/srv/detail/override_grasp_or_carry__functions.h
[40.241s] -- Symlinking: /home/mtouri/spot_ws/install/spot_msgs/include/spot_msgs/spot_msgs/srv/detail/override_grasp_or_carry__struct.h
[40.248s] -- Symlinking: /home/mtouri/spot_ws/install/spot_msgs/include/spot_msgs/spot_msgs/srv/detail/override_grasp_or_carry__type_support.h
[40.257s] -- Symlinking: /home/mtouri/spot_ws/install/spot_msgs/include/spot_msgs/spot_msgs/srv/detail/play_sound__functions.h
[40.265s] -- Symlinking: /home/mtouri/spot_ws/install/spot_msgs/include/spot_msgs/spot_msgs/srv/detail/play_sound__struct.h
[40.273s] -- Symlinking: /home/mtouri/spot_ws/install/spot_msgs/include/spot_msgs/spot_msgs/srv/detail/play_sound__type_support.h
[40.282s] -- Symlinking: /home/mtouri/spot_ws/install/spot_msgs/include/spot_msgs/spot_msgs/srv/detail/retrieve_logpoint__functions.h
[40.290s] -- Symlinking: /home/mtouri/spot_ws/install/spot_msgs/include/spot_msgs/spot_msgs/srv/detail/retrieve_logpoint__struct.h
[40.298s] -- Symlinking: /home/mtouri/spot_ws/install/spot_msgs/include/spot_msgs/spot_msgs/srv/detail/retrieve_logpoint__type_support.h
[40.308s] -- Symlinking: /home/mtouri/spot_ws/install/spot_msgs/include/spot_msgs/spot_msgs/srv/detail/return_lease__functions.h
[40.318s] -- Symlinking: /home/mtouri/spot_ws/install/spot_msgs/include/spot_msgs/spot_msgs/srv/detail/return_lease__struct.h
[40.326s] -- Symlinking: /home/mtouri/spot_ws/install/spot_msgs/include/spot_msgs/spot_msgs/srv/detail/return_lease__type_support.h
[40.335s] -- Symlinking: /home/mtouri/spot_ws/install/spot_msgs/include/spot_msgs/spot_msgs/srv/detail/robot_command__functions.h
[40.343s] -- Symlinking: /home/mtouri/spot_ws/install/spot_msgs/include/spot_msgs/spot_msgs/srv/detail/robot_command__struct.h
[40.350s] -- Symlinking: /home/mtouri/spot_ws/install/spot_msgs/include/spot_msgs/spot_msgs/srv/detail/robot_command__type_support.h
[40.358s] -- Symlinking: /home/mtouri/spot_ws/install/spot_msgs/include/spot_msgs/spot_msgs/srv/detail/set_gripper_angle__functions.h
[40.366s] -- Symlinking: /home/mtouri/spot_ws/install/spot_msgs/include/spot_msgs/spot_msgs/srv/detail/set_gripper_angle__struct.h
[40.375s] -- Symlinking: /home/mtouri/spot_ws/install/spot_msgs/include/spot_msgs/spot_msgs/srv/detail/set_gripper_angle__type_support.h
[40.382s] -- Symlinking: /home/mtouri/spot_ws/install/spot_msgs/include/spot_msgs/spot_msgs/srv/detail/set_gripper_camera_parameters__functions.h
[40.392s] -- Symlinking: /home/mtouri/spot_ws/install/spot_msgs/include/spot_msgs/spot_msgs/srv/detail/set_gripper_camera_parameters__struct.h
[40.401s] -- Symlinking: /home/mtouri/spot_ws/install/spot_msgs/include/spot_msgs/spot_msgs/srv/detail/set_gripper_camera_parameters__type_support.h
[40.411s] -- Symlinking: /home/mtouri/spot_ws/install/spot_msgs/include/spot_msgs/spot_msgs/srv/detail/set_led_brightness__functions.h
[40.420s] -- Symlinking: /home/mtouri/spot_ws/install/spot_msgs/include/spot_msgs/spot_msgs/srv/detail/set_led_brightness__struct.h
[40.429s] -- Symlinking: /home/mtouri/spot_ws/install/spot_msgs/include/spot_msgs/spot_msgs/srv/detail/set_led_brightness__type_support.h
[40.438s] -- Symlinking: /home/mtouri/spot_ws/install/spot_msgs/include/spot_msgs/spot_msgs/srv/detail/set_locomotion__functions.h
[40.446s] -- Symlinking: /home/mtouri/spot_ws/install/spot_msgs/include/spot_msgs/spot_msgs/srv/detail/set_locomotion__struct.h
[40.456s] -- Symlinking: /home/mtouri/spot_ws/install/spot_msgs/include/spot_msgs/spot_msgs/srv/detail/set_locomotion__type_support.h
[40.465s] -- Symlinking: /home/mtouri/spot_ws/install/spot_msgs/include/spot_msgs/spot_msgs/srv/detail/set_ptz_position__functions.h
[40.473s] -- Symlinking: /home/mtouri/spot_ws/install/spot_msgs/include/spot_msgs/spot_msgs/srv/detail/set_ptz_position__struct.h
[40.483s] -- Symlinking: /home/mtouri/spot_ws/install/spot_msgs/include/spot_msgs/spot_msgs/srv/detail/set_ptz_position__type_support.h
[40.492s] -- Symlinking: /home/mtouri/spot_ws/install/spot_msgs/include/spot_msgs/spot_msgs/srv/detail/set_stairs_mode__functions.h
[40.500s] -- Symlinking: /home/mtouri/spot_ws/install/spot_msgs/include/spot_msgs/spot_msgs/srv/detail/set_stairs_mode__struct.h
[40.510s] -- Symlinking: /home/mtouri/spot_ws/install/spot_msgs/include/spot_msgs/spot_msgs/srv/detail/set_stairs_mode__type_support.h
[40.518s] -- Symlinking: /home/mtouri/spot_ws/install/spot_msgs/include/spot_msgs/spot_msgs/srv/detail/set_stand_height__functions.h
[40.527s] -- Symlinking: /home/mtouri/spot_ws/install/spot_msgs/include/spot_msgs/spot_msgs/srv/detail/set_stand_height__struct.h
[40.535s] -- Symlinking: /home/mtouri/spot_ws/install/spot_msgs/include/spot_msgs/spot_msgs/srv/detail/set_stand_height__type_support.h
[40.543s] -- Symlinking: /home/mtouri/spot_ws/install/spot_msgs/include/spot_msgs/spot_msgs/srv/detail/set_velocity__functions.h
[40.552s] -- Symlinking: /home/mtouri/spot_ws/install/spot_msgs/include/spot_msgs/spot_msgs/srv/detail/set_velocity__struct.h
[40.560s] -- Symlinking: /home/mtouri/spot_ws/install/spot_msgs/include/spot_msgs/spot_msgs/srv/detail/set_velocity__type_support.h
[40.569s] -- Symlinking: /home/mtouri/spot_ws/install/spot_msgs/include/spot_msgs/spot_msgs/srv/detail/set_volume__functions.h
[40.577s] -- Symlinking: /home/mtouri/spot_ws/install/spot_msgs/include/spot_msgs/spot_msgs/srv/detail/set_volume__struct.h
[40.585s] -- Symlinking: /home/mtouri/spot_ws/install/spot_msgs/include/spot_msgs/spot_msgs/srv/detail/set_volume__type_support.h
[40.593s] -- Symlinking: /home/mtouri/spot_ws/install/spot_msgs/include/spot_msgs/spot_msgs/srv/detail/store_logpoint__functions.h
[40.604s] -- Symlinking: /home/mtouri/spot_ws/install/spot_msgs/include/spot_msgs/spot_msgs/srv/detail/store_logpoint__struct.h
[40.612s] -- Symlinking: /home/mtouri/spot_ws/install/spot_msgs/include/spot_msgs/spot_msgs/srv/detail/store_logpoint__type_support.h
[40.622s] -- Symlinking: /home/mtouri/spot_ws/install/spot_msgs/include/spot_msgs/spot_msgs/srv/detail/tag_logpoint__functions.h
[40.630s] -- Symlinking: /home/mtouri/spot_ws/install/spot_msgs/include/spot_msgs/spot_msgs/srv/detail/tag_logpoint__struct.h
[40.640s] -- Symlinking: /home/mtouri/spot_ws/install/spot_msgs/include/spot_msgs/spot_msgs/srv/detail/tag_logpoint__type_support.h
[40.649s] -- Symlinking: /home/mtouri/spot_ws/install/spot_msgs/include/spot_msgs/spot_msgs/srv/detail/upload_animation__functions.h
[40.658s] -- Symlinking: /home/mtouri/spot_ws/install/spot_msgs/include/spot_msgs/spot_msgs/srv/detail/upload_animation__struct.h
[40.666s] -- Symlinking: /home/mtouri/spot_ws/install/spot_msgs/include/spot_msgs/spot_msgs/srv/detail/upload_animation__type_support.h
[40.675s] -- Symlinking: /home/mtouri/spot_ws/install/spot_msgs/include/spot_msgs/spot_msgs/srv/detail/upload_sequence__functions.h
[40.684s] -- Symlinking: /home/mtouri/spot_ws/install/spot_msgs/include/spot_msgs/spot_msgs/srv/detail/upload_sequence__struct.h
[40.693s] -- Symlinking: /home/mtouri/spot_ws/install/spot_msgs/include/spot_msgs/spot_msgs/srv/detail/upload_sequence__type_support.h
[40.701s] -- Symlinking: /home/mtouri/spot_ws/install/spot_msgs/include/spot_msgs/spot_msgs/srv/dock.h
[40.710s] -- Symlinking: /home/mtouri/spot_ws/install/spot_msgs/include/spot_msgs/spot_msgs/srv/get_choreography_status.h
[40.719s] -- Symlinking: /home/mtouri/spot_ws/install/spot_msgs/include/spot_msgs/spot_msgs/srv/get_gripper_camera_parameters.h
[40.727s] -- Symlinking: /home/mtouri/spot_ws/install/spot_msgs/include/spot_msgs/spot_msgs/srv/get_inverse_kinematic_solutions.h
[40.736s] -- Symlinking: /home/mtouri/spot_ws/install/spot_msgs/include/spot_msgs/spot_msgs/srv/get_led_brightness.h
[40.744s] -- Symlinking: /home/mtouri/spot_ws/install/spot_msgs/include/spot_msgs/spot_msgs/srv/get_logpoint_status.h
[40.754s] -- Symlinking: /home/mtouri/spot_ws/install/spot_msgs/include/spot_msgs/spot_msgs/srv/get_ptz_position.h
[40.762s] -- Symlinking: /home/mtouri/spot_ws/install/spot_msgs/include/spot_msgs/spot_msgs/srv/get_volume.h
[40.769s] -- Symlinking: /home/mtouri/spot_ws/install/spot_msgs/include/spot_msgs/spot_msgs/srv/graph_nav_clear_graph.h
[40.778s] -- Symlinking: /home/mtouri/spot_ws/install/spot_msgs/include/spot_msgs/spot_msgs/srv/graph_nav_get_localization_pose.h
[40.787s] -- Symlinking: /home/mtouri/spot_ws/install/spot_msgs/include/spot_msgs/spot_msgs/srv/graph_nav_set_localization.h
[40.796s] -- Symlinking: /home/mtouri/spot_ws/install/spot_msgs/include/spot_msgs/spot_msgs/srv/graph_nav_upload_graph.h
[40.805s] -- Symlinking: /home/mtouri/spot_ws/install/spot_msgs/include/spot_msgs/spot_msgs/srv/initialize_lens.h
[40.814s] -- Symlinking: /home/mtouri/spot_ws/install/spot_msgs/include/spot_msgs/spot_msgs/srv/list_all_dances.h
[40.823s] -- Symlinking: /home/mtouri/spot_ws/install/spot_msgs/include/spot_msgs/spot_msgs/srv/list_all_moves.h
[40.832s] -- Symlinking: /home/mtouri/spot_ws/install/spot_msgs/include/spot_msgs/spot_msgs/srv/list_cameras.h
[40.840s] -- Symlinking: /home/mtouri/spot_ws/install/spot_msgs/include/spot_msgs/spot_msgs/srv/list_graph.h
[40.848s] -- Symlinking: /home/mtouri/spot_ws/install/spot_msgs/include/spot_msgs/spot_msgs/srv/list_logpoints.h
[40.857s] -- Symlinking: /home/mtouri/spot_ws/install/spot_msgs/include/spot_msgs/spot_msgs/srv/list_ptz.h
[40.866s] -- Symlinking: /home/mtouri/spot_ws/install/spot_msgs/include/spot_msgs/spot_msgs/srv/list_sounds.h
[40.875s] -- Symlinking: /home/mtouri/spot_ws/install/spot_msgs/include/spot_msgs/spot_msgs/srv/list_world_objects.h
[40.883s] -- Symlinking: /home/mtouri/spot_ws/install/spot_msgs/include/spot_msgs/spot_msgs/srv/load_sound.h
[40.892s] -- Symlinking: /home/mtouri/spot_ws/install/spot_msgs/include/spot_msgs/spot_msgs/srv/mutate_world_object.h
[40.901s] -- Symlinking: /home/mtouri/spot_ws/install/spot_msgs/include/spot_msgs/spot_msgs/srv/override_grasp_or_carry.h
[40.910s] -- Symlinking: /home/mtouri/spot_ws/install/spot_msgs/include/spot_msgs/spot_msgs/srv/play_sound.h
[40.919s] -- Symlinking: /home/mtouri/spot_ws/install/spot_msgs/include/spot_msgs/spot_msgs/srv/retrieve_logpoint.h
[40.929s] -- Symlinking: /home/mtouri/spot_ws/install/spot_msgs/include/spot_msgs/spot_msgs/srv/return_lease.h
[40.937s] -- Symlinking: /home/mtouri/spot_ws/install/spot_msgs/include/spot_msgs/spot_msgs/srv/robot_command.h
[40.946s] -- Symlinking: /home/mtouri/spot_ws/install/spot_msgs/include/spot_msgs/spot_msgs/srv/set_gripper_angle.h
[40.954s] -- Symlinking: /home/mtouri/spot_ws/install/spot_msgs/include/spot_msgs/spot_msgs/srv/set_gripper_camera_parameters.h
[40.962s] -- Symlinking: /home/mtouri/spot_ws/install/spot_msgs/include/spot_msgs/spot_msgs/srv/set_led_brightness.h
[40.971s] -- Symlinking: /home/mtouri/spot_ws/install/spot_msgs/include/spot_msgs/spot_msgs/srv/set_locomotion.h
[40.979s] -- Symlinking: /home/mtouri/spot_ws/install/spot_msgs/include/spot_msgs/spot_msgs/srv/set_ptz_position.h
[40.988s] -- Symlinking: /home/mtouri/spot_ws/install/spot_msgs/include/spot_msgs/spot_msgs/srv/set_stairs_mode.h
[40.996s] -- Symlinking: /home/mtouri/spot_ws/install/spot_msgs/include/spot_msgs/spot_msgs/srv/set_stand_height.h
[41.004s] -- Symlinking: /home/mtouri/spot_ws/install/spot_msgs/include/spot_msgs/spot_msgs/srv/set_velocity.h
[41.013s] -- Symlinking: /home/mtouri/spot_ws/install/spot_msgs/include/spot_msgs/spot_msgs/srv/set_volume.h
[41.022s] -- Symlinking: /home/mtouri/spot_ws/install/spot_msgs/include/spot_msgs/spot_msgs/srv/store_logpoint.h
[41.031s] -- Symlinking: /home/mtouri/spot_ws/install/spot_msgs/include/spot_msgs/spot_msgs/srv/tag_logpoint.h
[41.041s] -- Symlinking: /home/mtouri/spot_ws/install/spot_msgs/include/spot_msgs/spot_msgs/srv/upload_animation.h
[41.049s] -- Symlinking: /home/mtouri/spot_ws/install/spot_msgs/include/spot_msgs/spot_msgs/srv/upload_sequence.h
[41.059s] -- Symlinking: /home/mtouri/spot_ws/install/spot_msgs/share/spot_msgs/environment/library_path.sh
[41.068s] -- Symlinking: /home/mtouri/spot_ws/install/spot_msgs/share/spot_msgs/environment/library_path.dsv
[41.080s] -- Symlinking: /home/mtouri/spot_ws/install/spot_msgs/include/spot_msgs/spot_msgs/action/detail/arm_surface_contact__rosidl_typesupport_fastrtps_c.h
[41.089s] -- Symlinking: /home/mtouri/spot_ws/install/spot_msgs/include/spot_msgs/spot_msgs/action/detail/execute_dance__rosidl_typesupport_fastrtps_c.h
[41.098s] -- Symlinking: /home/mtouri/spot_ws/install/spot_msgs/include/spot_msgs/spot_msgs/action/detail/manipulation__rosidl_typesupport_fastrtps_c.h
[41.107s] -- Symlinking: /home/mtouri/spot_ws/install/spot_msgs/include/spot_msgs/spot_msgs/action/detail/navigate_to__rosidl_typesupport_fastrtps_c.h
[41.116s] -- Symlinking: /home/mtouri/spot_ws/install/spot_msgs/include/spot_msgs/spot_msgs/action/detail/robot_command__rosidl_typesupport_fastrtps_c.h
[41.126s] -- Symlinking: /home/mtouri/spot_ws/install/spot_msgs/include/spot_msgs/spot_msgs/action/detail/trajectory__rosidl_typesupport_fastrtps_c.h
[41.136s] -- Symlinking: /home/mtouri/spot_ws/install/spot_msgs/include/spot_msgs/spot_msgs/msg/detail/battery_state__rosidl_typesupport_fastrtps_c.h
[41.145s] -- Symlinking: /home/mtouri/spot_ws/install/spot_msgs/include/spot_msgs/spot_msgs/msg/detail/battery_state_array__rosidl_typesupport_fastrtps_c.h
[41.154s] -- Symlinking: /home/mtouri/spot_ws/install/spot_msgs/include/spot_msgs/spot_msgs/msg/detail/behavior_fault__rosidl_typesupport_fastrtps_c.h
[41.162s] -- Symlinking: /home/mtouri/spot_ws/install/spot_msgs/include/spot_msgs/spot_msgs/msg/detail/behavior_fault_state__rosidl_typesupport_fastrtps_c.h
[41.171s] -- Symlinking: /home/mtouri/spot_ws/install/spot_msgs/include/spot_msgs/spot_msgs/msg/detail/e_stop_state__rosidl_typesupport_fastrtps_c.h
[41.178s] -- Symlinking: /home/mtouri/spot_ws/install/spot_msgs/include/spot_msgs/spot_msgs/msg/detail/e_stop_state_array__rosidl_typesupport_fastrtps_c.h
[41.187s] -- Symlinking: /home/mtouri/spot_ws/install/spot_msgs/include/spot_msgs/spot_msgs/msg/detail/feedback__rosidl_typesupport_fastrtps_c.h
[41.196s] -- Symlinking: /home/mtouri/spot_ws/install/spot_msgs/include/spot_msgs/spot_msgs/msg/detail/foot_state__rosidl_typesupport_fastrtps_c.h
[41.205s] -- Symlinking: /home/mtouri/spot_ws/install/spot_msgs/include/spot_msgs/spot_msgs/msg/detail/foot_state_array__rosidl_typesupport_fastrtps_c.h
[41.213s] -- Symlinking: /home/mtouri/spot_ws/install/spot_msgs/include/spot_msgs/spot_msgs/msg/detail/joint_command__rosidl_typesupport_fastrtps_c.h
[41.222s] -- Symlinking: /home/mtouri/spot_ws/install/spot_msgs/include/spot_msgs/spot_msgs/msg/detail/lease__rosidl_typesupport_fastrtps_c.h
[41.229s] -- Symlinking: /home/mtouri/spot_ws/install/spot_msgs/include/spot_msgs/spot_msgs/msg/detail/lease_array__rosidl_typesupport_fastrtps_c.h
[41.239s] -- Symlinking: /home/mtouri/spot_ws/install/spot_msgs/include/spot_msgs/spot_msgs/msg/detail/lease_owner__rosidl_typesupport_fastrtps_c.h
[41.248s] -- Symlinking: /home/mtouri/spot_ws/install/spot_msgs/include/spot_msgs/spot_msgs/msg/detail/lease_resource__rosidl_typesupport_fastrtps_c.h
[41.257s] -- Symlinking: /home/mtouri/spot_ws/install/spot_msgs/include/spot_msgs/spot_msgs/msg/detail/metrics__rosidl_typesupport_fastrtps_c.h
[41.266s] -- Symlinking: /home/mtouri/spot_ws/install/spot_msgs/include/spot_msgs/spot_msgs/msg/detail/mobility_params__rosidl_typesupport_fastrtps_c.h
[41.274s] -- Symlinking: /home/mtouri/spot_ws/install/spot_msgs/include/spot_msgs/spot_msgs/msg/detail/power_state__rosidl_typesupport_fastrtps_c.h
[41.282s] -- Symlinking: /home/mtouri/spot_ws/install/spot_msgs/include/spot_msgs/spot_msgs/msg/detail/system_fault__rosidl_typesupport_fastrtps_c.h
[41.362s] -- Symlinking: /home/mtouri/spot_ws/install/spot_msgs/include/spot_msgs/spot_msgs/msg/detail/system_fault_state__rosidl_typesupport_fastrtps_c.h
[41.371s] -- Symlinking: /home/mtouri/spot_ws/install/spot_msgs/include/spot_msgs/spot_msgs/msg/detail/wi_fi_state__rosidl_typesupport_fastrtps_c.h
[41.380s] -- Symlinking: /home/mtouri/spot_ws/install/spot_msgs/include/spot_msgs/spot_msgs/msg/rosidl_typesupport_fastrtps_c__visibility_control.h
[41.389s] -- Symlinking: /home/mtouri/spot_ws/install/spot_msgs/include/spot_msgs/spot_msgs/srv/detail/acquire_lease__rosidl_typesupport_fastrtps_c.h
[41.398s] -- Symlinking: /home/mtouri/spot_ws/install/spot_msgs/include/spot_msgs/spot_msgs/srv/detail/choreography_recorded_state_to_animation__rosidl_typesupport_fastrtps_c.h
[41.406s] -- Symlinking: /home/mtouri/spot_ws/install/spot_msgs/include/spot_msgs/spot_msgs/srv/detail/choreography_start_recording_state__rosidl_typesupport_fastrtps_c.h
[41.415s] -- Symlinking: /home/mtouri/spot_ws/install/spot_msgs/include/spot_msgs/spot_msgs/srv/detail/choreography_stop_recording_state__rosidl_typesupport_fastrtps_c.h
[41.424s] -- Symlinking: /home/mtouri/spot_ws/install/spot_msgs/include/spot_msgs/spot_msgs/srv/detail/clear_behavior_fault__rosidl_typesupport_fastrtps_c.h
[41.432s] -- Symlinking: /home/mtouri/spot_ws/install/spot_msgs/include/spot_msgs/spot_msgs/srv/detail/delete_logpoint__rosidl_typesupport_fastrtps_c.h
[41.442s] -- Symlinking: /home/mtouri/spot_ws/install/spot_msgs/include/spot_msgs/spot_msgs/srv/detail/delete_sound__rosidl_typesupport_fastrtps_c.h
[41.449s] -- Symlinking: /home/mtouri/spot_ws/install/spot_msgs/include/spot_msgs/spot_msgs/srv/detail/dock__rosidl_typesupport_fastrtps_c.h
[41.458s] -- Symlinking: /home/mtouri/spot_ws/install/spot_msgs/include/spot_msgs/spot_msgs/srv/detail/get_choreography_status__rosidl_typesupport_fastrtps_c.h
[41.466s] -- Symlinking: /home/mtouri/spot_ws/install/spot_msgs/include/spot_msgs/spot_msgs/srv/detail/get_gripper_camera_parameters__rosidl_typesupport_fastrtps_c.h
[41.474s] -- Symlinking: /home/mtouri/spot_ws/install/spot_msgs/include/spot_msgs/spot_msgs/srv/detail/get_inverse_kinematic_solutions__rosidl_typesupport_fastrtps_c.h
[41.482s] -- Symlinking: /home/mtouri/spot_ws/install/spot_msgs/include/spot_msgs/spot_msgs/srv/detail/get_led_brightness__rosidl_typesupport_fastrtps_c.h
[41.490s] -- Symlinking: /home/mtouri/spot_ws/install/spot_msgs/include/spot_msgs/spot_msgs/srv/detail/get_logpoint_status__rosidl_typesupport_fastrtps_c.h
[41.498s] -- Symlinking: /home/mtouri/spot_ws/install/spot_msgs/include/spot_msgs/spot_msgs/srv/detail/get_ptz_position__rosidl_typesupport_fastrtps_c.h
[41.506s] -- Symlinking: /home/mtouri/spot_ws/install/spot_msgs/include/spot_msgs/spot_msgs/srv/detail/get_volume__rosidl_typesupport_fastrtps_c.h
[41.515s] -- Symlinking: /home/mtouri/spot_ws/install/spot_msgs/include/spot_msgs/spot_msgs/srv/detail/graph_nav_clear_graph__rosidl_typesupport_fastrtps_c.h
[41.526s] -- Symlinking: /home/mtouri/spot_ws/install/spot_msgs/include/spot_msgs/spot_msgs/srv/detail/graph_nav_get_localization_pose__rosidl_typesupport_fastrtps_c.h
[41.536s] -- Symlinking: /home/mtouri/spot_ws/install/spot_msgs/include/spot_msgs/spot_msgs/srv/detail/graph_nav_set_localization__rosidl_typesupport_fastrtps_c.h
[41.546s] -- Symlinking: /home/mtouri/spot_ws/install/spot_msgs/include/spot_msgs/spot_msgs/srv/detail/graph_nav_upload_graph__rosidl_typesupport_fastrtps_c.h
[41.556s] -- Symlinking: /home/mtouri/spot_ws/install/spot_msgs/include/spot_msgs/spot_msgs/srv/detail/initialize_lens__rosidl_typesupport_fastrtps_c.h
[41.565s] -- Symlinking: /home/mtouri/spot_ws/install/spot_msgs/include/spot_msgs/spot_msgs/srv/detail/list_all_dances__rosidl_typesupport_fastrtps_c.h
[41.575s] -- Symlinking: /home/mtouri/spot_ws/install/spot_msgs/include/spot_msgs/spot_msgs/srv/detail/list_all_moves__rosidl_typesupport_fastrtps_c.h
[41.584s] -- Symlinking: /home/mtouri/spot_ws/install/spot_msgs/include/spot_msgs/spot_msgs/srv/detail/list_cameras__rosidl_typesupport_fastrtps_c.h
[41.594s] -- Symlinking: /home/mtouri/spot_ws/install/spot_msgs/include/spot_msgs/spot_msgs/srv/detail/list_graph__rosidl_typesupport_fastrtps_c.h
[41.602s] -- Symlinking: /home/mtouri/spot_ws/install/spot_msgs/include/spot_msgs/spot_msgs/srv/detail/list_logpoints__rosidl_typesupport_fastrtps_c.h
[41.611s] -- Symlinking: /home/mtouri/spot_ws/install/spot_msgs/include/spot_msgs/spot_msgs/srv/detail/list_ptz__rosidl_typesupport_fastrtps_c.h
[41.621s] -- Symlinking: /home/mtouri/spot_ws/install/spot_msgs/include/spot_msgs/spot_msgs/srv/detail/list_sounds__rosidl_typesupport_fastrtps_c.h
[41.630s] -- Symlinking: /home/mtouri/spot_ws/install/spot_msgs/include/spot_msgs/spot_msgs/srv/detail/list_world_objects__rosidl_typesupport_fastrtps_c.h
[41.639s] -- Symlinking: /home/mtouri/spot_ws/install/spot_msgs/include/spot_msgs/spot_msgs/srv/detail/load_sound__rosidl_typesupport_fastrtps_c.h
[41.648s] -- Symlinking: /home/mtouri/spot_ws/install/spot_msgs/include/spot_msgs/spot_msgs/srv/detail/mutate_world_object__rosidl_typesupport_fastrtps_c.h
[41.657s] -- Symlinking: /home/mtouri/spot_ws/install/spot_msgs/include/spot_msgs/spot_msgs/srv/detail/override_grasp_or_carry__rosidl_typesupport_fastrtps_c.h
[41.665s] -- Symlinking: /home/mtouri/spot_ws/install/spot_msgs/include/spot_msgs/spot_msgs/srv/detail/play_sound__rosidl_typesupport_fastrtps_c.h
[41.676s] -- Symlinking: /home/mtouri/spot_ws/install/spot_msgs/include/spot_msgs/spot_msgs/srv/detail/retrieve_logpoint__rosidl_typesupport_fastrtps_c.h
[41.685s] -- Symlinking: /home/mtouri/spot_ws/install/spot_msgs/include/spot_msgs/spot_msgs/srv/detail/return_lease__rosidl_typesupport_fastrtps_c.h
[41.694s] -- Symlinking: /home/mtouri/spot_ws/install/spot_msgs/include/spot_msgs/spot_msgs/srv/detail/robot_command__rosidl_typesupport_fastrtps_c.h
[41.703s] -- Symlinking: /home/mtouri/spot_ws/install/spot_msgs/include/spot_msgs/spot_msgs/srv/detail/set_gripper_angle__rosidl_typesupport_fastrtps_c.h
[41.712s] -- Symlinking: /home/mtouri/spot_ws/install/spot_msgs/include/spot_msgs/spot_msgs/srv/detail/set_gripper_camera_parameters__rosidl_typesupport_fastrtps_c.h
[41.722s] -- Symlinking: /home/mtouri/spot_ws/install/spot_msgs/include/spot_msgs/spot_msgs/srv/detail/set_led_brightness__rosidl_typesupport_fastrtps_c.h
[41.730s] -- Symlinking: /home/mtouri/spot_ws/install/spot_msgs/include/spot_msgs/spot_msgs/srv/detail/set_locomotion__rosidl_typesupport_fastrtps_c.h
[41.739s] -- Symlinking: /home/mtouri/spot_ws/install/spot_msgs/include/spot_msgs/spot_msgs/srv/detail/set_ptz_position__rosidl_typesupport_fastrtps_c.h
[41.748s] -- Symlinking: /home/mtouri/spot_ws/install/spot_msgs/include/spot_msgs/spot_msgs/srv/detail/set_stairs_mode__rosidl_typesupport_fastrtps_c.h
[41.757s] -- Symlinking: /home/mtouri/spot_ws/install/spot_msgs/include/spot_msgs/spot_msgs/srv/detail/set_stand_height__rosidl_typesupport_fastrtps_c.h
[41.766s] -- Symlinking: /home/mtouri/spot_ws/install/spot_msgs/include/spot_msgs/spot_msgs/srv/detail/set_velocity__rosidl_typesupport_fastrtps_c.h
[41.776s] -- Symlinking: /home/mtouri/spot_ws/install/spot_msgs/include/spot_msgs/spot_msgs/srv/detail/set_volume__rosidl_typesupport_fastrtps_c.h
[41.785s] -- Symlinking: /home/mtouri/spot_ws/install/spot_msgs/include/spot_msgs/spot_msgs/srv/detail/store_logpoint__rosidl_typesupport_fastrtps_c.h
[41.795s] -- Symlinking: /home/mtouri/spot_ws/install/spot_msgs/include/spot_msgs/spot_msgs/srv/detail/tag_logpoint__rosidl_typesupport_fastrtps_c.h
[41.804s] -- Symlinking: /home/mtouri/spot_ws/install/spot_msgs/include/spot_msgs/spot_msgs/srv/detail/upload_animation__rosidl_typesupport_fastrtps_c.h
[41.814s] -- Symlinking: /home/mtouri/spot_ws/install/spot_msgs/include/spot_msgs/spot_msgs/srv/detail/upload_sequence__rosidl_typesupport_fastrtps_c.h
[41.827s] -- Symlinking: /home/mtouri/spot_ws/install/spot_msgs/include/spot_msgs/spot_msgs/action/arm_surface_contact.hpp
[41.837s] -- Symlinking: /home/mtouri/spot_ws/install/spot_msgs/include/spot_msgs/spot_msgs/action/detail/arm_surface_contact__builder.hpp
[41.846s] -- Symlinking: /home/mtouri/spot_ws/install/spot_msgs/include/spot_msgs/spot_msgs/action/detail/arm_surface_contact__struct.hpp
[41.855s] -- Symlinking: /home/mtouri/spot_ws/install/spot_msgs/include/spot_msgs/spot_msgs/action/detail/arm_surface_contact__traits.hpp
[41.863s] -- Symlinking: /home/mtouri/spot_ws/install/spot_msgs/include/spot_msgs/spot_msgs/action/detail/arm_surface_contact__type_support.hpp
[41.873s] -- Symlinking: /home/mtouri/spot_ws/install/spot_msgs/include/spot_msgs/spot_msgs/action/detail/execute_dance__builder.hpp
[41.882s] -- Symlinking: /home/mtouri/spot_ws/install/spot_msgs/include/spot_msgs/spot_msgs/action/detail/execute_dance__struct.hpp
[41.891s] -- Symlinking: /home/mtouri/spot_ws/install/spot_msgs/include/spot_msgs/spot_msgs/action/detail/execute_dance__traits.hpp
[41.900s] -- Symlinking: /home/mtouri/spot_ws/install/spot_msgs/include/spot_msgs/spot_msgs/action/detail/execute_dance__type_support.hpp
[41.910s] -- Symlinking: /home/mtouri/spot_ws/install/spot_msgs/include/spot_msgs/spot_msgs/action/detail/manipulation__builder.hpp
[41.920s] -- Symlinking: /home/mtouri/spot_ws/install/spot_msgs/include/spot_msgs/spot_msgs/action/detail/manipulation__struct.hpp
[41.930s] -- Symlinking: /home/mtouri/spot_ws/install/spot_msgs/include/spot_msgs/spot_msgs/action/detail/manipulation__traits.hpp
[41.940s] -- Symlinking: /home/mtouri/spot_ws/install/spot_msgs/include/spot_msgs/spot_msgs/action/detail/manipulation__type_support.hpp
[41.949s] -- Symlinking: /home/mtouri/spot_ws/install/spot_msgs/include/spot_msgs/spot_msgs/action/detail/navigate_to__builder.hpp
[41.956s] -- Symlinking: /home/mtouri/spot_ws/install/spot_msgs/include/spot_msgs/spot_msgs/action/detail/navigate_to__struct.hpp
[41.964s] -- Symlinking: /home/mtouri/spot_ws/install/spot_msgs/include/spot_msgs/spot_msgs/action/detail/navigate_to__traits.hpp
[41.972s] -- Symlinking: /home/mtouri/spot_ws/install/spot_msgs/include/spot_msgs/spot_msgs/action/detail/navigate_to__type_support.hpp
[41.980s] -- Symlinking: /home/mtouri/spot_ws/install/spot_msgs/include/spot_msgs/spot_msgs/action/detail/robot_command__builder.hpp
[41.988s] -- Symlinking: /home/mtouri/spot_ws/install/spot_msgs/include/spot_msgs/spot_msgs/action/detail/robot_command__struct.hpp
[41.997s] -- Symlinking: /home/mtouri/spot_ws/install/spot_msgs/include/spot_msgs/spot_msgs/action/detail/robot_command__traits.hpp
[42.006s] -- Symlinking: /home/mtouri/spot_ws/install/spot_msgs/include/spot_msgs/spot_msgs/action/detail/robot_command__type_support.hpp
[42.014s] -- Symlinking: /home/mtouri/spot_ws/install/spot_msgs/include/spot_msgs/spot_msgs/action/detail/trajectory__builder.hpp
[42.024s] -- Symlinking: /home/mtouri/spot_ws/install/spot_msgs/include/spot_msgs/spot_msgs/action/detail/trajectory__struct.hpp
[42.032s] -- Symlinking: /home/mtouri/spot_ws/install/spot_msgs/include/spot_msgs/spot_msgs/action/detail/trajectory__traits.hpp
[42.040s] -- Symlinking: /home/mtouri/spot_ws/install/spot_msgs/include/spot_msgs/spot_msgs/action/detail/trajectory__type_support.hpp
[42.048s] -- Symlinking: /home/mtouri/spot_ws/install/spot_msgs/include/spot_msgs/spot_msgs/action/execute_dance.hpp
[42.057s] -- Symlinking: /home/mtouri/spot_ws/install/spot_msgs/include/spot_msgs/spot_msgs/action/manipulation.hpp
[42.066s] -- Symlinking: /home/mtouri/spot_ws/install/spot_msgs/include/spot_msgs/spot_msgs/action/navigate_to.hpp
[42.075s] -- Symlinking: /home/mtouri/spot_ws/install/spot_msgs/include/spot_msgs/spot_msgs/action/robot_command.hpp
[42.083s] -- Symlinking: /home/mtouri/spot_ws/install/spot_msgs/include/spot_msgs/spot_msgs/action/trajectory.hpp
[42.091s] -- Symlinking: /home/mtouri/spot_ws/install/spot_msgs/include/spot_msgs/spot_msgs/msg/battery_state.hpp
[42.100s] -- Symlinking: /home/mtouri/spot_ws/install/spot_msgs/include/spot_msgs/spot_msgs/msg/battery_state_array.hpp
[42.108s] -- Symlinking: /home/mtouri/spot_ws/install/spot_msgs/include/spot_msgs/spot_msgs/msg/behavior_fault.hpp
[42.116s] -- Symlinking: /home/mtouri/spot_ws/install/spot_msgs/include/spot_msgs/spot_msgs/msg/behavior_fault_state.hpp
[42.125s] -- Symlinking: /home/mtouri/spot_ws/install/spot_msgs/include/spot_msgs/spot_msgs/msg/detail/battery_state__builder.hpp
[42.133s] -- Symlinking: /home/mtouri/spot_ws/install/spot_msgs/include/spot_msgs/spot_msgs/msg/detail/battery_state__struct.hpp
[42.141s] -- Symlinking: /home/mtouri/spot_ws/install/spot_msgs/include/spot_msgs/spot_msgs/msg/detail/battery_state__traits.hpp
[42.149s] -- Symlinking: /home/mtouri/spot_ws/install/spot_msgs/include/spot_msgs/spot_msgs/msg/detail/battery_state__type_support.hpp
[42.157s] -- Symlinking: /home/mtouri/spot_ws/install/spot_msgs/include/spot_msgs/spot_msgs/msg/detail/battery_state_array__builder.hpp
[42.165s] -- Symlinking: /home/mtouri/spot_ws/install/spot_msgs/include/spot_msgs/spot_msgs/msg/detail/battery_state_array__struct.hpp
[42.173s] -- Symlinking: /home/mtouri/spot_ws/install/spot_msgs/include/spot_msgs/spot_msgs/msg/detail/battery_state_array__traits.hpp
[42.181s] -- Symlinking: /home/mtouri/spot_ws/install/spot_msgs/include/spot_msgs/spot_msgs/msg/detail/battery_state_array__type_support.hpp
[42.191s] -- Symlinking: /home/mtouri/spot_ws/install/spot_msgs/include/spot_msgs/spot_msgs/msg/detail/behavior_fault__builder.hpp
[42.201s] -- Symlinking: /home/mtouri/spot_ws/install/spot_msgs/include/spot_msgs/spot_msgs/msg/detail/behavior_fault__struct.hpp
[42.211s] -- Symlinking: /home/mtouri/spot_ws/install/spot_msgs/include/spot_msgs/spot_msgs/msg/detail/behavior_fault__traits.hpp
[42.220s] -- Symlinking: /home/mtouri/spot_ws/install/spot_msgs/include/spot_msgs/spot_msgs/msg/detail/behavior_fault__type_support.hpp
[42.228s] -- Symlinking: /home/mtouri/spot_ws/install/spot_msgs/include/spot_msgs/spot_msgs/msg/detail/behavior_fault_state__builder.hpp
[42.237s] -- Symlinking: /home/mtouri/spot_ws/install/spot_msgs/include/spot_msgs/spot_msgs/msg/detail/behavior_fault_state__struct.hpp
[42.246s] -- Symlinking: /home/mtouri/spot_ws/install/spot_msgs/include/spot_msgs/spot_msgs/msg/detail/behavior_fault_state__traits.hpp
[42.255s] -- Symlinking: /home/mtouri/spot_ws/install/spot_msgs/include/spot_msgs/spot_msgs/msg/detail/behavior_fault_state__type_support.hpp
[42.264s] -- Symlinking: /home/mtouri/spot_ws/install/spot_msgs/include/spot_msgs/spot_msgs/msg/detail/e_stop_state__builder.hpp
[42.272s] -- Symlinking: /home/mtouri/spot_ws/install/spot_msgs/include/spot_msgs/spot_msgs/msg/detail/e_stop_state__struct.hpp
[42.281s] -- Symlinking: /home/mtouri/spot_ws/install/spot_msgs/include/spot_msgs/spot_msgs/msg/detail/e_stop_state__traits.hpp
[42.290s] -- Symlinking: /home/mtouri/spot_ws/install/spot_msgs/include/spot_msgs/spot_msgs/msg/detail/e_stop_state__type_support.hpp
[42.299s] -- Symlinking: /home/mtouri/spot_ws/install/spot_msgs/include/spot_msgs/spot_msgs/msg/detail/e_stop_state_array__builder.hpp
[42.308s] -- Symlinking: /home/mtouri/spot_ws/install/spot_msgs/include/spot_msgs/spot_msgs/msg/detail/e_stop_state_array__struct.hpp
[42.317s] -- Symlinking: /home/mtouri/spot_ws/install/spot_msgs/include/spot_msgs/spot_msgs/msg/detail/e_stop_state_array__traits.hpp
[42.325s] -- Symlinking: /home/mtouri/spot_ws/install/spot_msgs/include/spot_msgs/spot_msgs/msg/detail/e_stop_state_array__type_support.hpp
[42.335s] -- Symlinking: /home/mtouri/spot_ws/install/spot_msgs/include/spot_msgs/spot_msgs/msg/detail/feedback__builder.hpp
[42.343s] -- Symlinking: /home/mtouri/spot_ws/install/spot_msgs/include/spot_msgs/spot_msgs/msg/detail/feedback__struct.hpp
[42.352s] -- Symlinking: /home/mtouri/spot_ws/install/spot_msgs/include/spot_msgs/spot_msgs/msg/detail/feedback__traits.hpp
[42.361s] -- Symlinking: /home/mtouri/spot_ws/install/spot_msgs/include/spot_msgs/spot_msgs/msg/detail/feedback__type_support.hpp
[42.370s] -- Symlinking: /home/mtouri/spot_ws/install/spot_msgs/include/spot_msgs/spot_msgs/msg/detail/foot_state__builder.hpp
[42.379s] -- Symlinking: /home/mtouri/spot_ws/install/spot_msgs/include/spot_msgs/spot_msgs/msg/detail/foot_state__struct.hpp
[42.387s] -- Symlinking: /home/mtouri/spot_ws/install/spot_msgs/include/spot_msgs/spot_msgs/msg/detail/foot_state__traits.hpp
[42.396s] -- Symlinking: /home/mtouri/spot_ws/install/spot_msgs/include/spot_msgs/spot_msgs/msg/detail/foot_state__type_support.hpp
[42.406s] -- Symlinking: /home/mtouri/spot_ws/install/spot_msgs/include/spot_msgs/spot_msgs/msg/detail/foot_state_array__builder.hpp
[42.415s] -- Symlinking: /home/mtouri/spot_ws/install/spot_msgs/include/spot_msgs/spot_msgs/msg/detail/foot_state_array__struct.hpp
[42.425s] -- Symlinking: /home/mtouri/spot_ws/install/spot_msgs/include/spot_msgs/spot_msgs/msg/detail/foot_state_array__traits.hpp
[42.434s] -- Symlinking: /home/mtouri/spot_ws/install/spot_msgs/include/spot_msgs/spot_msgs/msg/detail/foot_state_array__type_support.hpp
[42.444s] -- Symlinking: /home/mtouri/spot_ws/install/spot_msgs/include/spot_msgs/spot_msgs/msg/detail/joint_command__builder.hpp
[42.451s] -- Symlinking: /home/mtouri/spot_ws/install/spot_msgs/include/spot_msgs/spot_msgs/msg/detail/joint_command__struct.hpp
[42.460s] -- Symlinking: /home/mtouri/spot_ws/install/spot_msgs/include/spot_msgs/spot_msgs/msg/detail/joint_command__traits.hpp
[42.468s] -- Symlinking: /home/mtouri/spot_ws/install/spot_msgs/include/spot_msgs/spot_msgs/msg/detail/joint_command__type_support.hpp
[42.477s] -- Symlinking: /home/mtouri/spot_ws/install/spot_msgs/include/spot_msgs/spot_msgs/msg/detail/lease__builder.hpp
[42.486s] -- Symlinking: /home/mtouri/spot_ws/install/spot_msgs/include/spot_msgs/spot_msgs/msg/detail/lease__struct.hpp
[42.494s] -- Symlinking: /home/mtouri/spot_ws/install/spot_msgs/include/spot_msgs/spot_msgs/msg/detail/lease__traits.hpp
[42.503s] -- Symlinking: /home/mtouri/spot_ws/install/spot_msgs/include/spot_msgs/spot_msgs/msg/detail/lease__type_support.hpp
[42.512s] -- Symlinking: /home/mtouri/spot_ws/install/spot_msgs/include/spot_msgs/spot_msgs/msg/detail/lease_array__builder.hpp
[42.520s] -- Symlinking: /home/mtouri/spot_ws/install/spot_msgs/include/spot_msgs/spot_msgs/msg/detail/lease_array__struct.hpp
[42.529s] -- Symlinking: /home/mtouri/spot_ws/install/spot_msgs/include/spot_msgs/spot_msgs/msg/detail/lease_array__traits.hpp
[42.538s] -- Symlinking: /home/mtouri/spot_ws/install/spot_msgs/include/spot_msgs/spot_msgs/msg/detail/lease_array__type_support.hpp
[42.547s] -- Symlinking: /home/mtouri/spot_ws/install/spot_msgs/include/spot_msgs/spot_msgs/msg/detail/lease_owner__builder.hpp
[42.557s] -- Symlinking: /home/mtouri/spot_ws/install/spot_msgs/include/spot_msgs/spot_msgs/msg/detail/lease_owner__struct.hpp
[42.565s] -- Symlinking: /home/mtouri/spot_ws/install/spot_msgs/include/spot_msgs/spot_msgs/msg/detail/lease_owner__traits.hpp
[42.574s] -- Symlinking: /home/mtouri/spot_ws/install/spot_msgs/include/spot_msgs/spot_msgs/msg/detail/lease_owner__type_support.hpp
[42.582s] -- Symlinking: /home/mtouri/spot_ws/install/spot_msgs/include/spot_msgs/spot_msgs/msg/detail/lease_resource__builder.hpp
[42.591s] -- Symlinking: /home/mtouri/spot_ws/install/spot_msgs/include/spot_msgs/spot_msgs/msg/detail/lease_resource__struct.hpp
[42.600s] -- Symlinking: /home/mtouri/spot_ws/install/spot_msgs/include/spot_msgs/spot_msgs/msg/detail/lease_resource__traits.hpp
[42.609s] -- Symlinking: /home/mtouri/spot_ws/install/spot_msgs/include/spot_msgs/spot_msgs/msg/detail/lease_resource__type_support.hpp
[42.620s] -- Symlinking: /home/mtouri/spot_ws/install/spot_msgs/include/spot_msgs/spot_msgs/msg/detail/metrics__builder.hpp
[42.629s] -- Symlinking: /home/mtouri/spot_ws/install/spot_msgs/include/spot_msgs/spot_msgs/msg/detail/metrics__struct.hpp
[42.639s] -- Symlinking: /home/mtouri/spot_ws/install/spot_msgs/include/spot_msgs/spot_msgs/msg/detail/metrics__traits.hpp
[42.648s] -- Symlinking: /home/mtouri/spot_ws/install/spot_msgs/include/spot_msgs/spot_msgs/msg/detail/metrics__type_support.hpp
[42.658s] -- Symlinking: /home/mtouri/spot_ws/install/spot_msgs/include/spot_msgs/spot_msgs/msg/detail/mobility_params__builder.hpp
[42.668s] -- Symlinking: /home/mtouri/spot_ws/install/spot_msgs/include/spot_msgs/spot_msgs/msg/detail/mobility_params__struct.hpp
[42.678s] -- Symlinking: /home/mtouri/spot_ws/install/spot_msgs/include/spot_msgs/spot_msgs/msg/detail/mobility_params__traits.hpp
[42.689s] -- Symlinking: /home/mtouri/spot_ws/install/spot_msgs/include/spot_msgs/spot_msgs/msg/detail/mobility_params__type_support.hpp
[42.699s] -- Symlinking: /home/mtouri/spot_ws/install/spot_msgs/include/spot_msgs/spot_msgs/msg/detail/power_state__builder.hpp
[42.710s] -- Symlinking: /home/mtouri/spot_ws/install/spot_msgs/include/spot_msgs/spot_msgs/msg/detail/power_state__struct.hpp
[42.720s] -- Symlinking: /home/mtouri/spot_ws/install/spot_msgs/include/spot_msgs/spot_msgs/msg/detail/power_state__traits.hpp
[42.732s] -- Symlinking: /home/mtouri/spot_ws/install/spot_msgs/include/spot_msgs/spot_msgs/msg/detail/power_state__type_support.hpp
[42.742s] -- Symlinking: /home/mtouri/spot_ws/install/spot_msgs/include/spot_msgs/spot_msgs/msg/detail/system_fault__builder.hpp
[42.752s] -- Symlinking: /home/mtouri/spot_ws/install/spot_msgs/include/spot_msgs/spot_msgs/msg/detail/system_fault__struct.hpp
[42.761s] -- Symlinking: /home/mtouri/spot_ws/install/spot_msgs/include/spot_msgs/spot_msgs/msg/detail/system_fault__traits.hpp
[42.770s] -- Symlinking: /home/mtouri/spot_ws/install/spot_msgs/include/spot_msgs/spot_msgs/msg/detail/system_fault__type_support.hpp
[42.779s] -- Symlinking: /home/mtouri/spot_ws/install/spot_msgs/include/spot_msgs/spot_msgs/msg/detail/system_fault_state__builder.hpp
[42.788s] -- Symlinking: /home/mtouri/spot_ws/install/spot_msgs/include/spot_msgs/spot_msgs/msg/detail/system_fault_state__struct.hpp
[42.796s] -- Symlinking: /home/mtouri/spot_ws/install/spot_msgs/include/spot_msgs/spot_msgs/msg/detail/system_fault_state__traits.hpp
[42.807s] -- Symlinking: /home/mtouri/spot_ws/install/spot_msgs/include/spot_msgs/spot_msgs/msg/detail/system_fault_state__type_support.hpp
[42.817s] -- Symlinking: /home/mtouri/spot_ws/install/spot_msgs/include/spot_msgs/spot_msgs/msg/detail/wi_fi_state__builder.hpp
[42.826s] -- Symlinking: /home/mtouri/spot_ws/install/spot_msgs/include/spot_msgs/spot_msgs/msg/detail/wi_fi_state__struct.hpp
[42.835s] -- Symlinking: /home/mtouri/spot_ws/install/spot_msgs/include/spot_msgs/spot_msgs/msg/detail/wi_fi_state__traits.hpp
[42.846s] -- Symlinking: /home/mtouri/spot_ws/install/spot_msgs/include/spot_msgs/spot_msgs/msg/detail/wi_fi_state__type_support.hpp
[42.856s] -- Symlinking: /home/mtouri/spot_ws/install/spot_msgs/include/spot_msgs/spot_msgs/msg/e_stop_state.hpp
[42.866s] -- Symlinking: /home/mtouri/spot_ws/install/spot_msgs/include/spot_msgs/spot_msgs/msg/e_stop_state_array.hpp
[42.876s] -- Symlinking: /home/mtouri/spot_ws/install/spot_msgs/include/spot_msgs/spot_msgs/msg/feedback.hpp
[42.885s] -- Symlinking: /home/mtouri/spot_ws/install/spot_msgs/include/spot_msgs/spot_msgs/msg/foot_state.hpp
[42.895s] -- Symlinking: /home/mtouri/spot_ws/install/spot_msgs/include/spot_msgs/spot_msgs/msg/foot_state_array.hpp
[42.903s] -- Symlinking: /home/mtouri/spot_ws/install/spot_msgs/include/spot_msgs/spot_msgs/msg/joint_command.hpp
[42.912s] -- Symlinking: /home/mtouri/spot_ws/install/spot_msgs/include/spot_msgs/spot_msgs/msg/lease.hpp
[42.922s] -- Symlinking: /home/mtouri/spot_ws/install/spot_msgs/include/spot_msgs/spot_msgs/msg/lease_array.hpp
[42.931s] -- Symlinking: /home/mtouri/spot_ws/install/spot_msgs/include/spot_msgs/spot_msgs/msg/lease_owner.hpp
[42.941s] -- Symlinking: /home/mtouri/spot_ws/install/spot_msgs/include/spot_msgs/spot_msgs/msg/lease_resource.hpp
[42.951s] -- Symlinking: /home/mtouri/spot_ws/install/spot_msgs/include/spot_msgs/spot_msgs/msg/metrics.hpp
[42.961s] -- Symlinking: /home/mtouri/spot_ws/install/spot_msgs/include/spot_msgs/spot_msgs/msg/mobility_params.hpp
[42.970s] -- Symlinking: /home/mtouri/spot_ws/install/spot_msgs/include/spot_msgs/spot_msgs/msg/power_state.hpp
[42.979s] -- Symlinking: /home/mtouri/spot_ws/install/spot_msgs/include/spot_msgs/spot_msgs/msg/rosidl_generator_cpp__visibility_control.hpp
[42.989s] -- Symlinking: /home/mtouri/spot_ws/install/spot_msgs/include/spot_msgs/spot_msgs/msg/system_fault.hpp
[42.999s] -- Symlinking: /home/mtouri/spot_ws/install/spot_msgs/include/spot_msgs/spot_msgs/msg/system_fault_state.hpp
[43.009s] -- Symlinking: /home/mtouri/spot_ws/install/spot_msgs/include/spot_msgs/spot_msgs/msg/wi_fi_state.hpp
[43.018s] -- Symlinking: /home/mtouri/spot_ws/install/spot_msgs/include/spot_msgs/spot_msgs/srv/acquire_lease.hpp
[43.028s] -- Symlinking: /home/mtouri/spot_ws/install/spot_msgs/include/spot_msgs/spot_msgs/srv/choreography_recorded_state_to_animation.hpp
[43.037s] -- Symlinking: /home/mtouri/spot_ws/install/spot_msgs/include/spot_msgs/spot_msgs/srv/choreography_start_recording_state.hpp
[43.045s] -- Symlinking: /home/mtouri/spot_ws/install/spot_msgs/include/spot_msgs/spot_msgs/srv/choreography_stop_recording_state.hpp
[43.054s] -- Symlinking: /home/mtouri/spot_ws/install/spot_msgs/include/spot_msgs/spot_msgs/srv/clear_behavior_fault.hpp
[43.062s] -- Symlinking: /home/mtouri/spot_ws/install/spot_msgs/include/spot_msgs/spot_msgs/srv/delete_logpoint.hpp
[43.069s] -- Symlinking: /home/mtouri/spot_ws/install/spot_msgs/include/spot_msgs/spot_msgs/srv/delete_sound.hpp
[43.077s] -- Symlinking: /home/mtouri/spot_ws/install/spot_msgs/include/spot_msgs/spot_msgs/srv/detail/acquire_lease__builder.hpp
[43.085s] -- Symlinking: /home/mtouri/spot_ws/install/spot_msgs/include/spot_msgs/spot_msgs/srv/detail/acquire_lease__struct.hpp
[43.094s] -- Symlinking: /home/mtouri/spot_ws/install/spot_msgs/include/spot_msgs/spot_msgs/srv/detail/acquire_lease__traits.hpp
[43.102s] -- Symlinking: /home/mtouri/spot_ws/install/spot_msgs/include/spot_msgs/spot_msgs/srv/detail/acquire_lease__type_support.hpp
[43.110s] -- Symlinking: /home/mtouri/spot_ws/install/spot_msgs/include/spot_msgs/spot_msgs/srv/detail/choreography_recorded_state_to_animation__builder.hpp
[43.119s] -- Symlinking: /home/mtouri/spot_ws/install/spot_msgs/include/spot_msgs/spot_msgs/srv/detail/choreography_recorded_state_to_animation__struct.hpp
[43.128s] -- Symlinking: /home/mtouri/spot_ws/install/spot_msgs/include/spot_msgs/spot_msgs/srv/detail/choreography_recorded_state_to_animation__traits.hpp
[43.137s] -- Symlinking: /home/mtouri/spot_ws/install/spot_msgs/include/spot_msgs/spot_msgs/srv/detail/choreography_recorded_state_to_animation__type_support.hpp
[43.146s] -- Symlinking: /home/mtouri/spot_ws/install/spot_msgs/include/spot_msgs/spot_msgs/srv/detail/choreography_start_recording_state__builder.hpp
[43.155s] -- Symlinking: /home/mtouri/spot_ws/install/spot_msgs/include/spot_msgs/spot_msgs/srv/detail/choreography_start_recording_state__struct.hpp
[43.164s] -- Symlinking: /home/mtouri/spot_ws/install/spot_msgs/include/spot_msgs/spot_msgs/srv/detail/choreography_start_recording_state__traits.hpp
[43.173s] -- Symlinking: /home/mtouri/spot_ws/install/spot_msgs/include/spot_msgs/spot_msgs/srv/detail/choreography_start_recording_state__type_support.hpp
[43.181s] -- Symlinking: /home/mtouri/spot_ws/install/spot_msgs/include/spot_msgs/spot_msgs/srv/detail/choreography_stop_recording_state__builder.hpp
[43.189s] -- Symlinking: /home/mtouri/spot_ws/install/spot_msgs/include/spot_msgs/spot_msgs/srv/detail/choreography_stop_recording_state__struct.hpp
[43.197s] -- Symlinking: /home/mtouri/spot_ws/install/spot_msgs/include/spot_msgs/spot_msgs/srv/detail/choreography_stop_recording_state__traits.hpp
[43.206s] -- Symlinking: /home/mtouri/spot_ws/install/spot_msgs/include/spot_msgs/spot_msgs/srv/detail/choreography_stop_recording_state__type_support.hpp
[43.215s] -- Symlinking: /home/mtouri/spot_ws/install/spot_msgs/include/spot_msgs/spot_msgs/srv/detail/clear_behavior_fault__builder.hpp
[43.224s] -- Symlinking: /home/mtouri/spot_ws/install/spot_msgs/include/spot_msgs/spot_msgs/srv/detail/clear_behavior_fault__struct.hpp
[43.235s] -- Symlinking: /home/mtouri/spot_ws/install/spot_msgs/include/spot_msgs/spot_msgs/srv/detail/clear_behavior_fault__traits.hpp
[43.246s] -- Symlinking: /home/mtouri/spot_ws/install/spot_msgs/include/spot_msgs/spot_msgs/srv/detail/clear_behavior_fault__type_support.hpp
[43.255s] -- Symlinking: /home/mtouri/spot_ws/install/spot_msgs/include/spot_msgs/spot_msgs/srv/detail/delete_logpoint__builder.hpp
[43.263s] -- Symlinking: /home/mtouri/spot_ws/install/spot_msgs/include/spot_msgs/spot_msgs/srv/detail/delete_logpoint__struct.hpp
[43.272s] -- Symlinking: /home/mtouri/spot_ws/install/spot_msgs/include/spot_msgs/spot_msgs/srv/detail/delete_logpoint__traits.hpp
[43.281s] -- Symlinking: /home/mtouri/spot_ws/install/spot_msgs/include/spot_msgs/spot_msgs/srv/detail/delete_logpoint__type_support.hpp
[43.291s] -- Symlinking: /home/mtouri/spot_ws/install/spot_msgs/include/spot_msgs/spot_msgs/srv/detail/delete_sound__builder.hpp
[43.299s] -- Symlinking: /home/mtouri/spot_ws/install/spot_msgs/include/spot_msgs/spot_msgs/srv/detail/delete_sound__struct.hpp
[43.307s] -- Symlinking: /home/mtouri/spot_ws/install/spot_msgs/include/spot_msgs/spot_msgs/srv/detail/delete_sound__traits.hpp
[43.315s] -- Symlinking: /home/mtouri/spot_ws/install/spot_msgs/include/spot_msgs/spot_msgs/srv/detail/delete_sound__type_support.hpp
[43.324s] -- Symlinking: /home/mtouri/spot_ws/install/spot_msgs/include/spot_msgs/spot_msgs/srv/detail/dock__builder.hpp
[43.332s] -- Symlinking: /home/mtouri/spot_ws/install/spot_msgs/include/spot_msgs/spot_msgs/srv/detail/dock__struct.hpp
[43.340s] -- Symlinking: /home/mtouri/spot_ws/install/spot_msgs/include/spot_msgs/spot_msgs/srv/detail/dock__traits.hpp
[43.348s] -- Symlinking: /home/mtouri/spot_ws/install/spot_msgs/include/spot_msgs/spot_msgs/srv/detail/dock__type_support.hpp
[43.357s] -- Symlinking: /home/mtouri/spot_ws/install/spot_msgs/include/spot_msgs/spot_msgs/srv/detail/get_choreography_status__builder.hpp
[43.367s] -- Symlinking: /home/mtouri/spot_ws/install/spot_msgs/include/spot_msgs/spot_msgs/srv/detail/get_choreography_status__struct.hpp
[43.376s] -- Symlinking: /home/mtouri/spot_ws/install/spot_msgs/include/spot_msgs/spot_msgs/srv/detail/get_choreography_status__traits.hpp
[43.385s] -- Symlinking: /home/mtouri/spot_ws/install/spot_msgs/include/spot_msgs/spot_msgs/srv/detail/get_choreography_status__type_support.hpp
[43.394s] -- Symlinking: /home/mtouri/spot_ws/install/spot_msgs/include/spot_msgs/spot_msgs/srv/detail/get_gripper_camera_parameters__builder.hpp
[43.403s] -- Symlinking: /home/mtouri/spot_ws/install/spot_msgs/include/spot_msgs/spot_msgs/srv/detail/get_gripper_camera_parameters__struct.hpp
[43.411s] -- Symlinking: /home/mtouri/spot_ws/install/spot_msgs/include/spot_msgs/spot_msgs/srv/detail/get_gripper_camera_parameters__traits.hpp
[43.422s] -- Symlinking: /home/mtouri/spot_ws/install/spot_msgs/include/spot_msgs/spot_msgs/srv/detail/get_gripper_camera_parameters__type_support.hpp
[43.432s] -- Symlinking: /home/mtouri/spot_ws/install/spot_msgs/include/spot_msgs/spot_msgs/srv/detail/get_inverse_kinematic_solutions__builder.hpp
[43.441s] -- Symlinking: /home/mtouri/spot_ws/install/spot_msgs/include/spot_msgs/spot_msgs/srv/detail/get_inverse_kinematic_solutions__struct.hpp
[43.450s] -- Symlinking: /home/mtouri/spot_ws/install/spot_msgs/include/spot_msgs/spot_msgs/srv/detail/get_inverse_kinematic_solutions__traits.hpp
[43.459s] -- Symlinking: /home/mtouri/spot_ws/install/spot_msgs/include/spot_msgs/spot_msgs/srv/detail/get_inverse_kinematic_solutions__type_support.hpp
[43.466s] -- Symlinking: /home/mtouri/spot_ws/install/spot_msgs/include/spot_msgs/spot_msgs/srv/detail/get_led_brightness__builder.hpp
[43.474s] -- Symlinking: /home/mtouri/spot_ws/install/spot_msgs/include/spot_msgs/spot_msgs/srv/detail/get_led_brightness__struct.hpp
[43.482s] -- Symlinking: /home/mtouri/spot_ws/install/spot_msgs/include/spot_msgs/spot_msgs/srv/detail/get_led_brightness__traits.hpp
[43.491s] -- Symlinking: /home/mtouri/spot_ws/install/spot_msgs/include/spot_msgs/spot_msgs/srv/detail/get_led_brightness__type_support.hpp
[43.500s] -- Symlinking: /home/mtouri/spot_ws/install/spot_msgs/include/spot_msgs/spot_msgs/srv/detail/get_logpoint_status__builder.hpp
[43.509s] -- Symlinking: /home/mtouri/spot_ws/install/spot_msgs/include/spot_msgs/spot_msgs/srv/detail/get_logpoint_status__struct.hpp
[43.517s] -- Symlinking: /home/mtouri/spot_ws/install/spot_msgs/include/spot_msgs/spot_msgs/srv/detail/get_logpoint_status__traits.hpp
[43.526s] -- Symlinking: /home/mtouri/spot_ws/install/spot_msgs/include/spot_msgs/spot_msgs/srv/detail/get_logpoint_status__type_support.hpp
[43.534s] -- Symlinking: /home/mtouri/spot_ws/install/spot_msgs/include/spot_msgs/spot_msgs/srv/detail/get_ptz_position__builder.hpp
[43.542s] -- Symlinking: /home/mtouri/spot_ws/install/spot_msgs/include/spot_msgs/spot_msgs/srv/detail/get_ptz_position__struct.hpp
[43.551s] -- Symlinking: /home/mtouri/spot_ws/install/spot_msgs/include/spot_msgs/spot_msgs/srv/detail/get_ptz_position__traits.hpp
[43.559s] -- Symlinking: /home/mtouri/spot_ws/install/spot_msgs/include/spot_msgs/spot_msgs/srv/detail/get_ptz_position__type_support.hpp
[43.567s] -- Symlinking: /home/mtouri/spot_ws/install/spot_msgs/include/spot_msgs/spot_msgs/srv/detail/get_volume__builder.hpp
[43.577s] -- Symlinking: /home/mtouri/spot_ws/install/spot_msgs/include/spot_msgs/spot_msgs/srv/detail/get_volume__struct.hpp
[43.584s] -- Symlinking: /home/mtouri/spot_ws/install/spot_msgs/include/spot_msgs/spot_msgs/srv/detail/get_volume__traits.hpp
[43.593s] -- Symlinking: /home/mtouri/spot_ws/install/spot_msgs/include/spot_msgs/spot_msgs/srv/detail/get_volume__type_support.hpp
[43.601s] -- Symlinking: /home/mtouri/spot_ws/install/spot_msgs/include/spot_msgs/spot_msgs/srv/detail/graph_nav_clear_graph__builder.hpp
[43.609s] -- Symlinking: /home/mtouri/spot_ws/install/spot_msgs/include/spot_msgs/spot_msgs/srv/detail/graph_nav_clear_graph__struct.hpp
[43.617s] -- Symlinking: /home/mtouri/spot_ws/install/spot_msgs/include/spot_msgs/spot_msgs/srv/detail/graph_nav_clear_graph__traits.hpp
[43.626s] -- Symlinking: /home/mtouri/spot_ws/install/spot_msgs/include/spot_msgs/spot_msgs/srv/detail/graph_nav_clear_graph__type_support.hpp
[43.634s] -- Symlinking: /home/mtouri/spot_ws/install/spot_msgs/include/spot_msgs/spot_msgs/srv/detail/graph_nav_get_localization_pose__builder.hpp
[43.643s] -- Symlinking: /home/mtouri/spot_ws/install/spot_msgs/include/spot_msgs/spot_msgs/srv/detail/graph_nav_get_localization_pose__struct.hpp
[43.652s] -- Symlinking: /home/mtouri/spot_ws/install/spot_msgs/include/spot_msgs/spot_msgs/srv/detail/graph_nav_get_localization_pose__traits.hpp
[43.662s] -- Symlinking: /home/mtouri/spot_ws/install/spot_msgs/include/spot_msgs/spot_msgs/srv/detail/graph_nav_get_localization_pose__type_support.hpp
[43.671s] -- Symlinking: /home/mtouri/spot_ws/install/spot_msgs/include/spot_msgs/spot_msgs/srv/detail/graph_nav_set_localization__builder.hpp
[43.680s] -- Symlinking: /home/mtouri/spot_ws/install/spot_msgs/include/spot_msgs/spot_msgs/srv/detail/graph_nav_set_localization__struct.hpp
[43.689s] -- Symlinking: /home/mtouri/spot_ws/install/spot_msgs/include/spot_msgs/spot_msgs/srv/detail/graph_nav_set_localization__traits.hpp
[43.697s] -- Symlinking: /home/mtouri/spot_ws/install/spot_msgs/include/spot_msgs/spot_msgs/srv/detail/graph_nav_set_localization__type_support.hpp
[43.705s] -- Symlinking: /home/mtouri/spot_ws/install/spot_msgs/include/spot_msgs/spot_msgs/srv/detail/graph_nav_upload_graph__builder.hpp
[43.714s] -- Symlinking: /home/mtouri/spot_ws/install/spot_msgs/include/spot_msgs/spot_msgs/srv/detail/graph_nav_upload_graph__struct.hpp
[43.723s] -- Symlinking: /home/mtouri/spot_ws/install/spot_msgs/include/spot_msgs/spot_msgs/srv/detail/graph_nav_upload_graph__traits.hpp
[43.732s] -- Symlinking: /home/mtouri/spot_ws/install/spot_msgs/include/spot_msgs/spot_msgs/srv/detail/graph_nav_upload_graph__type_support.hpp
[43.739s] -- Symlinking: /home/mtouri/spot_ws/install/spot_msgs/include/spot_msgs/spot_msgs/srv/detail/initialize_lens__builder.hpp
[43.748s] -- Symlinking: /home/mtouri/spot_ws/install/spot_msgs/include/spot_msgs/spot_msgs/srv/detail/initialize_lens__struct.hpp
[43.756s] -- Symlinking: /home/mtouri/spot_ws/install/spot_msgs/include/spot_msgs/spot_msgs/srv/detail/initialize_lens__traits.hpp
[43.764s] -- Symlinking: /home/mtouri/spot_ws/install/spot_msgs/include/spot_msgs/spot_msgs/srv/detail/initialize_lens__type_support.hpp
[43.772s] -- Symlinking: /home/mtouri/spot_ws/install/spot_msgs/include/spot_msgs/spot_msgs/srv/detail/list_all_dances__builder.hpp
[43.780s] -- Symlinking: /home/mtouri/spot_ws/install/spot_msgs/include/spot_msgs/spot_msgs/srv/detail/list_all_dances__struct.hpp
[43.788s] -- Symlinking: /home/mtouri/spot_ws/install/spot_msgs/include/spot_msgs/spot_msgs/srv/detail/list_all_dances__traits.hpp
[43.796s] -- Symlinking: /home/mtouri/spot_ws/install/spot_msgs/include/spot_msgs/spot_msgs/srv/detail/list_all_dances__type_support.hpp
[43.804s] -- Symlinking: /home/mtouri/spot_ws/install/spot_msgs/include/spot_msgs/spot_msgs/srv/detail/list_all_moves__builder.hpp
[43.812s] -- Symlinking: /home/mtouri/spot_ws/install/spot_msgs/include/spot_msgs/spot_msgs/srv/detail/list_all_moves__struct.hpp
[43.820s] -- Symlinking: /home/mtouri/spot_ws/install/spot_msgs/include/spot_msgs/spot_msgs/srv/detail/list_all_moves__traits.hpp
[43.829s] -- Symlinking: /home/mtouri/spot_ws/install/spot_msgs/include/spot_msgs/spot_msgs/srv/detail/list_all_moves__type_support.hpp
[43.839s] -- Symlinking: /home/mtouri/spot_ws/install/spot_msgs/include/spot_msgs/spot_msgs/srv/detail/list_cameras__builder.hpp
[43.850s] -- Symlinking: /home/mtouri/spot_ws/install/spot_msgs/include/spot_msgs/spot_msgs/srv/detail/list_cameras__struct.hpp
[43.859s] -- Symlinking: /home/mtouri/spot_ws/install/spot_msgs/include/spot_msgs/spot_msgs/srv/detail/list_cameras__traits.hpp
[43.869s] -- Symlinking: /home/mtouri/spot_ws/install/spot_msgs/include/spot_msgs/spot_msgs/srv/detail/list_cameras__type_support.hpp
[43.877s] -- Symlinking: /home/mtouri/spot_ws/install/spot_msgs/include/spot_msgs/spot_msgs/srv/detail/list_graph__builder.hpp
[43.886s] -- Symlinking: /home/mtouri/spot_ws/install/spot_msgs/include/spot_msgs/spot_msgs/srv/detail/list_graph__struct.hpp
[43.894s] -- Symlinking: /home/mtouri/spot_ws/install/spot_msgs/include/spot_msgs/spot_msgs/srv/detail/list_graph__traits.hpp
[43.903s] -- Symlinking: /home/mtouri/spot_ws/install/spot_msgs/include/spot_msgs/spot_msgs/srv/detail/list_graph__type_support.hpp
[43.910s] -- Symlinking: /home/mtouri/spot_ws/install/spot_msgs/include/spot_msgs/spot_msgs/srv/detail/list_logpoints__builder.hpp
[43.920s] -- Symlinking: /home/mtouri/spot_ws/install/spot_msgs/include/spot_msgs/spot_msgs/srv/detail/list_logpoints__struct.hpp
[43.928s] -- Symlinking: /home/mtouri/spot_ws/install/spot_msgs/include/spot_msgs/spot_msgs/srv/detail/list_logpoints__traits.hpp
[43.936s] -- Symlinking: /home/mtouri/spot_ws/install/spot_msgs/include/spot_msgs/spot_msgs/srv/detail/list_logpoints__type_support.hpp
[43.944s] -- Symlinking: /home/mtouri/spot_ws/install/spot_msgs/include/spot_msgs/spot_msgs/srv/detail/list_ptz__builder.hpp
[43.952s] -- Symlinking: /home/mtouri/spot_ws/install/spot_msgs/include/spot_msgs/spot_msgs/srv/detail/list_ptz__struct.hpp
[43.960s] -- Symlinking: /home/mtouri/spot_ws/install/spot_msgs/include/spot_msgs/spot_msgs/srv/detail/list_ptz__traits.hpp
[43.968s] -- Symlinking: /home/mtouri/spot_ws/install/spot_msgs/include/spot_msgs/spot_msgs/srv/detail/list_ptz__type_support.hpp
[43.976s] -- Symlinking: /home/mtouri/spot_ws/install/spot_msgs/include/spot_msgs/spot_msgs/srv/detail/list_sounds__builder.hpp
[43.984s] -- Symlinking: /home/mtouri/spot_ws/install/spot_msgs/include/spot_msgs/spot_msgs/srv/detail/list_sounds__struct.hpp
[43.992s] -- Symlinking: /home/mtouri/spot_ws/install/spot_msgs/include/spot_msgs/spot_msgs/srv/detail/list_sounds__traits.hpp
[44.001s] -- Symlinking: /home/mtouri/spot_ws/install/spot_msgs/include/spot_msgs/spot_msgs/srv/detail/list_sounds__type_support.hpp
[44.009s] -- Symlinking: /home/mtouri/spot_ws/install/spot_msgs/include/spot_msgs/spot_msgs/srv/detail/list_world_objects__builder.hpp
[44.017s] -- Symlinking: /home/mtouri/spot_ws/install/spot_msgs/include/spot_msgs/spot_msgs/srv/detail/list_world_objects__struct.hpp
[44.026s] -- Symlinking: /home/mtouri/spot_ws/install/spot_msgs/include/spot_msgs/spot_msgs/srv/detail/list_world_objects__traits.hpp
[44.034s] -- Symlinking: /home/mtouri/spot_ws/install/spot_msgs/include/spot_msgs/spot_msgs/srv/detail/list_world_objects__type_support.hpp
[44.042s] -- Symlinking: /home/mtouri/spot_ws/install/spot_msgs/include/spot_msgs/spot_msgs/srv/detail/load_sound__builder.hpp
[44.050s] -- Symlinking: /home/mtouri/spot_ws/install/spot_msgs/include/spot_msgs/spot_msgs/srv/detail/load_sound__struct.hpp
[44.060s] -- Symlinking: /home/mtouri/spot_ws/install/spot_msgs/include/spot_msgs/spot_msgs/srv/detail/load_sound__traits.hpp
[44.070s] -- Symlinking: /home/mtouri/spot_ws/install/spot_msgs/include/spot_msgs/spot_msgs/srv/detail/load_sound__type_support.hpp
[44.080s] -- Symlinking: /home/mtouri/spot_ws/install/spot_msgs/include/spot_msgs/spot_msgs/srv/detail/mutate_world_object__builder.hpp
[44.089s] -- Symlinking: /home/mtouri/spot_ws/install/spot_msgs/include/spot_msgs/spot_msgs/srv/detail/mutate_world_object__struct.hpp
[44.098s] -- Symlinking: /home/mtouri/spot_ws/install/spot_msgs/include/spot_msgs/spot_msgs/srv/detail/mutate_world_object__traits.hpp
[44.106s] -- Symlinking: /home/mtouri/spot_ws/install/spot_msgs/include/spot_msgs/spot_msgs/srv/detail/mutate_world_object__type_support.hpp
[44.114s] -- Symlinking: /home/mtouri/spot_ws/install/spot_msgs/include/spot_msgs/spot_msgs/srv/detail/override_grasp_or_carry__builder.hpp
[44.123s] -- Symlinking: /home/mtouri/spot_ws/install/spot_msgs/include/spot_msgs/spot_msgs/srv/detail/override_grasp_or_carry__struct.hpp
[44.131s] -- Symlinking: /home/mtouri/spot_ws/install/spot_msgs/include/spot_msgs/spot_msgs/srv/detail/override_grasp_or_carry__traits.hpp
[44.138s] -- Symlinking: /home/mtouri/spot_ws/install/spot_msgs/include/spot_msgs/spot_msgs/srv/detail/override_grasp_or_carry__type_support.hpp
[44.146s] -- Symlinking: /home/mtouri/spot_ws/install/spot_msgs/include/spot_msgs/spot_msgs/srv/detail/play_sound__builder.hpp
[44.154s] -- Symlinking: /home/mtouri/spot_ws/install/spot_msgs/include/spot_msgs/spot_msgs/srv/detail/play_sound__struct.hpp
[44.162s] -- Symlinking: /home/mtouri/spot_ws/install/spot_msgs/include/spot_msgs/spot_msgs/srv/detail/play_sound__traits.hpp
[44.170s] -- Symlinking: /home/mtouri/spot_ws/install/spot_msgs/include/spot_msgs/spot_msgs/srv/detail/play_sound__type_support.hpp
[44.178s] -- Symlinking: /home/mtouri/spot_ws/install/spot_msgs/include/spot_msgs/spot_msgs/srv/detail/retrieve_logpoint__builder.hpp
[44.185s] -- Symlinking: /home/mtouri/spot_ws/install/spot_msgs/include/spot_msgs/spot_msgs/srv/detail/retrieve_logpoint__struct.hpp
[44.194s] -- Symlinking: /home/mtouri/spot_ws/install/spot_msgs/include/spot_msgs/spot_msgs/srv/detail/retrieve_logpoint__traits.hpp
[44.201s] -- Symlinking: /home/mtouri/spot_ws/install/spot_msgs/include/spot_msgs/spot_msgs/srv/detail/retrieve_logpoint__type_support.hpp
[44.210s] -- Symlinking: /home/mtouri/spot_ws/install/spot_msgs/include/spot_msgs/spot_msgs/srv/detail/return_lease__builder.hpp
[44.218s] -- Symlinking: /home/mtouri/spot_ws/install/spot_msgs/include/spot_msgs/spot_msgs/srv/detail/return_lease__struct.hpp
[44.227s] -- Symlinking: /home/mtouri/spot_ws/install/spot_msgs/include/spot_msgs/spot_msgs/srv/detail/return_lease__traits.hpp
[44.236s] -- Symlinking: /home/mtouri/spot_ws/install/spot_msgs/include/spot_msgs/spot_msgs/srv/detail/return_lease__type_support.hpp
[44.245s] -- Symlinking: /home/mtouri/spot_ws/install/spot_msgs/include/spot_msgs/spot_msgs/srv/detail/robot_command__builder.hpp
[44.253s] -- Symlinking: /home/mtouri/spot_ws/install/spot_msgs/include/spot_msgs/spot_msgs/srv/detail/robot_command__struct.hpp
[44.263s] -- Symlinking: /home/mtouri/spot_ws/install/spot_msgs/include/spot_msgs/spot_msgs/srv/detail/robot_command__traits.hpp
[44.271s] -- Symlinking: /home/mtouri/spot_ws/install/spot_msgs/include/spot_msgs/spot_msgs/srv/detail/robot_command__type_support.hpp
[44.280s] -- Symlinking: /home/mtouri/spot_ws/install/spot_msgs/include/spot_msgs/spot_msgs/srv/detail/set_gripper_angle__builder.hpp
[44.288s] -- Symlinking: /home/mtouri/spot_ws/install/spot_msgs/include/spot_msgs/spot_msgs/srv/detail/set_gripper_angle__struct.hpp
[44.296s] -- Symlinking: /home/mtouri/spot_ws/install/spot_msgs/include/spot_msgs/spot_msgs/srv/detail/set_gripper_angle__traits.hpp
[44.304s] -- Symlinking: /home/mtouri/spot_ws/install/spot_msgs/include/spot_msgs/spot_msgs/srv/detail/set_gripper_angle__type_support.hpp
[44.312s] -- Symlinking: /home/mtouri/spot_ws/install/spot_msgs/include/spot_msgs/spot_msgs/srv/detail/set_gripper_camera_parameters__builder.hpp
[44.321s] -- Symlinking: /home/mtouri/spot_ws/install/spot_msgs/include/spot_msgs/spot_msgs/srv/detail/set_gripper_camera_parameters__struct.hpp
[44.329s] -- Symlinking: /home/mtouri/spot_ws/install/spot_msgs/include/spot_msgs/spot_msgs/srv/detail/set_gripper_camera_parameters__traits.hpp
[44.338s] -- Symlinking: /home/mtouri/spot_ws/install/spot_msgs/include/spot_msgs/spot_msgs/srv/detail/set_gripper_camera_parameters__type_support.hpp
[44.348s] -- Symlinking: /home/mtouri/spot_ws/install/spot_msgs/include/spot_msgs/spot_msgs/srv/detail/set_led_brightness__builder.hpp
[44.357s] -- Symlinking: /home/mtouri/spot_ws/install/spot_msgs/include/spot_msgs/spot_msgs/srv/detail/set_led_brightness__struct.hpp
[44.365s] -- Symlinking: /home/mtouri/spot_ws/install/spot_msgs/include/spot_msgs/spot_msgs/srv/detail/set_led_brightness__traits.hpp
[44.374s] -- Symlinking: /home/mtouri/spot_ws/install/spot_msgs/include/spot_msgs/spot_msgs/srv/detail/set_led_brightness__type_support.hpp
[44.383s] -- Symlinking: /home/mtouri/spot_ws/install/spot_msgs/include/spot_msgs/spot_msgs/srv/detail/set_locomotion__builder.hpp
[44.392s] -- Symlinking: /home/mtouri/spot_ws/install/spot_msgs/include/spot_msgs/spot_msgs/srv/detail/set_locomotion__struct.hpp
[44.401s] -- Symlinking: /home/mtouri/spot_ws/install/spot_msgs/include/spot_msgs/spot_msgs/srv/detail/set_locomotion__traits.hpp
[44.409s] -- Symlinking: /home/mtouri/spot_ws/install/spot_msgs/include/spot_msgs/spot_msgs/srv/detail/set_locomotion__type_support.hpp
[44.418s] -- Symlinking: /home/mtouri/spot_ws/install/spot_msgs/include/spot_msgs/spot_msgs/srv/detail/set_ptz_position__builder.hpp
[44.428s] -- Symlinking: /home/mtouri/spot_ws/install/spot_msgs/include/spot_msgs/spot_msgs/srv/detail/set_ptz_position__struct.hpp
[44.438s] -- Symlinking: /home/mtouri/spot_ws/install/spot_msgs/include/spot_msgs/spot_msgs/srv/detail/set_ptz_position__traits.hpp
[44.449s] -- Symlinking: /home/mtouri/spot_ws/install/spot_msgs/include/spot_msgs/spot_msgs/srv/detail/set_ptz_position__type_support.hpp
[44.458s] -- Symlinking: /home/mtouri/spot_ws/install/spot_msgs/include/spot_msgs/spot_msgs/srv/detail/set_stairs_mode__builder.hpp
[44.467s] -- Symlinking: /home/mtouri/spot_ws/install/spot_msgs/include/spot_msgs/spot_msgs/srv/detail/set_stairs_mode__struct.hpp
[44.477s] -- Symlinking: /home/mtouri/spot_ws/install/spot_msgs/include/spot_msgs/spot_msgs/srv/detail/set_stairs_mode__traits.hpp
[44.488s] -- Symlinking: /home/mtouri/spot_ws/install/spot_msgs/include/spot_msgs/spot_msgs/srv/detail/set_stairs_mode__type_support.hpp
[44.496s] -- Symlinking: /home/mtouri/spot_ws/install/spot_msgs/include/spot_msgs/spot_msgs/srv/detail/set_stand_height__builder.hpp
[44.506s] -- Symlinking: /home/mtouri/spot_ws/install/spot_msgs/include/spot_msgs/spot_msgs/srv/detail/set_stand_height__struct.hpp
[44.516s] -- Symlinking: /home/mtouri/spot_ws/install/spot_msgs/include/spot_msgs/spot_msgs/srv/detail/set_stand_height__traits.hpp
[44.525s] -- Symlinking: /home/mtouri/spot_ws/install/spot_msgs/include/spot_msgs/spot_msgs/srv/detail/set_stand_height__type_support.hpp
[44.535s] -- Symlinking: /home/mtouri/spot_ws/install/spot_msgs/include/spot_msgs/spot_msgs/srv/detail/set_velocity__builder.hpp
[44.545s] -- Symlinking: /home/mtouri/spot_ws/install/spot_msgs/include/spot_msgs/spot_msgs/srv/detail/set_velocity__struct.hpp
[44.555s] -- Symlinking: /home/mtouri/spot_ws/install/spot_msgs/include/spot_msgs/spot_msgs/srv/detail/set_velocity__traits.hpp
[44.565s] -- Symlinking: /home/mtouri/spot_ws/install/spot_msgs/include/spot_msgs/spot_msgs/srv/detail/set_velocity__type_support.hpp
[44.574s] -- Symlinking: /home/mtouri/spot_ws/install/spot_msgs/include/spot_msgs/spot_msgs/srv/detail/set_volume__builder.hpp
[44.584s] -- Symlinking: /home/mtouri/spot_ws/install/spot_msgs/include/spot_msgs/spot_msgs/srv/detail/set_volume__struct.hpp
[44.594s] -- Symlinking: /home/mtouri/spot_ws/install/spot_msgs/include/spot_msgs/spot_msgs/srv/detail/set_volume__traits.hpp
[44.602s] -- Symlinking: /home/mtouri/spot_ws/install/spot_msgs/include/spot_msgs/spot_msgs/srv/detail/set_volume__type_support.hpp
[44.612s] -- Symlinking: /home/mtouri/spot_ws/install/spot_msgs/include/spot_msgs/spot_msgs/srv/detail/store_logpoint__builder.hpp
[44.622s] -- Symlinking: /home/mtouri/spot_ws/install/spot_msgs/include/spot_msgs/spot_msgs/srv/detail/store_logpoint__struct.hpp
[44.631s] -- Symlinking: /home/mtouri/spot_ws/install/spot_msgs/include/spot_msgs/spot_msgs/srv/detail/store_logpoint__traits.hpp
[44.641s] -- Symlinking: /home/mtouri/spot_ws/install/spot_msgs/include/spot_msgs/spot_msgs/srv/detail/store_logpoint__type_support.hpp
[44.649s] -- Symlinking: /home/mtouri/spot_ws/install/spot_msgs/include/spot_msgs/spot_msgs/srv/detail/tag_logpoint__builder.hpp
[44.660s] -- Symlinking: /home/mtouri/spot_ws/install/spot_msgs/include/spot_msgs/spot_msgs/srv/detail/tag_logpoint__struct.hpp
[44.671s] -- Symlinking: /home/mtouri/spot_ws/install/spot_msgs/include/spot_msgs/spot_msgs/srv/detail/tag_logpoint__traits.hpp
[44.680s] -- Symlinking: /home/mtouri/spot_ws/install/spot_msgs/include/spot_msgs/spot_msgs/srv/detail/tag_logpoint__type_support.hpp
[44.689s] -- Symlinking: /home/mtouri/spot_ws/install/spot_msgs/include/spot_msgs/spot_msgs/srv/detail/upload_animation__builder.hpp
[44.698s] -- Symlinking: /home/mtouri/spot_ws/install/spot_msgs/include/spot_msgs/spot_msgs/srv/detail/upload_animation__struct.hpp
[44.708s] -- Symlinking: /home/mtouri/spot_ws/install/spot_msgs/include/spot_msgs/spot_msgs/srv/detail/upload_animation__traits.hpp
[44.718s] -- Symlinking: /home/mtouri/spot_ws/install/spot_msgs/include/spot_msgs/spot_msgs/srv/detail/upload_animation__type_support.hpp
[44.728s] -- Symlinking: /home/mtouri/spot_ws/install/spot_msgs/include/spot_msgs/spot_msgs/srv/detail/upload_sequence__builder.hpp
[44.737s] -- Symlinking: /home/mtouri/spot_ws/install/spot_msgs/include/spot_msgs/spot_msgs/srv/detail/upload_sequence__struct.hpp
[44.747s] -- Symlinking: /home/mtouri/spot_ws/install/spot_msgs/include/spot_msgs/spot_msgs/srv/detail/upload_sequence__traits.hpp
[44.756s] -- Symlinking: /home/mtouri/spot_ws/install/spot_msgs/include/spot_msgs/spot_msgs/srv/detail/upload_sequence__type_support.hpp
[44.766s] -- Symlinking: /home/mtouri/spot_ws/install/spot_msgs/include/spot_msgs/spot_msgs/srv/dock.hpp
[44.776s] -- Symlinking: /home/mtouri/spot_ws/install/spot_msgs/include/spot_msgs/spot_msgs/srv/get_choreography_status.hpp
[44.785s] -- Symlinking: /home/mtouri/spot_ws/install/spot_msgs/include/spot_msgs/spot_msgs/srv/get_gripper_camera_parameters.hpp
[44.794s] -- Symlinking: /home/mtouri/spot_ws/install/spot_msgs/include/spot_msgs/spot_msgs/srv/get_inverse_kinematic_solutions.hpp
[44.803s] -- Symlinking: /home/mtouri/spot_ws/install/spot_msgs/include/spot_msgs/spot_msgs/srv/get_led_brightness.hpp
[44.813s] -- Symlinking: /home/mtouri/spot_ws/install/spot_msgs/include/spot_msgs/spot_msgs/srv/get_logpoint_status.hpp
[44.824s] -- Symlinking: /home/mtouri/spot_ws/install/spot_msgs/include/spot_msgs/spot_msgs/srv/get_ptz_position.hpp
[44.834s] -- Symlinking: /home/mtouri/spot_ws/install/spot_msgs/include/spot_msgs/spot_msgs/srv/get_volume.hpp
[44.843s] -- Symlinking: /home/mtouri/spot_ws/install/spot_msgs/include/spot_msgs/spot_msgs/srv/graph_nav_clear_graph.hpp
[44.852s] -- Symlinking: /home/mtouri/spot_ws/install/spot_msgs/include/spot_msgs/spot_msgs/srv/graph_nav_get_localization_pose.hpp
[44.863s] -- Symlinking: /home/mtouri/spot_ws/install/spot_msgs/include/spot_msgs/spot_msgs/srv/graph_nav_set_localization.hpp
[44.871s] -- Symlinking: /home/mtouri/spot_ws/install/spot_msgs/include/spot_msgs/spot_msgs/srv/graph_nav_upload_graph.hpp
[44.880s] -- Symlinking: /home/mtouri/spot_ws/install/spot_msgs/include/spot_msgs/spot_msgs/srv/initialize_lens.hpp
[44.890s] -- Symlinking: /home/mtouri/spot_ws/install/spot_msgs/include/spot_msgs/spot_msgs/srv/list_all_dances.hpp
[44.899s] -- Symlinking: /home/mtouri/spot_ws/install/spot_msgs/include/spot_msgs/spot_msgs/srv/list_all_moves.hpp
[44.907s] -- Symlinking: /home/mtouri/spot_ws/install/spot_msgs/include/spot_msgs/spot_msgs/srv/list_cameras.hpp
[44.916s] -- Symlinking: /home/mtouri/spot_ws/install/spot_msgs/include/spot_msgs/spot_msgs/srv/list_graph.hpp
[44.926s] -- Symlinking: /home/mtouri/spot_ws/install/spot_msgs/include/spot_msgs/spot_msgs/srv/list_logpoints.hpp
[44.935s] -- Symlinking: /home/mtouri/spot_ws/install/spot_msgs/include/spot_msgs/spot_msgs/srv/list_ptz.hpp
[44.945s] -- Symlinking: /home/mtouri/spot_ws/install/spot_msgs/include/spot_msgs/spot_msgs/srv/list_sounds.hpp
[44.954s] -- Symlinking: /home/mtouri/spot_ws/install/spot_msgs/include/spot_msgs/spot_msgs/srv/list_world_objects.hpp
[44.963s] -- Symlinking: /home/mtouri/spot_ws/install/spot_msgs/include/spot_msgs/spot_msgs/srv/load_sound.hpp
[44.973s] -- Symlinking: /home/mtouri/spot_ws/install/spot_msgs/include/spot_msgs/spot_msgs/srv/mutate_world_object.hpp
[44.982s] -- Symlinking: /home/mtouri/spot_ws/install/spot_msgs/include/spot_msgs/spot_msgs/srv/override_grasp_or_carry.hpp
[44.990s] -- Symlinking: /home/mtouri/spot_ws/install/spot_msgs/include/spot_msgs/spot_msgs/srv/play_sound.hpp
[44.998s] -- Symlinking: /home/mtouri/spot_ws/install/spot_msgs/include/spot_msgs/spot_msgs/srv/retrieve_logpoint.hpp
[45.006s] -- Symlinking: /home/mtouri/spot_ws/install/spot_msgs/include/spot_msgs/spot_msgs/srv/return_lease.hpp
[45.015s] -- Symlinking: /home/mtouri/spot_ws/install/spot_msgs/include/spot_msgs/spot_msgs/srv/robot_command.hpp
[45.027s] -- Symlinking: /home/mtouri/spot_ws/install/spot_msgs/include/spot_msgs/spot_msgs/srv/set_gripper_angle.hpp
[45.037s] -- Symlinking: /home/mtouri/spot_ws/install/spot_msgs/include/spot_msgs/spot_msgs/srv/set_gripper_camera_parameters.hpp
[45.046s] -- Symlinking: /home/mtouri/spot_ws/install/spot_msgs/include/spot_msgs/spot_msgs/srv/set_led_brightness.hpp
[45.056s] -- Symlinking: /home/mtouri/spot_ws/install/spot_msgs/include/spot_msgs/spot_msgs/srv/set_locomotion.hpp
[45.067s] -- Symlinking: /home/mtouri/spot_ws/install/spot_msgs/include/spot_msgs/spot_msgs/srv/set_ptz_position.hpp
[45.077s] -- Symlinking: /home/mtouri/spot_ws/install/spot_msgs/include/spot_msgs/spot_msgs/srv/set_stairs_mode.hpp
[45.085s] -- Symlinking: /home/mtouri/spot_ws/install/spot_msgs/include/spot_msgs/spot_msgs/srv/set_stand_height.hpp
[45.096s] -- Symlinking: /home/mtouri/spot_ws/install/spot_msgs/include/spot_msgs/spot_msgs/srv/set_velocity.hpp
[45.105s] -- Symlinking: /home/mtouri/spot_ws/install/spot_msgs/include/spot_msgs/spot_msgs/srv/set_volume.hpp
[45.114s] -- Symlinking: /home/mtouri/spot_ws/install/spot_msgs/include/spot_msgs/spot_msgs/srv/store_logpoint.hpp
[45.123s] -- Symlinking: /home/mtouri/spot_ws/install/spot_msgs/include/spot_msgs/spot_msgs/srv/tag_logpoint.hpp
[45.133s] -- Symlinking: /home/mtouri/spot_ws/install/spot_msgs/include/spot_msgs/spot_msgs/srv/upload_animation.hpp
[45.142s] -- Symlinking: /home/mtouri/spot_ws/install/spot_msgs/include/spot_msgs/spot_msgs/srv/upload_sequence.hpp
[45.153s] -- Symlinking: /home/mtouri/spot_ws/install/spot_msgs/include/spot_msgs/spot_msgs/action/detail/arm_surface_contact__rosidl_typesupport_fastrtps_cpp.hpp
[45.162s] -- Symlinking: /home/mtouri/spot_ws/install/spot_msgs/include/spot_msgs/spot_msgs/action/detail/execute_dance__rosidl_typesupport_fastrtps_cpp.hpp
[45.172s] -- Symlinking: /home/mtouri/spot_ws/install/spot_msgs/include/spot_msgs/spot_msgs/action/detail/manipulation__rosidl_typesupport_fastrtps_cpp.hpp
[45.182s] -- Symlinking: /home/mtouri/spot_ws/install/spot_msgs/include/spot_msgs/spot_msgs/action/detail/navigate_to__rosidl_typesupport_fastrtps_cpp.hpp
[45.192s] -- Symlinking: /home/mtouri/spot_ws/install/spot_msgs/include/spot_msgs/spot_msgs/action/detail/robot_command__rosidl_typesupport_fastrtps_cpp.hpp
[45.202s] -- Symlinking: /home/mtouri/spot_ws/install/spot_msgs/include/spot_msgs/spot_msgs/action/detail/trajectory__rosidl_typesupport_fastrtps_cpp.hpp
[45.212s] -- Symlinking: /home/mtouri/spot_ws/install/spot_msgs/include/spot_msgs/spot_msgs/msg/detail/battery_state__rosidl_typesupport_fastrtps_cpp.hpp
[45.221s] -- Symlinking: /home/mtouri/spot_ws/install/spot_msgs/include/spot_msgs/spot_msgs/msg/detail/battery_state_array__rosidl_typesupport_fastrtps_cpp.hpp
[45.232s] -- Symlinking: /home/mtouri/spot_ws/install/spot_msgs/include/spot_msgs/spot_msgs/msg/detail/behavior_fault__rosidl_typesupport_fastrtps_cpp.hpp
[45.241s] -- Symlinking: /home/mtouri/spot_ws/install/spot_msgs/include/spot_msgs/spot_msgs/msg/detail/behavior_fault_state__rosidl_typesupport_fastrtps_cpp.hpp
[45.251s] -- Symlinking: /home/mtouri/spot_ws/install/spot_msgs/include/spot_msgs/spot_msgs/msg/detail/e_stop_state__rosidl_typesupport_fastrtps_cpp.hpp
[45.296s] -- Symlinking: /home/mtouri/spot_ws/install/spot_msgs/include/spot_msgs/spot_msgs/msg/detail/e_stop_state_array__rosidl_typesupport_fastrtps_cpp.hpp
[45.305s] -- Symlinking: /home/mtouri/spot_ws/install/spot_msgs/include/spot_msgs/spot_msgs/msg/detail/feedback__rosidl_typesupport_fastrtps_cpp.hpp
[45.325s] -- Symlinking: /home/mtouri/spot_ws/install/spot_msgs/include/spot_msgs/spot_msgs/msg/detail/foot_state__rosidl_typesupport_fastrtps_cpp.hpp
[45.334s] -- Symlinking: /home/mtouri/spot_ws/install/spot_msgs/include/spot_msgs/spot_msgs/msg/detail/foot_state_array__rosidl_typesupport_fastrtps_cpp.hpp
[45.345s] -- Symlinking: /home/mtouri/spot_ws/install/spot_msgs/include/spot_msgs/spot_msgs/msg/detail/joint_command__rosidl_typesupport_fastrtps_cpp.hpp
[45.354s] -- Symlinking: /home/mtouri/spot_ws/install/spot_msgs/include/spot_msgs/spot_msgs/msg/detail/lease__rosidl_typesupport_fastrtps_cpp.hpp
[45.363s] -- Symlinking: /home/mtouri/spot_ws/install/spot_msgs/include/spot_msgs/spot_msgs/msg/detail/lease_array__rosidl_typesupport_fastrtps_cpp.hpp
[45.372s] -- Symlinking: /home/mtouri/spot_ws/install/spot_msgs/include/spot_msgs/spot_msgs/msg/detail/lease_owner__rosidl_typesupport_fastrtps_cpp.hpp
[45.381s] -- Symlinking: /home/mtouri/spot_ws/install/spot_msgs/include/spot_msgs/spot_msgs/msg/detail/lease_resource__rosidl_typesupport_fastrtps_cpp.hpp
[45.390s] -- Symlinking: /home/mtouri/spot_ws/install/spot_msgs/include/spot_msgs/spot_msgs/msg/detail/metrics__rosidl_typesupport_fastrtps_cpp.hpp
[45.399s] -- Symlinking: /home/mtouri/spot_ws/install/spot_msgs/include/spot_msgs/spot_msgs/msg/detail/mobility_params__rosidl_typesupport_fastrtps_cpp.hpp
[45.408s] -- Symlinking: /home/mtouri/spot_ws/install/spot_msgs/include/spot_msgs/spot_msgs/msg/detail/power_state__rosidl_typesupport_fastrtps_cpp.hpp
[45.417s] -- Symlinking: /home/mtouri/spot_ws/install/spot_msgs/include/spot_msgs/spot_msgs/msg/detail/system_fault__rosidl_typesupport_fastrtps_cpp.hpp
[45.427s] -- Symlinking: /home/mtouri/spot_ws/install/spot_msgs/include/spot_msgs/spot_msgs/msg/detail/system_fault_state__rosidl_typesupport_fastrtps_cpp.hpp
[45.436s] -- Symlinking: /home/mtouri/spot_ws/install/spot_msgs/include/spot_msgs/spot_msgs/msg/detail/wi_fi_state__rosidl_typesupport_fastrtps_cpp.hpp
[45.445s] -- Symlinking: /home/mtouri/spot_ws/install/spot_msgs/include/spot_msgs/spot_msgs/msg/rosidl_typesupport_fastrtps_cpp__visibility_control.h
[45.454s] -- Symlinking: /home/mtouri/spot_ws/install/spot_msgs/include/spot_msgs/spot_msgs/srv/detail/acquire_lease__rosidl_typesupport_fastrtps_cpp.hpp
[45.463s] -- Symlinking: /home/mtouri/spot_ws/install/spot_msgs/include/spot_msgs/spot_msgs/srv/detail/choreography_recorded_state_to_animation__rosidl_typesupport_fastrtps_cpp.hpp
[45.472s] -- Symlinking: /home/mtouri/spot_ws/install/spot_msgs/include/spot_msgs/spot_msgs/srv/detail/choreography_start_recording_state__rosidl_typesupport_fastrtps_cpp.hpp
[45.481s] -- Symlinking: /home/mtouri/spot_ws/install/spot_msgs/include/spot_msgs/spot_msgs/srv/detail/choreography_stop_recording_state__rosidl_typesupport_fastrtps_cpp.hpp
[45.490s] -- Symlinking: /home/mtouri/spot_ws/install/spot_msgs/include/spot_msgs/spot_msgs/srv/detail/clear_behavior_fault__rosidl_typesupport_fastrtps_cpp.hpp
[45.500s] -- Symlinking: /home/mtouri/spot_ws/install/spot_msgs/include/spot_msgs/spot_msgs/srv/detail/delete_logpoint__rosidl_typesupport_fastrtps_cpp.hpp
[45.507s] -- Symlinking: /home/mtouri/spot_ws/install/spot_msgs/include/spot_msgs/spot_msgs/srv/detail/delete_sound__rosidl_typesupport_fastrtps_cpp.hpp
[45.515s] -- Symlinking: /home/mtouri/spot_ws/install/spot_msgs/include/spot_msgs/spot_msgs/srv/detail/dock__rosidl_typesupport_fastrtps_cpp.hpp
[45.524s] -- Symlinking: /home/mtouri/spot_ws/install/spot_msgs/include/spot_msgs/spot_msgs/srv/detail/get_choreography_status__rosidl_typesupport_fastrtps_cpp.hpp
[45.533s] -- Symlinking: /home/mtouri/spot_ws/install/spot_msgs/include/spot_msgs/spot_msgs/srv/detail/get_gripper_camera_parameters__rosidl_typesupport_fastrtps_cpp.hpp
[45.541s] -- Symlinking: /home/mtouri/spot_ws/install/spot_msgs/include/spot_msgs/spot_msgs/srv/detail/get_inverse_kinematic_solutions__rosidl_typesupport_fastrtps_cpp.hpp
[45.551s] -- Symlinking: /home/mtouri/spot_ws/install/spot_msgs/include/spot_msgs/spot_msgs/srv/detail/get_led_brightness__rosidl_typesupport_fastrtps_cpp.hpp
[45.560s] -- Symlinking: /home/mtouri/spot_ws/install/spot_msgs/include/spot_msgs/spot_msgs/srv/detail/get_logpoint_status__rosidl_typesupport_fastrtps_cpp.hpp
[45.568s] -- Symlinking: /home/mtouri/spot_ws/install/spot_msgs/include/spot_msgs/spot_msgs/srv/detail/get_ptz_position__rosidl_typesupport_fastrtps_cpp.hpp
[45.577s] -- Symlinking: /home/mtouri/spot_ws/install/spot_msgs/include/spot_msgs/spot_msgs/srv/detail/get_volume__rosidl_typesupport_fastrtps_cpp.hpp
[45.587s] -- Symlinking: /home/mtouri/spot_ws/install/spot_msgs/include/spot_msgs/spot_msgs/srv/detail/graph_nav_clear_graph__rosidl_typesupport_fastrtps_cpp.hpp
[45.596s] -- Symlinking: /home/mtouri/spot_ws/install/spot_msgs/include/spot_msgs/spot_msgs/srv/detail/graph_nav_get_localization_pose__rosidl_typesupport_fastrtps_cpp.hpp
[45.605s] -- Symlinking: /home/mtouri/spot_ws/install/spot_msgs/include/spot_msgs/spot_msgs/srv/detail/graph_nav_set_localization__rosidl_typesupport_fastrtps_cpp.hpp
[45.613s] -- Symlinking: /home/mtouri/spot_ws/install/spot_msgs/include/spot_msgs/spot_msgs/srv/detail/graph_nav_upload_graph__rosidl_typesupport_fastrtps_cpp.hpp
[45.622s] -- Symlinking: /home/mtouri/spot_ws/install/spot_msgs/include/spot_msgs/spot_msgs/srv/detail/initialize_lens__rosidl_typesupport_fastrtps_cpp.hpp
[45.632s] -- Symlinking: /home/mtouri/spot_ws/install/spot_msgs/include/spot_msgs/spot_msgs/srv/detail/list_all_dances__rosidl_typesupport_fastrtps_cpp.hpp
[45.640s] -- Symlinking: /home/mtouri/spot_ws/install/spot_msgs/include/spot_msgs/spot_msgs/srv/detail/list_all_moves__rosidl_typesupport_fastrtps_cpp.hpp
[45.649s] -- Symlinking: /home/mtouri/spot_ws/install/spot_msgs/include/spot_msgs/spot_msgs/srv/detail/list_cameras__rosidl_typesupport_fastrtps_cpp.hpp
[45.657s] -- Symlinking: /home/mtouri/spot_ws/install/spot_msgs/include/spot_msgs/spot_msgs/srv/detail/list_graph__rosidl_typesupport_fastrtps_cpp.hpp
[45.665s] -- Symlinking: /home/mtouri/spot_ws/install/spot_msgs/include/spot_msgs/spot_msgs/srv/detail/list_logpoints__rosidl_typesupport_fastrtps_cpp.hpp
[45.673s] -- Symlinking: /home/mtouri/spot_ws/install/spot_msgs/include/spot_msgs/spot_msgs/srv/detail/list_ptz__rosidl_typesupport_fastrtps_cpp.hpp
[45.683s] -- Symlinking: /home/mtouri/spot_ws/install/spot_msgs/include/spot_msgs/spot_msgs/srv/detail/list_sounds__rosidl_typesupport_fastrtps_cpp.hpp
[45.690s] -- Symlinking: /home/mtouri/spot_ws/install/spot_msgs/include/spot_msgs/spot_msgs/srv/detail/list_world_objects__rosidl_typesupport_fastrtps_cpp.hpp
[45.698s] -- Symlinking: /home/mtouri/spot_ws/install/spot_msgs/include/spot_msgs/spot_msgs/srv/detail/load_sound__rosidl_typesupport_fastrtps_cpp.hpp
[45.706s] -- Symlinking: /home/mtouri/spot_ws/install/spot_msgs/include/spot_msgs/spot_msgs/srv/detail/mutate_world_object__rosidl_typesupport_fastrtps_cpp.hpp
[45.715s] -- Symlinking: /home/mtouri/spot_ws/install/spot_msgs/include/spot_msgs/spot_msgs/srv/detail/override_grasp_or_carry__rosidl_typesupport_fastrtps_cpp.hpp
[45.725s] -- Symlinking: /home/mtouri/spot_ws/install/spot_msgs/include/spot_msgs/spot_msgs/srv/detail/play_sound__rosidl_typesupport_fastrtps_cpp.hpp
[45.733s] -- Symlinking: /home/mtouri/spot_ws/install/spot_msgs/include/spot_msgs/spot_msgs/srv/detail/retrieve_logpoint__rosidl_typesupport_fastrtps_cpp.hpp
[45.743s] -- Symlinking: /home/mtouri/spot_ws/install/spot_msgs/include/spot_msgs/spot_msgs/srv/detail/return_lease__rosidl_typesupport_fastrtps_cpp.hpp
[45.751s] -- Symlinking: /home/mtouri/spot_ws/install/spot_msgs/include/spot_msgs/spot_msgs/srv/detail/robot_command__rosidl_typesupport_fastrtps_cpp.hpp
[45.758s] -- Symlinking: /home/mtouri/spot_ws/install/spot_msgs/include/spot_msgs/spot_msgs/srv/detail/set_gripper_angle__rosidl_typesupport_fastrtps_cpp.hpp
[45.767s] -- Symlinking: /home/mtouri/spot_ws/install/spot_msgs/include/spot_msgs/spot_msgs/srv/detail/set_gripper_camera_parameters__rosidl_typesupport_fastrtps_cpp.hpp
[45.776s] -- Symlinking: /home/mtouri/spot_ws/install/spot_msgs/include/spot_msgs/spot_msgs/srv/detail/set_led_brightness__rosidl_typesupport_fastrtps_cpp.hpp
[45.784s] -- Symlinking: /home/mtouri/spot_ws/install/spot_msgs/include/spot_msgs/spot_msgs/srv/detail/set_locomotion__rosidl_typesupport_fastrtps_cpp.hpp
[45.792s] -- Symlinking: /home/mtouri/spot_ws/install/spot_msgs/include/spot_msgs/spot_msgs/srv/detail/set_ptz_position__rosidl_typesupport_fastrtps_cpp.hpp
[45.800s] -- Symlinking: /home/mtouri/spot_ws/install/spot_msgs/include/spot_msgs/spot_msgs/srv/detail/set_stairs_mode__rosidl_typesupport_fastrtps_cpp.hpp
[45.808s] -- Symlinking: /home/mtouri/spot_ws/install/spot_msgs/include/spot_msgs/spot_msgs/srv/detail/set_stand_height__rosidl_typesupport_fastrtps_cpp.hpp
[45.818s] -- Symlinking: /home/mtouri/spot_ws/install/spot_msgs/include/spot_msgs/spot_msgs/srv/detail/set_velocity__rosidl_typesupport_fastrtps_cpp.hpp
[45.827s] -- Symlinking: /home/mtouri/spot_ws/install/spot_msgs/include/spot_msgs/spot_msgs/srv/detail/set_volume__rosidl_typesupport_fastrtps_cpp.hpp
[45.836s] -- Symlinking: /home/mtouri/spot_ws/install/spot_msgs/include/spot_msgs/spot_msgs/srv/detail/store_logpoint__rosidl_typesupport_fastrtps_cpp.hpp
[45.846s] -- Symlinking: /home/mtouri/spot_ws/install/spot_msgs/include/spot_msgs/spot_msgs/srv/detail/tag_logpoint__rosidl_typesupport_fastrtps_cpp.hpp
[45.856s] -- Symlinking: /home/mtouri/spot_ws/install/spot_msgs/include/spot_msgs/spot_msgs/srv/detail/upload_animation__rosidl_typesupport_fastrtps_cpp.hpp
[45.867s] -- Symlinking: /home/mtouri/spot_ws/install/spot_msgs/include/spot_msgs/spot_msgs/srv/detail/upload_sequence__rosidl_typesupport_fastrtps_cpp.hpp
[45.879s] -- Symlinking: /home/mtouri/spot_ws/install/spot_msgs/include/spot_msgs/spot_msgs/action/detail/arm_surface_contact__rosidl_typesupport_introspection_c.h
[45.889s] -- Symlinking: /home/mtouri/spot_ws/install/spot_msgs/include/spot_msgs/spot_msgs/action/detail/execute_dance__rosidl_typesupport_introspection_c.h
[45.899s] -- Symlinking: /home/mtouri/spot_ws/install/spot_msgs/include/spot_msgs/spot_msgs/action/detail/manipulation__rosidl_typesupport_introspection_c.h
[45.907s] -- Symlinking: /home/mtouri/spot_ws/install/spot_msgs/include/spot_msgs/spot_msgs/action/detail/navigate_to__rosidl_typesupport_introspection_c.h
[45.915s] -- Symlinking: /home/mtouri/spot_ws/install/spot_msgs/include/spot_msgs/spot_msgs/action/detail/robot_command__rosidl_typesupport_introspection_c.h
[45.925s] -- Symlinking: /home/mtouri/spot_ws/install/spot_msgs/include/spot_msgs/spot_msgs/action/detail/trajectory__rosidl_typesupport_introspection_c.h
[45.933s] -- Symlinking: /home/mtouri/spot_ws/install/spot_msgs/include/spot_msgs/spot_msgs/msg/detail/battery_state__rosidl_typesupport_introspection_c.h
[45.944s] -- Symlinking: /home/mtouri/spot_ws/install/spot_msgs/include/spot_msgs/spot_msgs/msg/detail/battery_state_array__rosidl_typesupport_introspection_c.h
[45.953s] -- Symlinking: /home/mtouri/spot_ws/install/spot_msgs/include/spot_msgs/spot_msgs/msg/detail/behavior_fault__rosidl_typesupport_introspection_c.h
[45.964s] -- Symlinking: /home/mtouri/spot_ws/install/spot_msgs/include/spot_msgs/spot_msgs/msg/detail/behavior_fault_state__rosidl_typesupport_introspection_c.h
[45.972s] -- Symlinking: /home/mtouri/spot_ws/install/spot_msgs/include/spot_msgs/spot_msgs/msg/detail/e_stop_state__rosidl_typesupport_introspection_c.h
[45.981s] -- Symlinking: /home/mtouri/spot_ws/install/spot_msgs/include/spot_msgs/spot_msgs/msg/detail/e_stop_state_array__rosidl_typesupport_introspection_c.h
[45.992s] -- Symlinking: /home/mtouri/spot_ws/install/spot_msgs/include/spot_msgs/spot_msgs/msg/detail/feedback__rosidl_typesupport_introspection_c.h
[46.002s] -- Symlinking: /home/mtouri/spot_ws/install/spot_msgs/include/spot_msgs/spot_msgs/msg/detail/foot_state__rosidl_typesupport_introspection_c.h
[46.012s] -- Symlinking: /home/mtouri/spot_ws/install/spot_msgs/include/spot_msgs/spot_msgs/msg/detail/foot_state_array__rosidl_typesupport_introspection_c.h
[46.021s] -- Symlinking: /home/mtouri/spot_ws/install/spot_msgs/include/spot_msgs/spot_msgs/msg/detail/joint_command__rosidl_typesupport_introspection_c.h
[46.030s] -- Symlinking: /home/mtouri/spot_ws/install/spot_msgs/include/spot_msgs/spot_msgs/msg/detail/lease__rosidl_typesupport_introspection_c.h
[46.039s] -- Symlinking: /home/mtouri/spot_ws/install/spot_msgs/include/spot_msgs/spot_msgs/msg/detail/lease_array__rosidl_typesupport_introspection_c.h
[46.048s] -- Symlinking: /home/mtouri/spot_ws/install/spot_msgs/include/spot_msgs/spot_msgs/msg/detail/lease_owner__rosidl_typesupport_introspection_c.h
[46.058s] -- Symlinking: /home/mtouri/spot_ws/install/spot_msgs/include/spot_msgs/spot_msgs/msg/detail/lease_resource__rosidl_typesupport_introspection_c.h
[46.067s] -- Symlinking: /home/mtouri/spot_ws/install/spot_msgs/include/spot_msgs/spot_msgs/msg/detail/metrics__rosidl_typesupport_introspection_c.h
[46.077s] -- Symlinking: /home/mtouri/spot_ws/install/spot_msgs/include/spot_msgs/spot_msgs/msg/detail/mobility_params__rosidl_typesupport_introspection_c.h
[46.087s] -- Symlinking: /home/mtouri/spot_ws/install/spot_msgs/include/spot_msgs/spot_msgs/msg/detail/power_state__rosidl_typesupport_introspection_c.h
[46.096s] -- Symlinking: /home/mtouri/spot_ws/install/spot_msgs/include/spot_msgs/spot_msgs/msg/detail/system_fault__rosidl_typesupport_introspection_c.h
[46.106s] -- Symlinking: /home/mtouri/spot_ws/install/spot_msgs/include/spot_msgs/spot_msgs/msg/detail/system_fault_state__rosidl_typesupport_introspection_c.h
[46.115s] -- Symlinking: /home/mtouri/spot_ws/install/spot_msgs/include/spot_msgs/spot_msgs/msg/detail/wi_fi_state__rosidl_typesupport_introspection_c.h
[46.125s] -- Symlinking: /home/mtouri/spot_ws/install/spot_msgs/include/spot_msgs/spot_msgs/msg/rosidl_typesupport_introspection_c__visibility_control.h
[46.135s] -- Symlinking: /home/mtouri/spot_ws/install/spot_msgs/include/spot_msgs/spot_msgs/srv/detail/acquire_lease__rosidl_typesupport_introspection_c.h
[46.144s] -- Symlinking: /home/mtouri/spot_ws/install/spot_msgs/include/spot_msgs/spot_msgs/srv/detail/choreography_recorded_state_to_animation__rosidl_typesupport_introspection_c.h
[46.153s] -- Symlinking: /home/mtouri/spot_ws/install/spot_msgs/include/spot_msgs/spot_msgs/srv/detail/choreography_start_recording_state__rosidl_typesupport_introspection_c.h
[46.162s] -- Symlinking: /home/mtouri/spot_ws/install/spot_msgs/include/spot_msgs/spot_msgs/srv/detail/choreography_stop_recording_state__rosidl_typesupport_introspection_c.h
[46.172s] -- Symlinking: /home/mtouri/spot_ws/install/spot_msgs/include/spot_msgs/spot_msgs/srv/detail/clear_behavior_fault__rosidl_typesupport_introspection_c.h
[46.182s] -- Symlinking: /home/mtouri/spot_ws/install/spot_msgs/include/spot_msgs/spot_msgs/srv/detail/delete_logpoint__rosidl_typesupport_introspection_c.h
[46.190s] -- Symlinking: /home/mtouri/spot_ws/install/spot_msgs/include/spot_msgs/spot_msgs/srv/detail/delete_sound__rosidl_typesupport_introspection_c.h
[46.201s] -- Symlinking: /home/mtouri/spot_ws/install/spot_msgs/include/spot_msgs/spot_msgs/srv/detail/dock__rosidl_typesupport_introspection_c.h
[46.210s] -- Symlinking: /home/mtouri/spot_ws/install/spot_msgs/include/spot_msgs/spot_msgs/srv/detail/get_choreography_status__rosidl_typesupport_introspection_c.h
[46.219s] -- Symlinking: /home/mtouri/spot_ws/install/spot_msgs/include/spot_msgs/spot_msgs/srv/detail/get_gripper_camera_parameters__rosidl_typesupport_introspection_c.h
[46.229s] -- Symlinking: /home/mtouri/spot_ws/install/spot_msgs/include/spot_msgs/spot_msgs/srv/detail/get_inverse_kinematic_solutions__rosidl_typesupport_introspection_c.h
[46.239s] -- Symlinking: /home/mtouri/spot_ws/install/spot_msgs/include/spot_msgs/spot_msgs/srv/detail/get_led_brightness__rosidl_typesupport_introspection_c.h
[46.248s] -- Symlinking: /home/mtouri/spot_ws/install/spot_msgs/include/spot_msgs/spot_msgs/srv/detail/get_logpoint_status__rosidl_typesupport_introspection_c.h
[46.256s] -- Symlinking: /home/mtouri/spot_ws/install/spot_msgs/include/spot_msgs/spot_msgs/srv/detail/get_ptz_position__rosidl_typesupport_introspection_c.h
[46.267s] -- Symlinking: /home/mtouri/spot_ws/install/spot_msgs/include/spot_msgs/spot_msgs/srv/detail/get_volume__rosidl_typesupport_introspection_c.h
[46.277s] -- Symlinking: /home/mtouri/spot_ws/install/spot_msgs/include/spot_msgs/spot_msgs/srv/detail/graph_nav_clear_graph__rosidl_typesupport_introspection_c.h
[46.286s] -- Symlinking: /home/mtouri/spot_ws/install/spot_msgs/include/spot_msgs/spot_msgs/srv/detail/graph_nav_get_localization_pose__rosidl_typesupport_introspection_c.h
[46.296s] -- Symlinking: /home/mtouri/spot_ws/install/spot_msgs/include/spot_msgs/spot_msgs/srv/detail/graph_nav_set_localization__rosidl_typesupport_introspection_c.h
[46.304s] -- Symlinking: /home/mtouri/spot_ws/install/spot_msgs/include/spot_msgs/spot_msgs/srv/detail/graph_nav_upload_graph__rosidl_typesupport_introspection_c.h
[46.314s] -- Symlinking: /home/mtouri/spot_ws/install/spot_msgs/include/spot_msgs/spot_msgs/srv/detail/initialize_lens__rosidl_typesupport_introspection_c.h
[46.324s] -- Symlinking: /home/mtouri/spot_ws/install/spot_msgs/include/spot_msgs/spot_msgs/srv/detail/list_all_dances__rosidl_typesupport_introspection_c.h
[46.334s] -- Symlinking: /home/mtouri/spot_ws/install/spot_msgs/include/spot_msgs/spot_msgs/srv/detail/list_all_moves__rosidl_typesupport_introspection_c.h
[46.345s] -- Symlinking: /home/mtouri/spot_ws/install/spot_msgs/include/spot_msgs/spot_msgs/srv/detail/list_cameras__rosidl_typesupport_introspection_c.h
[46.354s] -- Symlinking: /home/mtouri/spot_ws/install/spot_msgs/include/spot_msgs/spot_msgs/srv/detail/list_graph__rosidl_typesupport_introspection_c.h
[46.363s] -- Symlinking: /home/mtouri/spot_ws/install/spot_msgs/include/spot_msgs/spot_msgs/srv/detail/list_logpoints__rosidl_typesupport_introspection_c.h
[46.372s] -- Symlinking: /home/mtouri/spot_ws/install/spot_msgs/include/spot_msgs/spot_msgs/srv/detail/list_ptz__rosidl_typesupport_introspection_c.h
[46.381s] -- Symlinking: /home/mtouri/spot_ws/install/spot_msgs/include/spot_msgs/spot_msgs/srv/detail/list_sounds__rosidl_typesupport_introspection_c.h
[46.392s] -- Symlinking: /home/mtouri/spot_ws/install/spot_msgs/include/spot_msgs/spot_msgs/srv/detail/list_world_objects__rosidl_typesupport_introspection_c.h
[46.401s] -- Symlinking: /home/mtouri/spot_ws/install/spot_msgs/include/spot_msgs/spot_msgs/srv/detail/load_sound__rosidl_typesupport_introspection_c.h
[46.411s] -- Symlinking: /home/mtouri/spot_ws/install/spot_msgs/include/spot_msgs/spot_msgs/srv/detail/mutate_world_object__rosidl_typesupport_introspection_c.h
[46.421s] -- Symlinking: /home/mtouri/spot_ws/install/spot_msgs/include/spot_msgs/spot_msgs/srv/detail/override_grasp_or_carry__rosidl_typesupport_introspection_c.h
[46.429s] -- Symlinking: /home/mtouri/spot_ws/install/spot_msgs/include/spot_msgs/spot_msgs/srv/detail/play_sound__rosidl_typesupport_introspection_c.h
[46.440s] -- Symlinking: /home/mtouri/spot_ws/install/spot_msgs/include/spot_msgs/spot_msgs/srv/detail/retrieve_logpoint__rosidl_typesupport_introspection_c.h
[46.450s] -- Symlinking: /home/mtouri/spot_ws/install/spot_msgs/include/spot_msgs/spot_msgs/srv/detail/return_lease__rosidl_typesupport_introspection_c.h
[46.461s] -- Symlinking: /home/mtouri/spot_ws/install/spot_msgs/include/spot_msgs/spot_msgs/srv/detail/robot_command__rosidl_typesupport_introspection_c.h
[46.471s] -- Symlinking: /home/mtouri/spot_ws/install/spot_msgs/include/spot_msgs/spot_msgs/srv/detail/set_gripper_angle__rosidl_typesupport_introspection_c.h
[46.480s] -- Symlinking: /home/mtouri/spot_ws/install/spot_msgs/include/spot_msgs/spot_msgs/srv/detail/set_gripper_camera_parameters__rosidl_typesupport_introspection_c.h
[46.490s] -- Symlinking: /home/mtouri/spot_ws/install/spot_msgs/include/spot_msgs/spot_msgs/srv/detail/set_led_brightness__rosidl_typesupport_introspection_c.h
[46.500s] -- Symlinking: /home/mtouri/spot_ws/install/spot_msgs/include/spot_msgs/spot_msgs/srv/detail/set_locomotion__rosidl_typesupport_introspection_c.h
[46.510s] -- Symlinking: /home/mtouri/spot_ws/install/spot_msgs/include/spot_msgs/spot_msgs/srv/detail/set_ptz_position__rosidl_typesupport_introspection_c.h
[46.520s] -- Symlinking: /home/mtouri/spot_ws/install/spot_msgs/include/spot_msgs/spot_msgs/srv/detail/set_stairs_mode__rosidl_typesupport_introspection_c.h
[46.530s] -- Symlinking: /home/mtouri/spot_ws/install/spot_msgs/include/spot_msgs/spot_msgs/srv/detail/set_stand_height__rosidl_typesupport_introspection_c.h
[46.538s] -- Symlinking: /home/mtouri/spot_ws/install/spot_msgs/include/spot_msgs/spot_msgs/srv/detail/set_velocity__rosidl_typesupport_introspection_c.h
[46.548s] -- Symlinking: /home/mtouri/spot_ws/install/spot_msgs/include/spot_msgs/spot_msgs/srv/detail/set_volume__rosidl_typesupport_introspection_c.h
[46.558s] -- Symlinking: /home/mtouri/spot_ws/install/spot_msgs/include/spot_msgs/spot_msgs/srv/detail/store_logpoint__rosidl_typesupport_introspection_c.h
[46.567s] -- Symlinking: /home/mtouri/spot_ws/install/spot_msgs/include/spot_msgs/spot_msgs/srv/detail/tag_logpoint__rosidl_typesupport_introspection_c.h
[46.577s] -- Symlinking: /home/mtouri/spot_ws/install/spot_msgs/include/spot_msgs/spot_msgs/srv/detail/upload_animation__rosidl_typesupport_introspection_c.h
[46.586s] -- Symlinking: /home/mtouri/spot_ws/install/spot_msgs/include/spot_msgs/spot_msgs/srv/detail/upload_sequence__rosidl_typesupport_introspection_c.h
[46.598s] -- Symlinking: /home/mtouri/spot_ws/install/spot_msgs/include/spot_msgs/spot_msgs/action/detail/arm_surface_contact__rosidl_typesupport_introspection_cpp.hpp
[46.607s] -- Symlinking: /home/mtouri/spot_ws/install/spot_msgs/include/spot_msgs/spot_msgs/action/detail/execute_dance__rosidl_typesupport_introspection_cpp.hpp
[46.617s] -- Symlinking: /home/mtouri/spot_ws/install/spot_msgs/include/spot_msgs/spot_msgs/action/detail/manipulation__rosidl_typesupport_introspection_cpp.hpp
[46.627s] -- Symlinking: /home/mtouri/spot_ws/install/spot_msgs/include/spot_msgs/spot_msgs/action/detail/navigate_to__rosidl_typesupport_introspection_cpp.hpp
[46.637s] -- Symlinking: /home/mtouri/spot_ws/install/spot_msgs/include/spot_msgs/spot_msgs/action/detail/robot_command__rosidl_typesupport_introspection_cpp.hpp
[46.646s] -- Symlinking: /home/mtouri/spot_ws/install/spot_msgs/include/spot_msgs/spot_msgs/action/detail/trajectory__rosidl_typesupport_introspection_cpp.hpp
[46.654s] -- Symlinking: /home/mtouri/spot_ws/install/spot_msgs/include/spot_msgs/spot_msgs/msg/detail/battery_state__rosidl_typesupport_introspection_cpp.hpp
[46.664s] -- Symlinking: /home/mtouri/spot_ws/install/spot_msgs/include/spot_msgs/spot_msgs/msg/detail/battery_state_array__rosidl_typesupport_introspection_cpp.hpp
[46.673s] -- Symlinking: /home/mtouri/spot_ws/install/spot_msgs/include/spot_msgs/spot_msgs/msg/detail/behavior_fault__rosidl_typesupport_introspection_cpp.hpp
[46.681s] -- Symlinking: /home/mtouri/spot_ws/install/spot_msgs/include/spot_msgs/spot_msgs/msg/detail/behavior_fault_state__rosidl_typesupport_introspection_cpp.hpp
[46.690s] -- Symlinking: /home/mtouri/spot_ws/install/spot_msgs/include/spot_msgs/spot_msgs/msg/detail/e_stop_state__rosidl_typesupport_introspection_cpp.hpp
[46.700s] -- Symlinking: /home/mtouri/spot_ws/install/spot_msgs/include/spot_msgs/spot_msgs/msg/detail/e_stop_state_array__rosidl_typesupport_introspection_cpp.hpp
[46.711s] -- Symlinking: /home/mtouri/spot_ws/install/spot_msgs/include/spot_msgs/spot_msgs/msg/detail/feedback__rosidl_typesupport_introspection_cpp.hpp
[46.720s] -- Symlinking: /home/mtouri/spot_ws/install/spot_msgs/include/spot_msgs/spot_msgs/msg/detail/foot_state__rosidl_typesupport_introspection_cpp.hpp
[46.730s] -- Symlinking: /home/mtouri/spot_ws/install/spot_msgs/include/spot_msgs/spot_msgs/msg/detail/foot_state_array__rosidl_typesupport_introspection_cpp.hpp
[46.739s] -- Symlinking: /home/mtouri/spot_ws/install/spot_msgs/include/spot_msgs/spot_msgs/msg/detail/joint_command__rosidl_typesupport_introspection_cpp.hpp
[46.748s] -- Symlinking: /home/mtouri/spot_ws/install/spot_msgs/include/spot_msgs/spot_msgs/msg/detail/lease__rosidl_typesupport_introspection_cpp.hpp
[46.756s] -- Symlinking: /home/mtouri/spot_ws/install/spot_msgs/include/spot_msgs/spot_msgs/msg/detail/lease_array__rosidl_typesupport_introspection_cpp.hpp
[46.765s] -- Symlinking: /home/mtouri/spot_ws/install/spot_msgs/include/spot_msgs/spot_msgs/msg/detail/lease_owner__rosidl_typesupport_introspection_cpp.hpp
[46.774s] -- Symlinking: /home/mtouri/spot_ws/install/spot_msgs/include/spot_msgs/spot_msgs/msg/detail/lease_resource__rosidl_typesupport_introspection_cpp.hpp
[46.782s] -- Symlinking: /home/mtouri/spot_ws/install/spot_msgs/include/spot_msgs/spot_msgs/msg/detail/metrics__rosidl_typesupport_introspection_cpp.hpp
[46.791s] -- Symlinking: /home/mtouri/spot_ws/install/spot_msgs/include/spot_msgs/spot_msgs/msg/detail/mobility_params__rosidl_typesupport_introspection_cpp.hpp
[46.800s] -- Symlinking: /home/mtouri/spot_ws/install/spot_msgs/include/spot_msgs/spot_msgs/msg/detail/power_state__rosidl_typesupport_introspection_cpp.hpp
[46.807s] -- Symlinking: /home/mtouri/spot_ws/install/spot_msgs/include/spot_msgs/spot_msgs/msg/detail/system_fault__rosidl_typesupport_introspection_cpp.hpp
[46.815s] -- Symlinking: /home/mtouri/spot_ws/install/spot_msgs/include/spot_msgs/spot_msgs/msg/detail/system_fault_state__rosidl_typesupport_introspection_cpp.hpp
[46.824s] -- Symlinking: /home/mtouri/spot_ws/install/spot_msgs/include/spot_msgs/spot_msgs/msg/detail/wi_fi_state__rosidl_typesupport_introspection_cpp.hpp
[46.833s] -- Symlinking: /home/mtouri/spot_ws/install/spot_msgs/include/spot_msgs/spot_msgs/srv/detail/acquire_lease__rosidl_typesupport_introspection_cpp.hpp
[46.843s] -- Symlinking: /home/mtouri/spot_ws/install/spot_msgs/include/spot_msgs/spot_msgs/srv/detail/choreography_recorded_state_to_animation__rosidl_typesupport_introspection_cpp.hpp
[46.851s] -- Symlinking: /home/mtouri/spot_ws/install/spot_msgs/include/spot_msgs/spot_msgs/srv/detail/choreography_start_recording_state__rosidl_typesupport_introspection_cpp.hpp
[46.860s] -- Symlinking: /home/mtouri/spot_ws/install/spot_msgs/include/spot_msgs/spot_msgs/srv/detail/choreography_stop_recording_state__rosidl_typesupport_introspection_cpp.hpp
[46.870s] -- Symlinking: /home/mtouri/spot_ws/install/spot_msgs/include/spot_msgs/spot_msgs/srv/detail/clear_behavior_fault__rosidl_typesupport_introspection_cpp.hpp
[46.879s] -- Symlinking: /home/mtouri/spot_ws/install/spot_msgs/include/spot_msgs/spot_msgs/srv/detail/delete_logpoint__rosidl_typesupport_introspection_cpp.hpp
[46.888s] -- Symlinking: /home/mtouri/spot_ws/install/spot_msgs/include/spot_msgs/spot_msgs/srv/detail/delete_sound__rosidl_typesupport_introspection_cpp.hpp
[46.896s] -- Symlinking: /home/mtouri/spot_ws/install/spot_msgs/include/spot_msgs/spot_msgs/srv/detail/dock__rosidl_typesupport_introspection_cpp.hpp
[46.905s] -- Symlinking: /home/mtouri/spot_ws/install/spot_msgs/include/spot_msgs/spot_msgs/srv/detail/get_choreography_status__rosidl_typesupport_introspection_cpp.hpp
[46.913s] -- Symlinking: /home/mtouri/spot_ws/install/spot_msgs/include/spot_msgs/spot_msgs/srv/detail/get_gripper_camera_parameters__rosidl_typesupport_introspection_cpp.hpp
[46.924s] -- Symlinking: /home/mtouri/spot_ws/install/spot_msgs/include/spot_msgs/spot_msgs/srv/detail/get_inverse_kinematic_solutions__rosidl_typesupport_introspection_cpp.hpp
[46.934s] -- Symlinking: /home/mtouri/spot_ws/install/spot_msgs/include/spot_msgs/spot_msgs/srv/detail/get_led_brightness__rosidl_typesupport_introspection_cpp.hpp
[46.944s] -- Symlinking: /home/mtouri/spot_ws/install/spot_msgs/include/spot_msgs/spot_msgs/srv/detail/get_logpoint_status__rosidl_typesupport_introspection_cpp.hpp
[46.953s] -- Symlinking: /home/mtouri/spot_ws/install/spot_msgs/include/spot_msgs/spot_msgs/srv/detail/get_ptz_position__rosidl_typesupport_introspection_cpp.hpp
[46.962s] -- Symlinking: /home/mtouri/spot_ws/install/spot_msgs/include/spot_msgs/spot_msgs/srv/detail/get_volume__rosidl_typesupport_introspection_cpp.hpp
[46.971s] -- Symlinking: /home/mtouri/spot_ws/install/spot_msgs/include/spot_msgs/spot_msgs/srv/detail/graph_nav_clear_graph__rosidl_typesupport_introspection_cpp.hpp
[46.980s] -- Symlinking: /home/mtouri/spot_ws/install/spot_msgs/include/spot_msgs/spot_msgs/srv/detail/graph_nav_get_localization_pose__rosidl_typesupport_introspection_cpp.hpp
[46.989s] -- Symlinking: /home/mtouri/spot_ws/install/spot_msgs/include/spot_msgs/spot_msgs/srv/detail/graph_nav_set_localization__rosidl_typesupport_introspection_cpp.hpp
[46.998s] -- Symlinking: /home/mtouri/spot_ws/install/spot_msgs/include/spot_msgs/spot_msgs/srv/detail/graph_nav_upload_graph__rosidl_typesupport_introspection_cpp.hpp
[47.008s] -- Symlinking: /home/mtouri/spot_ws/install/spot_msgs/include/spot_msgs/spot_msgs/srv/detail/initialize_lens__rosidl_typesupport_introspection_cpp.hpp
[47.015s] -- Symlinking: /home/mtouri/spot_ws/install/spot_msgs/include/spot_msgs/spot_msgs/srv/detail/list_all_dances__rosidl_typesupport_introspection_cpp.hpp
[47.025s] -- Symlinking: /home/mtouri/spot_ws/install/spot_msgs/include/spot_msgs/spot_msgs/srv/detail/list_all_moves__rosidl_typesupport_introspection_cpp.hpp
[47.033s] -- Symlinking: /home/mtouri/spot_ws/install/spot_msgs/include/spot_msgs/spot_msgs/srv/detail/list_cameras__rosidl_typesupport_introspection_cpp.hpp
[47.042s] -- Symlinking: /home/mtouri/spot_ws/install/spot_msgs/include/spot_msgs/spot_msgs/srv/detail/list_graph__rosidl_typesupport_introspection_cpp.hpp
[47.051s] -- Symlinking: /home/mtouri/spot_ws/install/spot_msgs/include/spot_msgs/spot_msgs/srv/detail/list_logpoints__rosidl_typesupport_introspection_cpp.hpp
[47.060s] -- Symlinking: /home/mtouri/spot_ws/install/spot_msgs/include/spot_msgs/spot_msgs/srv/detail/list_ptz__rosidl_typesupport_introspection_cpp.hpp
[47.069s] -- Symlinking: /home/mtouri/spot_ws/install/spot_msgs/include/spot_msgs/spot_msgs/srv/detail/list_sounds__rosidl_typesupport_introspection_cpp.hpp
[47.078s] -- Symlinking: /home/mtouri/spot_ws/install/spot_msgs/include/spot_msgs/spot_msgs/srv/detail/list_world_objects__rosidl_typesupport_introspection_cpp.hpp
[47.088s] -- Symlinking: /home/mtouri/spot_ws/install/spot_msgs/include/spot_msgs/spot_msgs/srv/detail/load_sound__rosidl_typesupport_introspection_cpp.hpp
[47.097s] -- Symlinking: /home/mtouri/spot_ws/install/spot_msgs/include/spot_msgs/spot_msgs/srv/detail/mutate_world_object__rosidl_typesupport_introspection_cpp.hpp
[47.106s] -- Symlinking: /home/mtouri/spot_ws/install/spot_msgs/include/spot_msgs/spot_msgs/srv/detail/override_grasp_or_carry__rosidl_typesupport_introspection_cpp.hpp
[47.115s] -- Symlinking: /home/mtouri/spot_ws/install/spot_msgs/include/spot_msgs/spot_msgs/srv/detail/play_sound__rosidl_typesupport_introspection_cpp.hpp
[47.125s] -- Symlinking: /home/mtouri/spot_ws/install/spot_msgs/include/spot_msgs/spot_msgs/srv/detail/retrieve_logpoint__rosidl_typesupport_introspection_cpp.hpp
[47.135s] -- Symlinking: /home/mtouri/spot_ws/install/spot_msgs/include/spot_msgs/spot_msgs/srv/detail/return_lease__rosidl_typesupport_introspection_cpp.hpp
[47.144s] -- Symlinking: /home/mtouri/spot_ws/install/spot_msgs/include/spot_msgs/spot_msgs/srv/detail/robot_command__rosidl_typesupport_introspection_cpp.hpp
[47.153s] -- Symlinking: /home/mtouri/spot_ws/install/spot_msgs/include/spot_msgs/spot_msgs/srv/detail/set_gripper_angle__rosidl_typesupport_introspection_cpp.hpp
[47.163s] -- Symlinking: /home/mtouri/spot_ws/install/spot_msgs/include/spot_msgs/spot_msgs/srv/detail/set_gripper_camera_parameters__rosidl_typesupport_introspection_cpp.hpp
[47.173s] -- Symlinking: /home/mtouri/spot_ws/install/spot_msgs/include/spot_msgs/spot_msgs/srv/detail/set_led_brightness__rosidl_typesupport_introspection_cpp.hpp
[47.182s] -- Symlinking: /home/mtouri/spot_ws/install/spot_msgs/include/spot_msgs/spot_msgs/srv/detail/set_locomotion__rosidl_typesupport_introspection_cpp.hpp
[47.192s] -- Symlinking: /home/mtouri/spot_ws/install/spot_msgs/include/spot_msgs/spot_msgs/srv/detail/set_ptz_position__rosidl_typesupport_introspection_cpp.hpp
[47.203s] -- Symlinking: /home/mtouri/spot_ws/install/spot_msgs/include/spot_msgs/spot_msgs/srv/detail/set_stairs_mode__rosidl_typesupport_introspection_cpp.hpp
[47.211s] -- Symlinking: /home/mtouri/spot_ws/install/spot_msgs/include/spot_msgs/spot_msgs/srv/detail/set_stand_height__rosidl_typesupport_introspection_cpp.hpp
[47.221s] -- Symlinking: /home/mtouri/spot_ws/install/spot_msgs/include/spot_msgs/spot_msgs/srv/detail/set_velocity__rosidl_typesupport_introspection_cpp.hpp
[47.230s] -- Symlinking: /home/mtouri/spot_ws/install/spot_msgs/include/spot_msgs/spot_msgs/srv/detail/set_volume__rosidl_typesupport_introspection_cpp.hpp
[47.239s] -- Symlinking: /home/mtouri/spot_ws/install/spot_msgs/include/spot_msgs/spot_msgs/srv/detail/store_logpoint__rosidl_typesupport_introspection_cpp.hpp
[47.248s] -- Symlinking: /home/mtouri/spot_ws/install/spot_msgs/include/spot_msgs/spot_msgs/srv/detail/tag_logpoint__rosidl_typesupport_introspection_cpp.hpp
[47.257s] -- Symlinking: /home/mtouri/spot_ws/install/spot_msgs/include/spot_msgs/spot_msgs/srv/detail/upload_animation__rosidl_typesupport_introspection_cpp.hpp
[47.265s] -- Symlinking: /home/mtouri/spot_ws/install/spot_msgs/include/spot_msgs/spot_msgs/srv/detail/upload_sequence__rosidl_typesupport_introspection_cpp.hpp
[47.274s] -- Symlinking: /home/mtouri/spot_ws/install/spot_msgs/share/spot_msgs/environment/pythonpath.sh
[47.282s] -- Symlinking: /home/mtouri/spot_ws/install/spot_msgs/share/spot_msgs/environment/pythonpath.dsv
[47.291s] -- Symlinking: /home/mtouri/spot_ws/install/spot_msgs/local/lib/python3.10/dist-packages/spot_msgs-0.0.0-py3.10.egg-info/PKG-INFO
[47.300s] -- Symlinking: /home/mtouri/spot_ws/install/spot_msgs/local/lib/python3.10/dist-packages/spot_msgs-0.0.0-py3.10.egg-info/SOURCES.txt
[47.309s] -- Symlinking: /home/mtouri/spot_ws/install/spot_msgs/local/lib/python3.10/dist-packages/spot_msgs-0.0.0-py3.10.egg-info/dependency_links.txt
[47.317s] -- Symlinking: /home/mtouri/spot_ws/install/spot_msgs/local/lib/python3.10/dist-packages/spot_msgs-0.0.0-py3.10.egg-info/top_level.txt
[47.329s] -- Symlinking: /home/mtouri/spot_ws/install/spot_msgs/local/lib/python3.10/dist-packages/spot_msgs/__init__.py
[47.337s] -- Symlinking: /home/mtouri/spot_ws/install/spot_msgs/local/lib/python3.10/dist-packages/spot_msgs/_spot_msgs_s.ep.rosidl_typesupport_c.c
[47.346s] -- Symlinking: /home/mtouri/spot_ws/install/spot_msgs/local/lib/python3.10/dist-packages/spot_msgs/_spot_msgs_s.ep.rosidl_typesupport_fastrtps_c.c
[47.354s] -- Symlinking: /home/mtouri/spot_ws/install/spot_msgs/local/lib/python3.10/dist-packages/spot_msgs/_spot_msgs_s.ep.rosidl_typesupport_introspection_c.c
[47.363s] -- Symlinking: /home/mtouri/spot_ws/install/spot_msgs/local/lib/python3.10/dist-packages/spot_msgs/action/__init__.py
[47.371s] -- Symlinking: /home/mtouri/spot_ws/install/spot_msgs/local/lib/python3.10/dist-packages/spot_msgs/action/_arm_surface_contact.py
[47.379s] -- Symlinking: /home/mtouri/spot_ws/install/spot_msgs/local/lib/python3.10/dist-packages/spot_msgs/action/_arm_surface_contact_s.c
[47.387s] -- Symlinking: /home/mtouri/spot_ws/install/spot_msgs/local/lib/python3.10/dist-packages/spot_msgs/action/_execute_dance.py
[47.396s] -- Symlinking: /home/mtouri/spot_ws/install/spot_msgs/local/lib/python3.10/dist-packages/spot_msgs/action/_execute_dance_s.c
[47.405s] -- Symlinking: /home/mtouri/spot_ws/install/spot_msgs/local/lib/python3.10/dist-packages/spot_msgs/action/_manipulation.py
[47.415s] -- Symlinking: /home/mtouri/spot_ws/install/spot_msgs/local/lib/python3.10/dist-packages/spot_msgs/action/_manipulation_s.c
[47.424s] -- Symlinking: /home/mtouri/spot_ws/install/spot_msgs/local/lib/python3.10/dist-packages/spot_msgs/action/_navigate_to.py
[47.433s] -- Symlinking: /home/mtouri/spot_ws/install/spot_msgs/local/lib/python3.10/dist-packages/spot_msgs/action/_navigate_to_s.c
[47.442s] -- Symlinking: /home/mtouri/spot_ws/install/spot_msgs/local/lib/python3.10/dist-packages/spot_msgs/action/_robot_command.py
[47.451s] -- Symlinking: /home/mtouri/spot_ws/install/spot_msgs/local/lib/python3.10/dist-packages/spot_msgs/action/_robot_command_s.c
[47.459s] -- Symlinking: /home/mtouri/spot_ws/install/spot_msgs/local/lib/python3.10/dist-packages/spot_msgs/action/_trajectory.py
[47.467s] -- Symlinking: /home/mtouri/spot_ws/install/spot_msgs/local/lib/python3.10/dist-packages/spot_msgs/action/_trajectory_s.c
[47.475s] -- Symlinking: /home/mtouri/spot_ws/install/spot_msgs/local/lib/python3.10/dist-packages/spot_msgs/libspot_msgs__rosidl_generator_py.so
[47.484s] -- Symlinking: /home/mtouri/spot_ws/install/spot_msgs/local/lib/python3.10/dist-packages/spot_msgs/msg/__init__.py
[47.493s] -- Symlinking: /home/mtouri/spot_ws/install/spot_msgs/local/lib/python3.10/dist-packages/spot_msgs/msg/_battery_state.py
[47.501s] -- Symlinking: /home/mtouri/spot_ws/install/spot_msgs/local/lib/python3.10/dist-packages/spot_msgs/msg/_battery_state_array.py
[47.510s] -- Symlinking: /home/mtouri/spot_ws/install/spot_msgs/local/lib/python3.10/dist-packages/spot_msgs/msg/_battery_state_array_s.c
[47.520s] -- Symlinking: /home/mtouri/spot_ws/install/spot_msgs/local/lib/python3.10/dist-packages/spot_msgs/msg/_battery_state_s.c
[47.530s] -- Symlinking: /home/mtouri/spot_ws/install/spot_msgs/local/lib/python3.10/dist-packages/spot_msgs/msg/_behavior_fault.py
[47.539s] -- Symlinking: /home/mtouri/spot_ws/install/spot_msgs/local/lib/python3.10/dist-packages/spot_msgs/msg/_behavior_fault_s.c
[47.549s] -- Symlinking: /home/mtouri/spot_ws/install/spot_msgs/local/lib/python3.10/dist-packages/spot_msgs/msg/_behavior_fault_state.py
[47.557s] -- Symlinking: /home/mtouri/spot_ws/install/spot_msgs/local/lib/python3.10/dist-packages/spot_msgs/msg/_behavior_fault_state_s.c
[47.565s] -- Symlinking: /home/mtouri/spot_ws/install/spot_msgs/local/lib/python3.10/dist-packages/spot_msgs/msg/_e_stop_state.py
[47.573s] -- Symlinking: /home/mtouri/spot_ws/install/spot_msgs/local/lib/python3.10/dist-packages/spot_msgs/msg/_e_stop_state_array.py
[47.582s] -- Symlinking: /home/mtouri/spot_ws/install/spot_msgs/local/lib/python3.10/dist-packages/spot_msgs/msg/_e_stop_state_array_s.c
[47.591s] -- Symlinking: /home/mtouri/spot_ws/install/spot_msgs/local/lib/python3.10/dist-packages/spot_msgs/msg/_e_stop_state_s.c
[47.600s] -- Symlinking: /home/mtouri/spot_ws/install/spot_msgs/local/lib/python3.10/dist-packages/spot_msgs/msg/_feedback.py
[47.608s] -- Symlinking: /home/mtouri/spot_ws/install/spot_msgs/local/lib/python3.10/dist-packages/spot_msgs/msg/_feedback_s.c
[47.617s] -- Symlinking: /home/mtouri/spot_ws/install/spot_msgs/local/lib/python3.10/dist-packages/spot_msgs/msg/_foot_state.py
[47.627s] -- Symlinking: /home/mtouri/spot_ws/install/spot_msgs/local/lib/python3.10/dist-packages/spot_msgs/msg/_foot_state_array.py
[47.636s] -- Symlinking: /home/mtouri/spot_ws/install/spot_msgs/local/lib/python3.10/dist-packages/spot_msgs/msg/_foot_state_array_s.c
[47.646s] -- Symlinking: /home/mtouri/spot_ws/install/spot_msgs/local/lib/python3.10/dist-packages/spot_msgs/msg/_foot_state_s.c
[47.655s] -- Symlinking: /home/mtouri/spot_ws/install/spot_msgs/local/lib/python3.10/dist-packages/spot_msgs/msg/_joint_command.py
[47.665s] -- Symlinking: /home/mtouri/spot_ws/install/spot_msgs/local/lib/python3.10/dist-packages/spot_msgs/msg/_joint_command_s.c
[47.674s] -- Symlinking: /home/mtouri/spot_ws/install/spot_msgs/local/lib/python3.10/dist-packages/spot_msgs/msg/_lease.py
[47.683s] -- Symlinking: /home/mtouri/spot_ws/install/spot_msgs/local/lib/python3.10/dist-packages/spot_msgs/msg/_lease_array.py
[47.691s] -- Symlinking: /home/mtouri/spot_ws/install/spot_msgs/local/lib/python3.10/dist-packages/spot_msgs/msg/_lease_array_s.c
[47.701s] -- Symlinking: /home/mtouri/spot_ws/install/spot_msgs/local/lib/python3.10/dist-packages/spot_msgs/msg/_lease_owner.py
[47.710s] -- Symlinking: /home/mtouri/spot_ws/install/spot_msgs/local/lib/python3.10/dist-packages/spot_msgs/msg/_lease_owner_s.c
[47.719s] -- Symlinking: /home/mtouri/spot_ws/install/spot_msgs/local/lib/python3.10/dist-packages/spot_msgs/msg/_lease_resource.py
[47.728s] -- Symlinking: /home/mtouri/spot_ws/install/spot_msgs/local/lib/python3.10/dist-packages/spot_msgs/msg/_lease_resource_s.c
[47.736s] -- Symlinking: /home/mtouri/spot_ws/install/spot_msgs/local/lib/python3.10/dist-packages/spot_msgs/msg/_lease_s.c
[47.744s] -- Symlinking: /home/mtouri/spot_ws/install/spot_msgs/local/lib/python3.10/dist-packages/spot_msgs/msg/_metrics.py
[47.753s] -- Symlinking: /home/mtouri/spot_ws/install/spot_msgs/local/lib/python3.10/dist-packages/spot_msgs/msg/_metrics_s.c
[47.763s] -- Symlinking: /home/mtouri/spot_ws/install/spot_msgs/local/lib/python3.10/dist-packages/spot_msgs/msg/_mobility_params.py
[47.773s] -- Symlinking: /home/mtouri/spot_ws/install/spot_msgs/local/lib/python3.10/dist-packages/spot_msgs/msg/_mobility_params_s.c
[47.782s] -- Symlinking: /home/mtouri/spot_ws/install/spot_msgs/local/lib/python3.10/dist-packages/spot_msgs/msg/_power_state.py
[47.790s] -- Symlinking: /home/mtouri/spot_ws/install/spot_msgs/local/lib/python3.10/dist-packages/spot_msgs/msg/_power_state_s.c
[47.799s] -- Symlinking: /home/mtouri/spot_ws/install/spot_msgs/local/lib/python3.10/dist-packages/spot_msgs/msg/_system_fault.py
[47.808s] -- Symlinking: /home/mtouri/spot_ws/install/spot_msgs/local/lib/python3.10/dist-packages/spot_msgs/msg/_system_fault_s.c
[47.816s] -- Symlinking: /home/mtouri/spot_ws/install/spot_msgs/local/lib/python3.10/dist-packages/spot_msgs/msg/_system_fault_state.py
[47.825s] -- Symlinking: /home/mtouri/spot_ws/install/spot_msgs/local/lib/python3.10/dist-packages/spot_msgs/msg/_system_fault_state_s.c
[47.834s] -- Symlinking: /home/mtouri/spot_ws/install/spot_msgs/local/lib/python3.10/dist-packages/spot_msgs/msg/_wi_fi_state.py
[47.843s] -- Symlinking: /home/mtouri/spot_ws/install/spot_msgs/local/lib/python3.10/dist-packages/spot_msgs/msg/_wi_fi_state_s.c
[47.853s] -- Symlinking: /home/mtouri/spot_ws/install/spot_msgs/local/lib/python3.10/dist-packages/spot_msgs/spot_msgs_s__rosidl_typesupport_c.cpython-310-x86_64-linux-gnu.so
[47.861s] -- Symlinking: /home/mtouri/spot_ws/install/spot_msgs/local/lib/python3.10/dist-packages/spot_msgs/spot_msgs_s__rosidl_typesupport_fastrtps_c.cpython-310-x86_64-linux-gnu.so
[47.869s] -- Symlinking: /home/mtouri/spot_ws/install/spot_msgs/local/lib/python3.10/dist-packages/spot_msgs/spot_msgs_s__rosidl_typesupport_introspection_c.cpython-310-x86_64-linux-gnu.so
[47.877s] -- Symlinking: /home/mtouri/spot_ws/install/spot_msgs/local/lib/python3.10/dist-packages/spot_msgs/srv/__init__.py
[47.885s] -- Symlinking: /home/mtouri/spot_ws/install/spot_msgs/local/lib/python3.10/dist-packages/spot_msgs/srv/_acquire_lease.py
[47.894s] -- Symlinking: /home/mtouri/spot_ws/install/spot_msgs/local/lib/python3.10/dist-packages/spot_msgs/srv/_acquire_lease_s.c
[47.902s] -- Symlinking: /home/mtouri/spot_ws/install/spot_msgs/local/lib/python3.10/dist-packages/spot_msgs/srv/_choreography_recorded_state_to_animation.py
[47.911s] -- Symlinking: /home/mtouri/spot_ws/install/spot_msgs/local/lib/python3.10/dist-packages/spot_msgs/srv/_choreography_recorded_state_to_animation_s.c
[47.921s] -- Symlinking: /home/mtouri/spot_ws/install/spot_msgs/local/lib/python3.10/dist-packages/spot_msgs/srv/_choreography_start_recording_state.py
[47.930s] -- Symlinking: /home/mtouri/spot_ws/install/spot_msgs/local/lib/python3.10/dist-packages/spot_msgs/srv/_choreography_start_recording_state_s.c
[47.940s] -- Symlinking: /home/mtouri/spot_ws/install/spot_msgs/local/lib/python3.10/dist-packages/spot_msgs/srv/_choreography_stop_recording_state.py
[47.949s] -- Symlinking: /home/mtouri/spot_ws/install/spot_msgs/local/lib/python3.10/dist-packages/spot_msgs/srv/_choreography_stop_recording_state_s.c
[47.957s] -- Symlinking: /home/mtouri/spot_ws/install/spot_msgs/local/lib/python3.10/dist-packages/spot_msgs/srv/_clear_behavior_fault.py
[47.966s] -- Symlinking: /home/mtouri/spot_ws/install/spot_msgs/local/lib/python3.10/dist-packages/spot_msgs/srv/_clear_behavior_fault_s.c
[47.973s] -- Symlinking: /home/mtouri/spot_ws/install/spot_msgs/local/lib/python3.10/dist-packages/spot_msgs/srv/_delete_logpoint.py
[47.984s] -- Symlinking: /home/mtouri/spot_ws/install/spot_msgs/local/lib/python3.10/dist-packages/spot_msgs/srv/_delete_logpoint_s.c
[47.994s] -- Symlinking: /home/mtouri/spot_ws/install/spot_msgs/local/lib/python3.10/dist-packages/spot_msgs/srv/_delete_sound.py
[48.003s] -- Symlinking: /home/mtouri/spot_ws/install/spot_msgs/local/lib/python3.10/dist-packages/spot_msgs/srv/_delete_sound_s.c
[48.011s] -- Symlinking: /home/mtouri/spot_ws/install/spot_msgs/local/lib/python3.10/dist-packages/spot_msgs/srv/_dock.py
[48.020s] -- Symlinking: /home/mtouri/spot_ws/install/spot_msgs/local/lib/python3.10/dist-packages/spot_msgs/srv/_dock_s.c
[48.028s] -- Symlinking: /home/mtouri/spot_ws/install/spot_msgs/local/lib/python3.10/dist-packages/spot_msgs/srv/_get_choreography_status.py
[48.038s] -- Symlinking: /home/mtouri/spot_ws/install/spot_msgs/local/lib/python3.10/dist-packages/spot_msgs/srv/_get_choreography_status_s.c
[48.048s] -- Symlinking: /home/mtouri/spot_ws/install/spot_msgs/local/lib/python3.10/dist-packages/spot_msgs/srv/_get_gripper_camera_parameters.py
[48.057s] -- Symlinking: /home/mtouri/spot_ws/install/spot_msgs/local/lib/python3.10/dist-packages/spot_msgs/srv/_get_gripper_camera_parameters_s.c
[48.066s] -- Symlinking: /home/mtouri/spot_ws/install/spot_msgs/local/lib/python3.10/dist-packages/spot_msgs/srv/_get_inverse_kinematic_solutions.py
[48.074s] -- Symlinking: /home/mtouri/spot_ws/install/spot_msgs/local/lib/python3.10/dist-packages/spot_msgs/srv/_get_inverse_kinematic_solutions_s.c
[48.082s] -- Symlinking: /home/mtouri/spot_ws/install/spot_msgs/local/lib/python3.10/dist-packages/spot_msgs/srv/_get_led_brightness.py
[48.092s] -- Symlinking: /home/mtouri/spot_ws/install/spot_msgs/local/lib/python3.10/dist-packages/spot_msgs/srv/_get_led_brightness_s.c
[48.099s] -- Symlinking: /home/mtouri/spot_ws/install/spot_msgs/local/lib/python3.10/dist-packages/spot_msgs/srv/_get_logpoint_status.py
[48.107s] -- Symlinking: /home/mtouri/spot_ws/install/spot_msgs/local/lib/python3.10/dist-packages/spot_msgs/srv/_get_logpoint_status_s.c
[48.115s] -- Symlinking: /home/mtouri/spot_ws/install/spot_msgs/local/lib/python3.10/dist-packages/spot_msgs/srv/_get_ptz_position.py
[48.123s] -- Symlinking: /home/mtouri/spot_ws/install/spot_msgs/local/lib/python3.10/dist-packages/spot_msgs/srv/_get_ptz_position_s.c
[48.132s] -- Symlinking: /home/mtouri/spot_ws/install/spot_msgs/local/lib/python3.10/dist-packages/spot_msgs/srv/_get_volume.py
[48.141s] -- Symlinking: /home/mtouri/spot_ws/install/spot_msgs/local/lib/python3.10/dist-packages/spot_msgs/srv/_get_volume_s.c
[48.150s] -- Symlinking: /home/mtouri/spot_ws/install/spot_msgs/local/lib/python3.10/dist-packages/spot_msgs/srv/_graph_nav_clear_graph.py
[48.158s] -- Symlinking: /home/mtouri/spot_ws/install/spot_msgs/local/lib/python3.10/dist-packages/spot_msgs/srv/_graph_nav_clear_graph_s.c
[48.167s] -- Symlinking: /home/mtouri/spot_ws/install/spot_msgs/local/lib/python3.10/dist-packages/spot_msgs/srv/_graph_nav_get_localization_pose.py
[48.176s] -- Symlinking: /home/mtouri/spot_ws/install/spot_msgs/local/lib/python3.10/dist-packages/spot_msgs/srv/_graph_nav_get_localization_pose_s.c
[48.185s] -- Symlinking: /home/mtouri/spot_ws/install/spot_msgs/local/lib/python3.10/dist-packages/spot_msgs/srv/_graph_nav_set_localization.py
[48.194s] -- Symlinking: /home/mtouri/spot_ws/install/spot_msgs/local/lib/python3.10/dist-packages/spot_msgs/srv/_graph_nav_set_localization_s.c
[48.203s] -- Symlinking: /home/mtouri/spot_ws/install/spot_msgs/local/lib/python3.10/dist-packages/spot_msgs/srv/_graph_nav_upload_graph.py
[48.212s] -- Symlinking: /home/mtouri/spot_ws/install/spot_msgs/local/lib/python3.10/dist-packages/spot_msgs/srv/_graph_nav_upload_graph_s.c
[48.221s] -- Symlinking: /home/mtouri/spot_ws/install/spot_msgs/local/lib/python3.10/dist-packages/spot_msgs/srv/_initialize_lens.py
[48.229s] -- Symlinking: /home/mtouri/spot_ws/install/spot_msgs/local/lib/python3.10/dist-packages/spot_msgs/srv/_initialize_lens_s.c
[48.238s] -- Symlinking: /home/mtouri/spot_ws/install/spot_msgs/local/lib/python3.10/dist-packages/spot_msgs/srv/_list_all_dances.py
[48.247s] -- Symlinking: /home/mtouri/spot_ws/install/spot_msgs/local/lib/python3.10/dist-packages/spot_msgs/srv/_list_all_dances_s.c
[48.256s] -- Symlinking: /home/mtouri/spot_ws/install/spot_msgs/local/lib/python3.10/dist-packages/spot_msgs/srv/_list_all_moves.py
[48.264s] -- Symlinking: /home/mtouri/spot_ws/install/spot_msgs/local/lib/python3.10/dist-packages/spot_msgs/srv/_list_all_moves_s.c
[48.272s] -- Symlinking: /home/mtouri/spot_ws/install/spot_msgs/local/lib/python3.10/dist-packages/spot_msgs/srv/_list_cameras.py
[48.281s] -- Symlinking: /home/mtouri/spot_ws/install/spot_msgs/local/lib/python3.10/dist-packages/spot_msgs/srv/_list_cameras_s.c
[48.290s] -- Symlinking: /home/mtouri/spot_ws/install/spot_msgs/local/lib/python3.10/dist-packages/spot_msgs/srv/_list_graph.py
[48.298s] -- Symlinking: /home/mtouri/spot_ws/install/spot_msgs/local/lib/python3.10/dist-packages/spot_msgs/srv/_list_graph_s.c
[48.305s] -- Symlinking: /home/mtouri/spot_ws/install/spot_msgs/local/lib/python3.10/dist-packages/spot_msgs/srv/_list_logpoints.py
[48.314s] -- Symlinking: /home/mtouri/spot_ws/install/spot_msgs/local/lib/python3.10/dist-packages/spot_msgs/srv/_list_logpoints_s.c
[48.322s] -- Symlinking: /home/mtouri/spot_ws/install/spot_msgs/local/lib/python3.10/dist-packages/spot_msgs/srv/_list_ptz.py
[48.331s] -- Symlinking: /home/mtouri/spot_ws/install/spot_msgs/local/lib/python3.10/dist-packages/spot_msgs/srv/_list_ptz_s.c
[48.340s] -- Symlinking: /home/mtouri/spot_ws/install/spot_msgs/local/lib/python3.10/dist-packages/spot_msgs/srv/_list_sounds.py
[48.347s] -- Symlinking: /home/mtouri/spot_ws/install/spot_msgs/local/lib/python3.10/dist-packages/spot_msgs/srv/_list_sounds_s.c
[48.356s] -- Symlinking: /home/mtouri/spot_ws/install/spot_msgs/local/lib/python3.10/dist-packages/spot_msgs/srv/_list_world_objects.py
[48.364s] -- Symlinking: /home/mtouri/spot_ws/install/spot_msgs/local/lib/python3.10/dist-packages/spot_msgs/srv/_list_world_objects_s.c
[48.373s] -- Symlinking: /home/mtouri/spot_ws/install/spot_msgs/local/lib/python3.10/dist-packages/spot_msgs/srv/_load_sound.py
[48.381s] -- Symlinking: /home/mtouri/spot_ws/install/spot_msgs/local/lib/python3.10/dist-packages/spot_msgs/srv/_load_sound_s.c
[48.389s] -- Symlinking: /home/mtouri/spot_ws/install/spot_msgs/local/lib/python3.10/dist-packages/spot_msgs/srv/_mutate_world_object.py
[48.397s] -- Symlinking: /home/mtouri/spot_ws/install/spot_msgs/local/lib/python3.10/dist-packages/spot_msgs/srv/_mutate_world_object_s.c
[48.408s] -- Symlinking: /home/mtouri/spot_ws/install/spot_msgs/local/lib/python3.10/dist-packages/spot_msgs/srv/_override_grasp_or_carry.py
[48.417s] -- Symlinking: /home/mtouri/spot_ws/install/spot_msgs/local/lib/python3.10/dist-packages/spot_msgs/srv/_override_grasp_or_carry_s.c
[48.427s] -- Symlinking: /home/mtouri/spot_ws/install/spot_msgs/local/lib/python3.10/dist-packages/spot_msgs/srv/_play_sound.py
[48.436s] -- Symlinking: /home/mtouri/spot_ws/install/spot_msgs/local/lib/python3.10/dist-packages/spot_msgs/srv/_play_sound_s.c
[48.445s] -- Symlinking: /home/mtouri/spot_ws/install/spot_msgs/local/lib/python3.10/dist-packages/spot_msgs/srv/_retrieve_logpoint.py
[48.453s] -- Symlinking: /home/mtouri/spot_ws/install/spot_msgs/local/lib/python3.10/dist-packages/spot_msgs/srv/_retrieve_logpoint_s.c
[48.461s] -- Symlinking: /home/mtouri/spot_ws/install/spot_msgs/local/lib/python3.10/dist-packages/spot_msgs/srv/_return_lease.py
[48.469s] -- Symlinking: /home/mtouri/spot_ws/install/spot_msgs/local/lib/python3.10/dist-packages/spot_msgs/srv/_return_lease_s.c
[48.477s] -- Symlinking: /home/mtouri/spot_ws/install/spot_msgs/local/lib/python3.10/dist-packages/spot_msgs/srv/_robot_command.py
[48.486s] -- Symlinking: /home/mtouri/spot_ws/install/spot_msgs/local/lib/python3.10/dist-packages/spot_msgs/srv/_robot_command_s.c
[48.494s] -- Symlinking: /home/mtouri/spot_ws/install/spot_msgs/local/lib/python3.10/dist-packages/spot_msgs/srv/_set_gripper_angle.py
[48.503s] -- Symlinking: /home/mtouri/spot_ws/install/spot_msgs/local/lib/python3.10/dist-packages/spot_msgs/srv/_set_gripper_angle_s.c
[48.511s] -- Symlinking: /home/mtouri/spot_ws/install/spot_msgs/local/lib/python3.10/dist-packages/spot_msgs/srv/_set_gripper_camera_parameters.py
[48.519s] -- Symlinking: /home/mtouri/spot_ws/install/spot_msgs/local/lib/python3.10/dist-packages/spot_msgs/srv/_set_gripper_camera_parameters_s.c
[48.529s] -- Symlinking: /home/mtouri/spot_ws/install/spot_msgs/local/lib/python3.10/dist-packages/spot_msgs/srv/_set_led_brightness.py
[48.539s] -- Symlinking: /home/mtouri/spot_ws/install/spot_msgs/local/lib/python3.10/dist-packages/spot_msgs/srv/_set_led_brightness_s.c
[48.549s] -- Symlinking: /home/mtouri/spot_ws/install/spot_msgs/local/lib/python3.10/dist-packages/spot_msgs/srv/_set_locomotion.py
[48.558s] -- Symlinking: /home/mtouri/spot_ws/install/spot_msgs/local/lib/python3.10/dist-packages/spot_msgs/srv/_set_locomotion_s.c
[48.566s] -- Symlinking: /home/mtouri/spot_ws/install/spot_msgs/local/lib/python3.10/dist-packages/spot_msgs/srv/_set_ptz_position.py
[48.575s] -- Symlinking: /home/mtouri/spot_ws/install/spot_msgs/local/lib/python3.10/dist-packages/spot_msgs/srv/_set_ptz_position_s.c
[48.585s] -- Symlinking: /home/mtouri/spot_ws/install/spot_msgs/local/lib/python3.10/dist-packages/spot_msgs/srv/_set_stairs_mode.py
[48.595s] -- Symlinking: /home/mtouri/spot_ws/install/spot_msgs/local/lib/python3.10/dist-packages/spot_msgs/srv/_set_stairs_mode_s.c
[48.604s] -- Symlinking: /home/mtouri/spot_ws/install/spot_msgs/local/lib/python3.10/dist-packages/spot_msgs/srv/_set_stand_height.py
[48.614s] -- Symlinking: /home/mtouri/spot_ws/install/spot_msgs/local/lib/python3.10/dist-packages/spot_msgs/srv/_set_stand_height_s.c
[48.624s] -- Symlinking: /home/mtouri/spot_ws/install/spot_msgs/local/lib/python3.10/dist-packages/spot_msgs/srv/_set_velocity.py
[48.633s] -- Symlinking: /home/mtouri/spot_ws/install/spot_msgs/local/lib/python3.10/dist-packages/spot_msgs/srv/_set_velocity_s.c
[48.643s] -- Symlinking: /home/mtouri/spot_ws/install/spot_msgs/local/lib/python3.10/dist-packages/spot_msgs/srv/_set_volume.py
[48.653s] -- Symlinking: /home/mtouri/spot_ws/install/spot_msgs/local/lib/python3.10/dist-packages/spot_msgs/srv/_set_volume_s.c
[48.662s] -- Symlinking: /home/mtouri/spot_ws/install/spot_msgs/local/lib/python3.10/dist-packages/spot_msgs/srv/_store_logpoint.py
[48.671s] -- Symlinking: /home/mtouri/spot_ws/install/spot_msgs/local/lib/python3.10/dist-packages/spot_msgs/srv/_store_logpoint_s.c
[48.680s] -- Symlinking: /home/mtouri/spot_ws/install/spot_msgs/local/lib/python3.10/dist-packages/spot_msgs/srv/_tag_logpoint.py
[48.689s] -- Symlinking: /home/mtouri/spot_ws/install/spot_msgs/local/lib/python3.10/dist-packages/spot_msgs/srv/_tag_logpoint_s.c
[48.699s] -- Symlinking: /home/mtouri/spot_ws/install/spot_msgs/local/lib/python3.10/dist-packages/spot_msgs/srv/_upload_animation.py
[48.710s] -- Symlinking: /home/mtouri/spot_ws/install/spot_msgs/local/lib/python3.10/dist-packages/spot_msgs/srv/_upload_animation_s.c
[48.719s] -- Symlinking: /home/mtouri/spot_ws/install/spot_msgs/local/lib/python3.10/dist-packages/spot_msgs/srv/_upload_sequence.py
[48.728s] -- Symlinking: /home/mtouri/spot_ws/install/spot_msgs/local/lib/python3.10/dist-packages/spot_msgs/srv/_upload_sequence_s.c
[48.740s] -- Up-to-date symlink: /home/mtouri/spot_ws/install/spot_msgs/local/lib/python3.10/dist-packages/spot_msgs/spot_msgs_s__rosidl_typesupport_fastrtps_c.cpython-310-x86_64-linux-gnu.so
[48.740s] -- Up-to-date symlink: /home/mtouri/spot_ws/install/spot_msgs/local/lib/python3.10/dist-packages/spot_msgs/spot_msgs_s__rosidl_typesupport_introspection_c.cpython-310-x86_64-linux-gnu.so
[48.740s] -- Up-to-date symlink: /home/mtouri/spot_ws/install/spot_msgs/local/lib/python3.10/dist-packages/spot_msgs/spot_msgs_s__rosidl_typesupport_c.cpython-310-x86_64-linux-gnu.so
[48.740s] -- Symlinking: /home/mtouri/spot_ws/install/spot_msgs/share/ament_index/resource_index/rust_packages/spot_msgs
[48.750s] -- Symlinking: /home/mtouri/spot_ws/install/spot_msgs/share/spot_msgs/rust/Cargo.toml
[48.760s] -- Symlinking: /home/mtouri/spot_ws/install/spot_msgs/share/spot_msgs/rust/build.rs
[48.769s] -- Symlinking: /home/mtouri/spot_ws/install/spot_msgs/share/spot_msgs/rust/src/action.rs
[48.779s] -- Symlinking: /home/mtouri/spot_ws/install/spot_msgs/share/spot_msgs/rust/src/action/rmw.rs
[48.789s] -- Symlinking: /home/mtouri/spot_ws/install/spot_msgs/share/spot_msgs/rust/src/lib.rs
[48.798s] -- Symlinking: /home/mtouri/spot_ws/install/spot_msgs/share/spot_msgs/rust/src/msg.rs
[48.807s] -- Symlinking: /home/mtouri/spot_ws/install/spot_msgs/share/spot_msgs/rust/src/msg/rmw.rs
[48.817s] -- Symlinking: /home/mtouri/spot_ws/install/spot_msgs/share/spot_msgs/rust/src/srv.rs
[48.827s] -- Symlinking: /home/mtouri/spot_ws/install/spot_msgs/share/spot_msgs/rust/src/srv/rmw.rs
[48.837s] -- Symlinking: /home/mtouri/spot_ws/install/spot_msgs/share/spot_msgs/msg/BatteryStateArray.idl
[48.846s] -- Symlinking: /home/mtouri/spot_ws/install/spot_msgs/share/spot_msgs/msg/BehaviorFault.idl
[48.856s] -- Symlinking: /home/mtouri/spot_ws/install/spot_msgs/share/spot_msgs/msg/EStopStateArray.idl
[48.866s] -- Symlinking: /home/mtouri/spot_ws/install/spot_msgs/share/spot_msgs/msg/FootStateArray.idl
[48.876s] -- Symlinking: /home/mtouri/spot_ws/install/spot_msgs/share/spot_msgs/msg/LeaseArray.idl
[48.885s] -- Symlinking: /home/mtouri/spot_ws/install/spot_msgs/share/spot_msgs/msg/LeaseOwner.idl
[48.894s] -- Symlinking: /home/mtouri/spot_ws/install/spot_msgs/share/spot_msgs/msg/Metrics.idl
[48.904s] -- Symlinking: /home/mtouri/spot_ws/install/spot_msgs/share/spot_msgs/msg/MobilityParams.idl
[48.913s] -- Symlinking: /home/mtouri/spot_ws/install/spot_msgs/share/spot_msgs/msg/SystemFault.idl
[48.924s] -- Symlinking: /home/mtouri/spot_ws/install/spot_msgs/share/spot_msgs/msg/WiFiState.idl
[48.932s] -- Symlinking: /home/mtouri/spot_ws/install/spot_msgs/share/spot_msgs/msg/BatteryState.idl
[48.941s] -- Symlinking: /home/mtouri/spot_ws/install/spot_msgs/share/spot_msgs/msg/BehaviorFaultState.idl
[48.950s] -- Symlinking: /home/mtouri/spot_ws/install/spot_msgs/share/spot_msgs/msg/EStopState.idl
[48.959s] -- Symlinking: /home/mtouri/spot_ws/install/spot_msgs/share/spot_msgs/msg/Feedback.idl
[48.968s] -- Symlinking: /home/mtouri/spot_ws/install/spot_msgs/share/spot_msgs/msg/FootState.idl
[48.978s] -- Symlinking: /home/mtouri/spot_ws/install/spot_msgs/share/spot_msgs/msg/JointCommand.idl
[48.988s] -- Symlinking: /home/mtouri/spot_ws/install/spot_msgs/share/spot_msgs/msg/Lease.idl
[48.998s] -- Symlinking: /home/mtouri/spot_ws/install/spot_msgs/share/spot_msgs/msg/LeaseResource.idl
[49.008s] -- Symlinking: /home/mtouri/spot_ws/install/spot_msgs/share/spot_msgs/msg/PowerState.idl
[49.018s] -- Symlinking: /home/mtouri/spot_ws/install/spot_msgs/share/spot_msgs/msg/SystemFaultState.idl
[49.027s] -- Symlinking: /home/mtouri/spot_ws/install/spot_msgs/share/spot_msgs/srv/AcquireLease.idl
[49.036s] -- Symlinking: /home/mtouri/spot_ws/install/spot_msgs/share/spot_msgs/srv/ChoreographyRecordedStateToAnimation.idl
[49.045s] -- Symlinking: /home/mtouri/spot_ws/install/spot_msgs/share/spot_msgs/srv/ChoreographyStartRecordingState.idl
[49.055s] -- Symlinking: /home/mtouri/spot_ws/install/spot_msgs/share/spot_msgs/srv/ChoreographyStopRecordingState.idl
[49.064s] -- Symlinking: /home/mtouri/spot_ws/install/spot_msgs/share/spot_msgs/srv/GetChoreographyStatus.idl
[49.072s] -- Symlinking: /home/mtouri/spot_ws/install/spot_msgs/share/spot_msgs/srv/GetInverseKinematicSolutions.idl
[49.081s] -- Symlinking: /home/mtouri/spot_ws/install/spot_msgs/share/spot_msgs/srv/ListGraph.idl
[49.091s] -- Symlinking: /home/mtouri/spot_ws/install/spot_msgs/share/spot_msgs/srv/ListWorldObjects.idl
[49.101s] -- Symlinking: /home/mtouri/spot_ws/install/spot_msgs/share/spot_msgs/srv/ReturnLease.idl
[49.110s] -- Symlinking: /home/mtouri/spot_ws/install/spot_msgs/share/spot_msgs/srv/SetLocomotion.idl
[49.119s] -- Symlinking: /home/mtouri/spot_ws/install/spot_msgs/share/spot_msgs/srv/SetVelocity.idl
[49.128s] -- Symlinking: /home/mtouri/spot_ws/install/spot_msgs/share/spot_msgs/srv/ListAllDances.idl
[49.137s] -- Symlinking: /home/mtouri/spot_ws/install/spot_msgs/share/spot_msgs/srv/ListAllMoves.idl
[49.147s] -- Symlinking: /home/mtouri/spot_ws/install/spot_msgs/share/spot_msgs/srv/UploadAnimation.idl
[49.156s] -- Symlinking: /home/mtouri/spot_ws/install/spot_msgs/share/spot_msgs/srv/UploadSequence.idl
[49.166s] -- Symlinking: /home/mtouri/spot_ws/install/spot_msgs/share/spot_msgs/srv/ClearBehaviorFault.idl
[49.175s] -- Symlinking: /home/mtouri/spot_ws/install/spot_msgs/share/spot_msgs/srv/ListSounds.idl
[49.183s] -- Symlinking: /home/mtouri/spot_ws/install/spot_msgs/share/spot_msgs/srv/LoadSound.idl
[49.192s] -- Symlinking: /home/mtouri/spot_ws/install/spot_msgs/share/spot_msgs/srv/PlaySound.idl
[49.201s] -- Symlinking: /home/mtouri/spot_ws/install/spot_msgs/share/spot_msgs/srv/DeleteSound.idl
[49.210s] -- Symlinking: /home/mtouri/spot_ws/install/spot_msgs/share/spot_msgs/srv/GetVolume.idl
[49.219s] -- Symlinking: /home/mtouri/spot_ws/install/spot_msgs/share/spot_msgs/srv/SetVolume.idl
[49.229s] -- Symlinking: /home/mtouri/spot_ws/install/spot_msgs/share/spot_msgs/srv/ListPtz.idl
[49.238s] -- Symlinking: /home/mtouri/spot_ws/install/spot_msgs/share/spot_msgs/srv/GetPtzPosition.idl
[49.247s] -- Symlinking: /home/mtouri/spot_ws/install/spot_msgs/share/spot_msgs/srv/SetPtzPosition.idl
[49.255s] -- Symlinking: /home/mtouri/spot_ws/install/spot_msgs/share/spot_msgs/srv/InitializeLens.idl
[49.263s] -- Symlinking: /home/mtouri/spot_ws/install/spot_msgs/share/spot_msgs/srv/DeleteLogpoint.idl
[49.272s] -- Symlinking: /home/mtouri/spot_ws/install/spot_msgs/share/spot_msgs/srv/GetLogpointStatus.idl
[49.280s] -- Symlinking: /home/mtouri/spot_ws/install/spot_msgs/share/spot_msgs/srv/ListCameras.idl
[49.288s] -- Symlinking: /home/mtouri/spot_ws/install/spot_msgs/share/spot_msgs/srv/ListLogpoints.idl
[49.297s] -- Symlinking: /home/mtouri/spot_ws/install/spot_msgs/share/spot_msgs/srv/RetrieveLogpoint.idl
[49.305s] -- Symlinking: /home/mtouri/spot_ws/install/spot_msgs/share/spot_msgs/srv/RobotCommand.idl
[49.313s] -- Symlinking: /home/mtouri/spot_ws/install/spot_msgs/share/spot_msgs/srv/SetGripperAngle.idl
[49.322s] -- Symlinking: /home/mtouri/spot_ws/install/spot_msgs/share/spot_msgs/srv/StoreLogpoint.idl
[49.332s] -- Symlinking: /home/mtouri/spot_ws/install/spot_msgs/share/spot_msgs/srv/TagLogpoint.idl
[49.341s] -- Symlinking: /home/mtouri/spot_ws/install/spot_msgs/share/spot_msgs/srv/GetLEDBrightness.idl
[49.349s] -- Symlinking: /home/mtouri/spot_ws/install/spot_msgs/share/spot_msgs/srv/SetLEDBrightness.idl
[49.358s] -- Symlinking: /home/mtouri/spot_ws/install/spot_msgs/share/spot_msgs/srv/GraphNavUploadGraph.idl
[49.367s] -- Symlinking: /home/mtouri/spot_ws/install/spot_msgs/share/spot_msgs/srv/GraphNavClearGraph.idl
[49.376s] -- Symlinking: /home/mtouri/spot_ws/install/spot_msgs/share/spot_msgs/srv/GraphNavSetLocalization.idl
[49.384s] -- Symlinking: /home/mtouri/spot_ws/install/spot_msgs/share/spot_msgs/srv/GraphNavGetLocalizationPose.idl
[49.393s] -- Symlinking: /home/mtouri/spot_ws/install/spot_msgs/share/spot_msgs/srv/Dock.idl
[49.402s] -- Symlinking: /home/mtouri/spot_ws/install/spot_msgs/share/spot_msgs/srv/GetGripperCameraParameters.idl
[49.410s] -- Symlinking: /home/mtouri/spot_ws/install/spot_msgs/share/spot_msgs/srv/SetGripperCameraParameters.idl
[49.419s] -- Symlinking: /home/mtouri/spot_ws/install/spot_msgs/share/spot_msgs/srv/OverrideGraspOrCarry.idl
[49.427s] -- Symlinking: /home/mtouri/spot_ws/install/spot_msgs/share/spot_msgs/srv/SetStandHeight.idl
[49.436s] -- Symlinking: /home/mtouri/spot_ws/install/spot_msgs/share/spot_msgs/srv/SetStairsMode.idl
[49.444s] -- Symlinking: /home/mtouri/spot_ws/install/spot_msgs/share/spot_msgs/srv/MutateWorldObject.idl
[49.453s] -- Symlinking: /home/mtouri/spot_ws/install/spot_msgs/share/spot_msgs/action/ArmSurfaceContact.idl
[49.461s] -- Symlinking: /home/mtouri/spot_ws/install/spot_msgs/share/spot_msgs/action/ExecuteDance.idl
[49.470s] -- Symlinking: /home/mtouri/spot_ws/install/spot_msgs/share/spot_msgs/action/NavigateTo.idl
[49.478s] -- Symlinking: /home/mtouri/spot_ws/install/spot_msgs/share/spot_msgs/action/RobotCommand.idl
[49.487s] -- Symlinking: /home/mtouri/spot_ws/install/spot_msgs/share/spot_msgs/action/Trajectory.idl
[49.496s] -- Symlinking: /home/mtouri/spot_ws/install/spot_msgs/share/spot_msgs/action/Manipulation.idl
[49.504s] -- Symlinking: /home/mtouri/spot_ws/install/spot_msgs/share/spot_msgs/msg/BatteryStateArray.msg
[49.512s] -- Symlinking: /home/mtouri/spot_ws/install/spot_msgs/share/spot_msgs/msg/BehaviorFault.msg
[49.521s] -- Symlinking: /home/mtouri/spot_ws/install/spot_msgs/share/spot_msgs/msg/EStopStateArray.msg
[49.529s] -- Symlinking: /home/mtouri/spot_ws/install/spot_msgs/share/spot_msgs/msg/FootStateArray.msg
[49.538s] -- Symlinking: /home/mtouri/spot_ws/install/spot_msgs/share/spot_msgs/msg/LeaseArray.msg
[49.547s] -- Symlinking: /home/mtouri/spot_ws/install/spot_msgs/share/spot_msgs/msg/LeaseOwner.msg
[49.555s] -- Symlinking: /home/mtouri/spot_ws/install/spot_msgs/share/spot_msgs/msg/Metrics.msg
[49.563s] -- Symlinking: /home/mtouri/spot_ws/install/spot_msgs/share/spot_msgs/msg/MobilityParams.msg
[49.571s] -- Symlinking: /home/mtouri/spot_ws/install/spot_msgs/share/spot_msgs/msg/SystemFault.msg
[49.580s] -- Symlinking: /home/mtouri/spot_ws/install/spot_msgs/share/spot_msgs/msg/WiFiState.msg
[49.589s] -- Symlinking: /home/mtouri/spot_ws/install/spot_msgs/share/spot_msgs/msg/BatteryState.msg
[49.596s] -- Symlinking: /home/mtouri/spot_ws/install/spot_msgs/share/spot_msgs/msg/BehaviorFaultState.msg
[49.605s] -- Symlinking: /home/mtouri/spot_ws/install/spot_msgs/share/spot_msgs/msg/EStopState.msg
[49.613s] -- Symlinking: /home/mtouri/spot_ws/install/spot_msgs/share/spot_msgs/msg/Feedback.msg
[49.621s] -- Symlinking: /home/mtouri/spot_ws/install/spot_msgs/share/spot_msgs/msg/FootState.msg
[49.630s] -- Symlinking: /home/mtouri/spot_ws/install/spot_msgs/share/spot_msgs/msg/JointCommand.msg
[49.639s] -- Symlinking: /home/mtouri/spot_ws/install/spot_msgs/share/spot_msgs/msg/Lease.msg
[49.648s] -- Symlinking: /home/mtouri/spot_ws/install/spot_msgs/share/spot_msgs/msg/LeaseResource.msg
[49.656s] -- Symlinking: /home/mtouri/spot_ws/install/spot_msgs/share/spot_msgs/msg/PowerState.msg
[49.664s] -- Symlinking: /home/mtouri/spot_ws/install/spot_msgs/share/spot_msgs/msg/SystemFaultState.msg
[49.673s] -- Symlinking: /home/mtouri/spot_ws/install/spot_msgs/share/spot_msgs/srv/AcquireLease.srv
[49.682s] -- Symlinking: /home/mtouri/spot_ws/install/spot_msgs/share/spot_msgs/srv/AcquireLease_Request.msg
[49.690s] -- Symlinking: /home/mtouri/spot_ws/install/spot_msgs/share/spot_msgs/srv/AcquireLease_Response.msg
[49.699s] -- Symlinking: /home/mtouri/spot_ws/install/spot_msgs/share/spot_msgs/srv/ChoreographyRecordedStateToAnimation.srv
[49.708s] -- Symlinking: /home/mtouri/spot_ws/install/spot_msgs/share/spot_msgs/srv/ChoreographyRecordedStateToAnimation_Request.msg
[49.716s] -- Symlinking: /home/mtouri/spot_ws/install/spot_msgs/share/spot_msgs/srv/ChoreographyRecordedStateToAnimation_Response.msg
[49.726s] -- Symlinking: /home/mtouri/spot_ws/install/spot_msgs/share/spot_msgs/srv/ChoreographyStartRecordingState.srv
[49.734s] -- Symlinking: /home/mtouri/spot_ws/install/spot_msgs/share/spot_msgs/srv/ChoreographyStartRecordingState_Request.msg
[49.744s] -- Symlinking: /home/mtouri/spot_ws/install/spot_msgs/share/spot_msgs/srv/ChoreographyStartRecordingState_Response.msg
[49.753s] -- Symlinking: /home/mtouri/spot_ws/install/spot_msgs/share/spot_msgs/srv/ChoreographyStopRecordingState.srv
[49.762s] -- Symlinking: /home/mtouri/spot_ws/install/spot_msgs/share/spot_msgs/srv/ChoreographyStopRecordingState_Request.msg
[49.769s] -- Symlinking: /home/mtouri/spot_ws/install/spot_msgs/share/spot_msgs/srv/ChoreographyStopRecordingState_Response.msg
[49.778s] -- Symlinking: /home/mtouri/spot_ws/install/spot_msgs/share/spot_msgs/srv/GetChoreographyStatus.srv
[49.787s] -- Symlinking: /home/mtouri/spot_ws/install/spot_msgs/share/spot_msgs/srv/GetChoreographyStatus_Request.msg
[49.795s] -- Symlinking: /home/mtouri/spot_ws/install/spot_msgs/share/spot_msgs/srv/GetChoreographyStatus_Response.msg
[49.804s] -- Symlinking: /home/mtouri/spot_ws/install/spot_msgs/share/spot_msgs/srv/GetInverseKinematicSolutions.srv
[49.813s] -- Symlinking: /home/mtouri/spot_ws/install/spot_msgs/share/spot_msgs/srv/GetInverseKinematicSolutions_Request.msg
[49.822s] -- Symlinking: /home/mtouri/spot_ws/install/spot_msgs/share/spot_msgs/srv/GetInverseKinematicSolutions_Response.msg
[49.831s] -- Symlinking: /home/mtouri/spot_ws/install/spot_msgs/share/spot_msgs/srv/ListGraph.srv
[49.839s] -- Symlinking: /home/mtouri/spot_ws/install/spot_msgs/share/spot_msgs/srv/ListGraph_Request.msg
[49.848s] -- Symlinking: /home/mtouri/spot_ws/install/spot_msgs/share/spot_msgs/srv/ListGraph_Response.msg
[49.857s] -- Symlinking: /home/mtouri/spot_ws/install/spot_msgs/share/spot_msgs/srv/ListWorldObjects.srv
[49.866s] -- Symlinking: /home/mtouri/spot_ws/install/spot_msgs/share/spot_msgs/srv/ListWorldObjects_Request.msg
[49.874s] -- Symlinking: /home/mtouri/spot_ws/install/spot_msgs/share/spot_msgs/srv/ListWorldObjects_Response.msg
[49.883s] -- Symlinking: /home/mtouri/spot_ws/install/spot_msgs/share/spot_msgs/srv/ReturnLease.srv
[49.891s] -- Symlinking: /home/mtouri/spot_ws/install/spot_msgs/share/spot_msgs/srv/ReturnLease_Request.msg
[49.901s] -- Symlinking: /home/mtouri/spot_ws/install/spot_msgs/share/spot_msgs/srv/ReturnLease_Response.msg
[49.909s] -- Symlinking: /home/mtouri/spot_ws/install/spot_msgs/share/spot_msgs/srv/SetLocomotion.srv
[49.917s] -- Symlinking: /home/mtouri/spot_ws/install/spot_msgs/share/spot_msgs/srv/SetLocomotion_Request.msg
[49.926s] -- Symlinking: /home/mtouri/spot_ws/install/spot_msgs/share/spot_msgs/srv/SetLocomotion_Response.msg
[49.934s] -- Symlinking: /home/mtouri/spot_ws/install/spot_msgs/share/spot_msgs/srv/SetVelocity.srv
[49.943s] -- Symlinking: /home/mtouri/spot_ws/install/spot_msgs/share/spot_msgs/srv/SetVelocity_Request.msg
[49.951s] -- Symlinking: /home/mtouri/spot_ws/install/spot_msgs/share/spot_msgs/srv/SetVelocity_Response.msg
[49.959s] -- Symlinking: /home/mtouri/spot_ws/install/spot_msgs/share/spot_msgs/srv/ListAllDances.srv
[49.967s] -- Symlinking: /home/mtouri/spot_ws/install/spot_msgs/share/spot_msgs/srv/ListAllDances_Request.msg
[49.976s] -- Symlinking: /home/mtouri/spot_ws/install/spot_msgs/share/spot_msgs/srv/ListAllDances_Response.msg
[49.985s] -- Symlinking: /home/mtouri/spot_ws/install/spot_msgs/share/spot_msgs/srv/ListAllMoves.srv
[49.994s] -- Symlinking: /home/mtouri/spot_ws/install/spot_msgs/share/spot_msgs/srv/ListAllMoves_Request.msg
[50.004s] -- Symlinking: /home/mtouri/spot_ws/install/spot_msgs/share/spot_msgs/srv/ListAllMoves_Response.msg
[50.012s] -- Symlinking: /home/mtouri/spot_ws/install/spot_msgs/share/spot_msgs/srv/UploadAnimation.srv
[50.022s] -- Symlinking: /home/mtouri/spot_ws/install/spot_msgs/share/spot_msgs/srv/UploadAnimation_Request.msg
[50.033s] -- Symlinking: /home/mtouri/spot_ws/install/spot_msgs/share/spot_msgs/srv/UploadAnimation_Response.msg
[50.042s] -- Symlinking: /home/mtouri/spot_ws/install/spot_msgs/share/spot_msgs/srv/UploadSequence.srv
[50.052s] -- Symlinking: /home/mtouri/spot_ws/install/spot_msgs/share/spot_msgs/srv/UploadSequence_Request.msg
[50.061s] -- Symlinking: /home/mtouri/spot_ws/install/spot_msgs/share/spot_msgs/srv/UploadSequence_Response.msg
[50.070s] -- Symlinking: /home/mtouri/spot_ws/install/spot_msgs/share/spot_msgs/srv/ClearBehaviorFault.srv
[50.079s] -- Symlinking: /home/mtouri/spot_ws/install/spot_msgs/share/spot_msgs/srv/ClearBehaviorFault_Request.msg
[50.089s] -- Symlinking: /home/mtouri/spot_ws/install/spot_msgs/share/spot_msgs/srv/ClearBehaviorFault_Response.msg
[50.099s] -- Symlinking: /home/mtouri/spot_ws/install/spot_msgs/share/spot_msgs/srv/ListSounds.srv
[50.108s] -- Symlinking: /home/mtouri/spot_ws/install/spot_msgs/share/spot_msgs/srv/ListSounds_Request.msg
[50.116s] -- Symlinking: /home/mtouri/spot_ws/install/spot_msgs/share/spot_msgs/srv/ListSounds_Response.msg
[50.127s] -- Symlinking: /home/mtouri/spot_ws/install/spot_msgs/share/spot_msgs/srv/LoadSound.srv
[50.137s] -- Symlinking: /home/mtouri/spot_ws/install/spot_msgs/share/spot_msgs/srv/LoadSound_Request.msg
[50.145s] -- Symlinking: /home/mtouri/spot_ws/install/spot_msgs/share/spot_msgs/srv/LoadSound_Response.msg
[50.154s] -- Symlinking: /home/mtouri/spot_ws/install/spot_msgs/share/spot_msgs/srv/PlaySound.srv
[50.164s] -- Symlinking: /home/mtouri/spot_ws/install/spot_msgs/share/spot_msgs/srv/PlaySound_Request.msg
[50.176s] -- Symlinking: /home/mtouri/spot_ws/install/spot_msgs/share/spot_msgs/srv/PlaySound_Response.msg
[50.184s] -- Symlinking: /home/mtouri/spot_ws/install/spot_msgs/share/spot_msgs/srv/DeleteSound.srv
[50.195s] -- Symlinking: /home/mtouri/spot_ws/install/spot_msgs/share/spot_msgs/srv/DeleteSound_Request.msg
[50.204s] -- Symlinking: /home/mtouri/spot_ws/install/spot_msgs/share/spot_msgs/srv/DeleteSound_Response.msg
[50.214s] -- Symlinking: /home/mtouri/spot_ws/install/spot_msgs/share/spot_msgs/srv/GetVolume.srv
[50.224s] -- Symlinking: /home/mtouri/spot_ws/install/spot_msgs/share/spot_msgs/srv/GetVolume_Request.msg
[50.234s] -- Symlinking: /home/mtouri/spot_ws/install/spot_msgs/share/spot_msgs/srv/GetVolume_Response.msg
[50.243s] -- Symlinking: /home/mtouri/spot_ws/install/spot_msgs/share/spot_msgs/srv/SetVolume.srv
[50.251s] -- Symlinking: /home/mtouri/spot_ws/install/spot_msgs/share/spot_msgs/srv/SetVolume_Request.msg
[50.261s] -- Symlinking: /home/mtouri/spot_ws/install/spot_msgs/share/spot_msgs/srv/SetVolume_Response.msg
[50.270s] -- Symlinking: /home/mtouri/spot_ws/install/spot_msgs/share/spot_msgs/srv/ListPtz.srv
[50.281s] -- Symlinking: /home/mtouri/spot_ws/install/spot_msgs/share/spot_msgs/srv/ListPtz_Request.msg
[50.290s] -- Symlinking: /home/mtouri/spot_ws/install/spot_msgs/share/spot_msgs/srv/ListPtz_Response.msg
[50.299s] -- Symlinking: /home/mtouri/spot_ws/install/spot_msgs/share/spot_msgs/srv/GetPtzPosition.srv
[50.308s] -- Symlinking: /home/mtouri/spot_ws/install/spot_msgs/share/spot_msgs/srv/GetPtzPosition_Request.msg
[50.318s] -- Symlinking: /home/mtouri/spot_ws/install/spot_msgs/share/spot_msgs/srv/GetPtzPosition_Response.msg
[50.328s] -- Symlinking: /home/mtouri/spot_ws/install/spot_msgs/share/spot_msgs/srv/SetPtzPosition.srv
[50.338s] -- Symlinking: /home/mtouri/spot_ws/install/spot_msgs/share/spot_msgs/srv/SetPtzPosition_Request.msg
[50.347s] -- Symlinking: /home/mtouri/spot_ws/install/spot_msgs/share/spot_msgs/srv/SetPtzPosition_Response.msg
[50.356s] -- Symlinking: /home/mtouri/spot_ws/install/spot_msgs/share/spot_msgs/srv/InitializeLens.srv
[50.366s] -- Symlinking: /home/mtouri/spot_ws/install/spot_msgs/share/spot_msgs/srv/InitializeLens_Request.msg
[50.375s] -- Symlinking: /home/mtouri/spot_ws/install/spot_msgs/share/spot_msgs/srv/InitializeLens_Response.msg
[50.385s] -- Symlinking: /home/mtouri/spot_ws/install/spot_msgs/share/spot_msgs/srv/DeleteLogpoint.srv
[50.395s] -- Symlinking: /home/mtouri/spot_ws/install/spot_msgs/share/spot_msgs/srv/DeleteLogpoint_Request.msg
[50.404s] -- Symlinking: /home/mtouri/spot_ws/install/spot_msgs/share/spot_msgs/srv/DeleteLogpoint_Response.msg
[50.412s] -- Symlinking: /home/mtouri/spot_ws/install/spot_msgs/share/spot_msgs/srv/GetLogpointStatus.srv
[50.420s] -- Symlinking: /home/mtouri/spot_ws/install/spot_msgs/share/spot_msgs/srv/GetLogpointStatus_Request.msg
[50.429s] -- Symlinking: /home/mtouri/spot_ws/install/spot_msgs/share/spot_msgs/srv/GetLogpointStatus_Response.msg
[50.437s] -- Symlinking: /home/mtouri/spot_ws/install/spot_msgs/share/spot_msgs/srv/ListCameras.srv
[50.445s] -- Symlinking: /home/mtouri/spot_ws/install/spot_msgs/share/spot_msgs/srv/ListCameras_Request.msg
[50.455s] -- Symlinking: /home/mtouri/spot_ws/install/spot_msgs/share/spot_msgs/srv/ListCameras_Response.msg
[50.463s] -- Symlinking: /home/mtouri/spot_ws/install/spot_msgs/share/spot_msgs/srv/ListLogpoints.srv
[50.472s] -- Symlinking: /home/mtouri/spot_ws/install/spot_msgs/share/spot_msgs/srv/ListLogpoints_Request.msg
[50.481s] -- Symlinking: /home/mtouri/spot_ws/install/spot_msgs/share/spot_msgs/srv/ListLogpoints_Response.msg
[50.491s] -- Symlinking: /home/mtouri/spot_ws/install/spot_msgs/share/spot_msgs/srv/RetrieveLogpoint.srv
[50.499s] -- Symlinking: /home/mtouri/spot_ws/install/spot_msgs/share/spot_msgs/srv/RetrieveLogpoint_Request.msg
[50.508s] -- Symlinking: /home/mtouri/spot_ws/install/spot_msgs/share/spot_msgs/srv/RetrieveLogpoint_Response.msg
[50.516s] -- Symlinking: /home/mtouri/spot_ws/install/spot_msgs/share/spot_msgs/srv/RobotCommand.srv
[50.524s] -- Symlinking: /home/mtouri/spot_ws/install/spot_msgs/share/spot_msgs/srv/RobotCommand_Request.msg
[50.533s] -- Symlinking: /home/mtouri/spot_ws/install/spot_msgs/share/spot_msgs/srv/RobotCommand_Response.msg
[50.540s] -- Symlinking: /home/mtouri/spot_ws/install/spot_msgs/share/spot_msgs/srv/SetGripperAngle.srv
[50.548s] -- Symlinking: /home/mtouri/spot_ws/install/spot_msgs/share/spot_msgs/srv/SetGripperAngle_Request.msg
[50.555s] -- Symlinking: /home/mtouri/spot_ws/install/spot_msgs/share/spot_msgs/srv/SetGripperAngle_Response.msg
[50.564s] -- Symlinking: /home/mtouri/spot_ws/install/spot_msgs/share/spot_msgs/srv/StoreLogpoint.srv
[50.571s] -- Symlinking: /home/mtouri/spot_ws/install/spot_msgs/share/spot_msgs/srv/StoreLogpoint_Request.msg
[50.579s] -- Symlinking: /home/mtouri/spot_ws/install/spot_msgs/share/spot_msgs/srv/StoreLogpoint_Response.msg
[50.587s] -- Symlinking: /home/mtouri/spot_ws/install/spot_msgs/share/spot_msgs/srv/TagLogpoint.srv
[50.595s] -- Symlinking: /home/mtouri/spot_ws/install/spot_msgs/share/spot_msgs/srv/TagLogpoint_Request.msg
[50.603s] -- Symlinking: /home/mtouri/spot_ws/install/spot_msgs/share/spot_msgs/srv/TagLogpoint_Response.msg
[50.611s] -- Symlinking: /home/mtouri/spot_ws/install/spot_msgs/share/spot_msgs/srv/GetLEDBrightness.srv
[50.619s] -- Symlinking: /home/mtouri/spot_ws/install/spot_msgs/share/spot_msgs/srv/GetLEDBrightness_Request.msg
[50.627s] -- Symlinking: /home/mtouri/spot_ws/install/spot_msgs/share/spot_msgs/srv/GetLEDBrightness_Response.msg
[50.636s] -- Symlinking: /home/mtouri/spot_ws/install/spot_msgs/share/spot_msgs/srv/SetLEDBrightness.srv
[50.644s] -- Symlinking: /home/mtouri/spot_ws/install/spot_msgs/share/spot_msgs/srv/SetLEDBrightness_Request.msg
[50.653s] -- Symlinking: /home/mtouri/spot_ws/install/spot_msgs/share/spot_msgs/srv/SetLEDBrightness_Response.msg
[50.661s] -- Symlinking: /home/mtouri/spot_ws/install/spot_msgs/share/spot_msgs/srv/GraphNavUploadGraph.srv
[50.669s] -- Symlinking: /home/mtouri/spot_ws/install/spot_msgs/share/spot_msgs/srv/GraphNavUploadGraph_Request.msg
[50.676s] -- Symlinking: /home/mtouri/spot_ws/install/spot_msgs/share/spot_msgs/srv/GraphNavUploadGraph_Response.msg
[50.684s] -- Symlinking: /home/mtouri/spot_ws/install/spot_msgs/share/spot_msgs/srv/GraphNavClearGraph.srv
[50.693s] -- Symlinking: /home/mtouri/spot_ws/install/spot_msgs/share/spot_msgs/srv/GraphNavClearGraph_Request.msg
[50.701s] -- Symlinking: /home/mtouri/spot_ws/install/spot_msgs/share/spot_msgs/srv/GraphNavClearGraph_Response.msg
[50.709s] -- Symlinking: /home/mtouri/spot_ws/install/spot_msgs/share/spot_msgs/srv/GraphNavSetLocalization.srv
[50.716s] -- Symlinking: /home/mtouri/spot_ws/install/spot_msgs/share/spot_msgs/srv/GraphNavSetLocalization_Request.msg
[50.724s] -- Symlinking: /home/mtouri/spot_ws/install/spot_msgs/share/spot_msgs/srv/GraphNavSetLocalization_Response.msg
[50.733s] -- Symlinking: /home/mtouri/spot_ws/install/spot_msgs/share/spot_msgs/srv/GraphNavGetLocalizationPose.srv
[50.741s] -- Symlinking: /home/mtouri/spot_ws/install/spot_msgs/share/spot_msgs/srv/GraphNavGetLocalizationPose_Request.msg
[50.749s] -- Symlinking: /home/mtouri/spot_ws/install/spot_msgs/share/spot_msgs/srv/GraphNavGetLocalizationPose_Response.msg
[50.757s] -- Symlinking: /home/mtouri/spot_ws/install/spot_msgs/share/spot_msgs/srv/Dock.srv
[50.766s] -- Symlinking: /home/mtouri/spot_ws/install/spot_msgs/share/spot_msgs/srv/Dock_Request.msg
[50.774s] -- Symlinking: /home/mtouri/spot_ws/install/spot_msgs/share/spot_msgs/srv/Dock_Response.msg
[50.783s] -- Symlinking: /home/mtouri/spot_ws/install/spot_msgs/share/spot_msgs/srv/GetGripperCameraParameters.srv
[50.791s] -- Symlinking: /home/mtouri/spot_ws/install/spot_msgs/share/spot_msgs/srv/GetGripperCameraParameters_Request.msg
[50.800s] -- Symlinking: /home/mtouri/spot_ws/install/spot_msgs/share/spot_msgs/srv/GetGripperCameraParameters_Response.msg
[50.808s] -- Symlinking: /home/mtouri/spot_ws/install/spot_msgs/share/spot_msgs/srv/SetGripperCameraParameters.srv
[50.817s] -- Symlinking: /home/mtouri/spot_ws/install/spot_msgs/share/spot_msgs/srv/SetGripperCameraParameters_Request.msg
[50.826s] -- Symlinking: /home/mtouri/spot_ws/install/spot_msgs/share/spot_msgs/srv/SetGripperCameraParameters_Response.msg
[50.835s] -- Symlinking: /home/mtouri/spot_ws/install/spot_msgs/share/spot_msgs/srv/OverrideGraspOrCarry.srv
[50.845s] -- Symlinking: /home/mtouri/spot_ws/install/spot_msgs/share/spot_msgs/srv/OverrideGraspOrCarry_Request.msg
[50.853s] -- Symlinking: /home/mtouri/spot_ws/install/spot_msgs/share/spot_msgs/srv/OverrideGraspOrCarry_Response.msg
[50.863s] -- Symlinking: /home/mtouri/spot_ws/install/spot_msgs/share/spot_msgs/srv/SetStandHeight.srv
[50.871s] -- Symlinking: /home/mtouri/spot_ws/install/spot_msgs/share/spot_msgs/srv/SetStandHeight_Request.msg
[50.879s] -- Symlinking: /home/mtouri/spot_ws/install/spot_msgs/share/spot_msgs/srv/SetStandHeight_Response.msg
[50.886s] -- Symlinking: /home/mtouri/spot_ws/install/spot_msgs/share/spot_msgs/srv/SetStairsMode.srv
[50.895s] -- Symlinking: /home/mtouri/spot_ws/install/spot_msgs/share/spot_msgs/srv/SetStairsMode_Request.msg
[50.903s] -- Symlinking: /home/mtouri/spot_ws/install/spot_msgs/share/spot_msgs/srv/SetStairsMode_Response.msg
[50.913s] -- Symlinking: /home/mtouri/spot_ws/install/spot_msgs/share/spot_msgs/srv/MutateWorldObject.srv
[50.920s] -- Symlinking: /home/mtouri/spot_ws/install/spot_msgs/share/spot_msgs/srv/MutateWorldObject_Request.msg
[50.929s] -- Symlinking: /home/mtouri/spot_ws/install/spot_msgs/share/spot_msgs/srv/MutateWorldObject_Response.msg
[50.937s] -- Symlinking: /home/mtouri/spot_ws/install/spot_msgs/share/spot_msgs/action/ArmSurfaceContact.action
[50.945s] -- Symlinking: /home/mtouri/spot_ws/install/spot_msgs/share/spot_msgs/action/ExecuteDance.action
[50.953s] -- Symlinking: /home/mtouri/spot_ws/install/spot_msgs/share/spot_msgs/action/NavigateTo.action
[50.960s] -- Symlinking: /home/mtouri/spot_ws/install/spot_msgs/share/spot_msgs/action/RobotCommand.action
[50.968s] -- Symlinking: /home/mtouri/spot_ws/install/spot_msgs/share/spot_msgs/action/Trajectory.action
[50.976s] -- Symlinking: /home/mtouri/spot_ws/install/spot_msgs/share/spot_msgs/action/Manipulation.action
[50.984s] -- Symlinking: /home/mtouri/spot_ws/install/spot_msgs/share/ament_index/resource_index/package_run_dependencies/spot_msgs
[50.991s] -- Symlinking: /home/mtouri/spot_ws/install/spot_msgs/share/ament_index/resource_index/parent_prefix_path/spot_msgs
[50.999s] -- Symlinking: /home/mtouri/spot_ws/install/spot_msgs/share/spot_msgs/environment/ament_prefix_path.sh
[51.008s] -- Symlinking: /home/mtouri/spot_ws/install/spot_msgs/share/spot_msgs/environment/ament_prefix_path.dsv
[51.016s] -- Symlinking: /home/mtouri/spot_ws/install/spot_msgs/share/spot_msgs/environment/path.sh
[51.024s] -- Symlinking: /home/mtouri/spot_ws/install/spot_msgs/share/spot_msgs/environment/path.dsv
[51.034s] -- Symlinking: /home/mtouri/spot_ws/install/spot_msgs/share/spot_msgs/local_setup.bash
[51.042s] -- Symlinking: /home/mtouri/spot_ws/install/spot_msgs/share/spot_msgs/local_setup.sh
[51.049s] -- Symlinking: /home/mtouri/spot_ws/install/spot_msgs/share/spot_msgs/local_setup.zsh
[51.058s] -- Symlinking: /home/mtouri/spot_ws/install/spot_msgs/share/spot_msgs/local_setup.dsv
[51.066s] -- Symlinking: /home/mtouri/spot_ws/install/spot_msgs/share/spot_msgs/package.dsv
[51.073s] -- Symlinking: /home/mtouri/spot_ws/install/spot_msgs/share/ament_index/resource_index/packages/spot_msgs
[51.081s] -- Symlinking: /home/mtouri/spot_ws/install/spot_msgs/share/spot_msgs/cmake/rosidl_cmake-extras.cmake
[51.088s] -- Symlinking: /home/mtouri/spot_ws/install/spot_msgs/share/spot_msgs/cmake/ament_cmake_export_dependencies-extras.cmake
[51.096s] -- Symlinking: /home/mtouri/spot_ws/install/spot_msgs/share/spot_msgs/cmake/ament_cmake_export_include_directories-extras.cmake
[51.104s] -- Symlinking: /home/mtouri/spot_ws/install/spot_msgs/share/spot_msgs/cmake/ament_cmake_export_libraries-extras.cmake
[51.112s] -- Symlinking: /home/mtouri/spot_ws/install/spot_msgs/share/spot_msgs/cmake/ament_cmake_export_targets-extras.cmake
[51.120s] -- Symlinking: /home/mtouri/spot_ws/install/spot_msgs/share/spot_msgs/cmake/rosidl_cmake_export_typesupport_targets-extras.cmake
[51.129s] -- Symlinking: /home/mtouri/spot_ws/install/spot_msgs/share/spot_msgs/cmake/rosidl_cmake_export_typesupport_libraries-extras.cmake
[51.136s] -- Symlinking: /home/mtouri/spot_ws/install/spot_msgs/share/spot_msgs/cmake/spot_msgsConfig.cmake
[51.144s] -- Symlinking: /home/mtouri/spot_ws/install/spot_msgs/share/spot_msgs/cmake/spot_msgsConfig-version.cmake
[51.152s] -- Symlinking: /home/mtouri/spot_ws/install/spot_msgs/share/spot_msgs/package.xml
[51.160s] -- Installing: /home/mtouri/spot_ws/install/spot_msgs/lib/libspot_msgs__rosidl_generator_c.so
[51.162s] -- Set runtime path of "/home/mtouri/spot_ws/install/spot_msgs/lib/libspot_msgs__rosidl_generator_c.so" to ""
[51.162s] -- Installing: /home/mtouri/spot_ws/install/spot_msgs/lib/libspot_msgs__rosidl_typesupport_fastrtps_c.so
[51.163s] -- Set runtime path of "/home/mtouri/spot_ws/install/spot_msgs/lib/libspot_msgs__rosidl_typesupport_fastrtps_c.so" to ""
[51.163s] -- Installing: /home/mtouri/spot_ws/install/spot_msgs/lib/libspot_msgs__rosidl_typesupport_fastrtps_cpp.so
[51.164s] -- Set runtime path of "/home/mtouri/spot_ws/install/spot_msgs/lib/libspot_msgs__rosidl_typesupport_fastrtps_cpp.so" to ""
[51.164s] -- Installing: /home/mtouri/spot_ws/install/spot_msgs/lib/libspot_msgs__rosidl_typesupport_introspection_c.so
[51.165s] -- Set runtime path of "/home/mtouri/spot_ws/install/spot_msgs/lib/libspot_msgs__rosidl_typesupport_introspection_c.so" to ""
[51.165s] -- Installing: /home/mtouri/spot_ws/install/spot_msgs/lib/libspot_msgs__rosidl_typesupport_c.so
[51.166s] -- Set runtime path of "/home/mtouri/spot_ws/install/spot_msgs/lib/libspot_msgs__rosidl_typesupport_c.so" to ""
[51.166s] -- Installing: /home/mtouri/spot_ws/install/spot_msgs/lib/libspot_msgs__rosidl_typesupport_introspection_cpp.so
[51.168s] -- Set runtime path of "/home/mtouri/spot_ws/install/spot_msgs/lib/libspot_msgs__rosidl_typesupport_introspection_cpp.so" to ""
[51.168s] -- Installing: /home/mtouri/spot_ws/install/spot_msgs/lib/libspot_msgs__rosidl_typesupport_cpp.so
[51.169s] -- Set runtime path of "/home/mtouri/spot_ws/install/spot_msgs/lib/libspot_msgs__rosidl_typesupport_cpp.so" to ""
[51.258s] Listing '/home/mtouri/spot_ws/install/spot_msgs/local/lib/python3.10/dist-packages/spot_msgs'...
[51.258s] Compiling '/home/mtouri/spot_ws/install/spot_msgs/local/lib/python3.10/dist-packages/spot_msgs/__init__.py'...
[51.259s] Listing '/home/mtouri/spot_ws/install/spot_msgs/local/lib/python3.10/dist-packages/spot_msgs/action'...
[51.259s] Compiling '/home/mtouri/spot_ws/install/spot_msgs/local/lib/python3.10/dist-packages/spot_msgs/action/__init__.py'...
[51.259s] Compiling '/home/mtouri/spot_ws/install/spot_msgs/local/lib/python3.10/dist-packages/spot_msgs/action/_arm_surface_contact.py'...
[51.259s] Compiling '/home/mtouri/spot_ws/install/spot_msgs/local/lib/python3.10/dist-packages/spot_msgs/action/_execute_dance.py'...
[51.259s] Compiling '/home/mtouri/spot_ws/install/spot_msgs/local/lib/python3.10/dist-packages/spot_msgs/action/_manipulation.py'...
[51.259s] Compiling '/home/mtouri/spot_ws/install/spot_msgs/local/lib/python3.10/dist-packages/spot_msgs/action/_navigate_to.py'...
[51.259s] Compiling '/home/mtouri/spot_ws/install/spot_msgs/local/lib/python3.10/dist-packages/spot_msgs/action/_robot_command.py'...
[51.259s] Compiling '/home/mtouri/spot_ws/install/spot_msgs/local/lib/python3.10/dist-packages/spot_msgs/action/_trajectory.py'...
[51.259s] Listing '/home/mtouri/spot_ws/install/spot_msgs/local/lib/python3.10/dist-packages/spot_msgs/msg'...
[51.259s] Compiling '/home/mtouri/spot_ws/install/spot_msgs/local/lib/python3.10/dist-packages/spot_msgs/msg/__init__.py'...
[51.259s] Compiling '/home/mtouri/spot_ws/install/spot_msgs/local/lib/python3.10/dist-packages/spot_msgs/msg/_battery_state.py'...
[51.259s] Compiling '/home/mtouri/spot_ws/install/spot_msgs/local/lib/python3.10/dist-packages/spot_msgs/msg/_battery_state_array.py'...
[51.259s] Compiling '/home/mtouri/spot_ws/install/spot_msgs/local/lib/python3.10/dist-packages/spot_msgs/msg/_behavior_fault.py'...
[51.259s] Compiling '/home/mtouri/spot_ws/install/spot_msgs/local/lib/python3.10/dist-packages/spot_msgs/msg/_behavior_fault_state.py'...
[51.259s] Compiling '/home/mtouri/spot_ws/install/spot_msgs/local/lib/python3.10/dist-packages/spot_msgs/msg/_e_stop_state.py'...
[51.259s] Compiling '/home/mtouri/spot_ws/install/spot_msgs/local/lib/python3.10/dist-packages/spot_msgs/msg/_e_stop_state_array.py'...
[51.260s] Compiling '/home/mtouri/spot_ws/install/spot_msgs/local/lib/python3.10/dist-packages/spot_msgs/msg/_feedback.py'...
[51.260s] Compiling '/home/mtouri/spot_ws/install/spot_msgs/local/lib/python3.10/dist-packages/spot_msgs/msg/_foot_state.py'...
[51.260s] Compiling '/home/mtouri/spot_ws/install/spot_msgs/local/lib/python3.10/dist-packages/spot_msgs/msg/_foot_state_array.py'...
[51.260s] Compiling '/home/mtouri/spot_ws/install/spot_msgs/local/lib/python3.10/dist-packages/spot_msgs/msg/_joint_command.py'...
[51.260s] Compiling '/home/mtouri/spot_ws/install/spot_msgs/local/lib/python3.10/dist-packages/spot_msgs/msg/_lease.py'...
[51.260s] Compiling '/home/mtouri/spot_ws/install/spot_msgs/local/lib/python3.10/dist-packages/spot_msgs/msg/_lease_array.py'...
[51.260s] Compiling '/home/mtouri/spot_ws/install/spot_msgs/local/lib/python3.10/dist-packages/spot_msgs/msg/_lease_owner.py'...
[51.260s] Compiling '/home/mtouri/spot_ws/install/spot_msgs/local/lib/python3.10/dist-packages/spot_msgs/msg/_lease_resource.py'...
[51.260s] Compiling '/home/mtouri/spot_ws/install/spot_msgs/local/lib/python3.10/dist-packages/spot_msgs/msg/_metrics.py'...
[51.260s] Compiling '/home/mtouri/spot_ws/install/spot_msgs/local/lib/python3.10/dist-packages/spot_msgs/msg/_mobility_params.py'...
[51.260s] Compiling '/home/mtouri/spot_ws/install/spot_msgs/local/lib/python3.10/dist-packages/spot_msgs/msg/_power_state.py'...
[51.260s] Compiling '/home/mtouri/spot_ws/install/spot_msgs/local/lib/python3.10/dist-packages/spot_msgs/msg/_system_fault.py'...
[51.260s] Compiling '/home/mtouri/spot_ws/install/spot_msgs/local/lib/python3.10/dist-packages/spot_msgs/msg/_system_fault_state.py'...
[51.260s] Compiling '/home/mtouri/spot_ws/install/spot_msgs/local/lib/python3.10/dist-packages/spot_msgs/msg/_wi_fi_state.py'...
[51.260s] Listing '/home/mtouri/spot_ws/install/spot_msgs/local/lib/python3.10/dist-packages/spot_msgs/srv'...
[51.260s] Compiling '/home/mtouri/spot_ws/install/spot_msgs/local/lib/python3.10/dist-packages/spot_msgs/srv/__init__.py'...
[51.260s] Compiling '/home/mtouri/spot_ws/install/spot_msgs/local/lib/python3.10/dist-packages/spot_msgs/srv/_acquire_lease.py'...
[51.260s] Compiling '/home/mtouri/spot_ws/install/spot_msgs/local/lib/python3.10/dist-packages/spot_msgs/srv/_choreography_recorded_state_to_animation.py'...
[51.260s] Compiling '/home/mtouri/spot_ws/install/spot_msgs/local/lib/python3.10/dist-packages/spot_msgs/srv/_choreography_start_recording_state.py'...
[51.260s] Compiling '/home/mtouri/spot_ws/install/spot_msgs/local/lib/python3.10/dist-packages/spot_msgs/srv/_choreography_stop_recording_state.py'...
[51.260s] Compiling '/home/mtouri/spot_ws/install/spot_msgs/local/lib/python3.10/dist-packages/spot_msgs/srv/_clear_behavior_fault.py'...
[51.260s] Compiling '/home/mtouri/spot_ws/install/spot_msgs/local/lib/python3.10/dist-packages/spot_msgs/srv/_delete_logpoint.py'...
[51.260s] Compiling '/home/mtouri/spot_ws/install/spot_msgs/local/lib/python3.10/dist-packages/spot_msgs/srv/_delete_sound.py'...
[51.260s] Compiling '/home/mtouri/spot_ws/install/spot_msgs/local/lib/python3.10/dist-packages/spot_msgs/srv/_dock.py'...
[51.260s] Compiling '/home/mtouri/spot_ws/install/spot_msgs/local/lib/python3.10/dist-packages/spot_msgs/srv/_get_choreography_status.py'...
[51.260s] Compiling '/home/mtouri/spot_ws/install/spot_msgs/local/lib/python3.10/dist-packages/spot_msgs/srv/_get_gripper_camera_parameters.py'...
[51.260s] Compiling '/home/mtouri/spot_ws/install/spot_msgs/local/lib/python3.10/dist-packages/spot_msgs/srv/_get_inverse_kinematic_solutions.py'...
[51.260s] Compiling '/home/mtouri/spot_ws/install/spot_msgs/local/lib/python3.10/dist-packages/spot_msgs/srv/_get_led_brightness.py'...
[51.260s] Compiling '/home/mtouri/spot_ws/install/spot_msgs/local/lib/python3.10/dist-packages/spot_msgs/srv/_get_logpoint_status.py'...
[51.260s] Compiling '/home/mtouri/spot_ws/install/spot_msgs/local/lib/python3.10/dist-packages/spot_msgs/srv/_get_ptz_position.py'...
[51.260s] Compiling '/home/mtouri/spot_ws/install/spot_msgs/local/lib/python3.10/dist-packages/spot_msgs/srv/_get_volume.py'...
[51.260s] Compiling '/home/mtouri/spot_ws/install/spot_msgs/local/lib/python3.10/dist-packages/spot_msgs/srv/_graph_nav_clear_graph.py'...
[51.260s] Compiling '/home/mtouri/spot_ws/install/spot_msgs/local/lib/python3.10/dist-packages/spot_msgs/srv/_graph_nav_get_localization_pose.py'...
[51.261s] Compiling '/home/mtouri/spot_ws/install/spot_msgs/local/lib/python3.10/dist-packages/spot_msgs/srv/_graph_nav_set_localization.py'...
[51.261s] Compiling '/home/mtouri/spot_ws/install/spot_msgs/local/lib/python3.10/dist-packages/spot_msgs/srv/_graph_nav_upload_graph.py'...
[51.261s] Compiling '/home/mtouri/spot_ws/install/spot_msgs/local/lib/python3.10/dist-packages/spot_msgs/srv/_initialize_lens.py'...
[51.261s] Compiling '/home/mtouri/spot_ws/install/spot_msgs/local/lib/python3.10/dist-packages/spot_msgs/srv/_list_all_dances.py'...
[51.261s] Compiling '/home/mtouri/spot_ws/install/spot_msgs/local/lib/python3.10/dist-packages/spot_msgs/srv/_list_all_moves.py'...
[51.261s] Compiling '/home/mtouri/spot_ws/install/spot_msgs/local/lib/python3.10/dist-packages/spot_msgs/srv/_list_cameras.py'...
[51.261s] Compiling '/home/mtouri/spot_ws/install/spot_msgs/local/lib/python3.10/dist-packages/spot_msgs/srv/_list_graph.py'...
[51.261s] Compiling '/home/mtouri/spot_ws/install/spot_msgs/local/lib/python3.10/dist-packages/spot_msgs/srv/_list_logpoints.py'...
[51.261s] Compiling '/home/mtouri/spot_ws/install/spot_msgs/local/lib/python3.10/dist-packages/spot_msgs/srv/_list_ptz.py'...
[51.261s] Compiling '/home/mtouri/spot_ws/install/spot_msgs/local/lib/python3.10/dist-packages/spot_msgs/srv/_list_sounds.py'...
[51.261s] Compiling '/home/mtouri/spot_ws/install/spot_msgs/local/lib/python3.10/dist-packages/spot_msgs/srv/_list_world_objects.py'...
[51.261s] Compiling '/home/mtouri/spot_ws/install/spot_msgs/local/lib/python3.10/dist-packages/spot_msgs/srv/_load_sound.py'...
[51.261s] Compiling '/home/mtouri/spot_ws/install/spot_msgs/local/lib/python3.10/dist-packages/spot_msgs/srv/_mutate_world_object.py'...
[51.261s] Compiling '/home/mtouri/spot_ws/install/spot_msgs/local/lib/python3.10/dist-packages/spot_msgs/srv/_override_grasp_or_carry.py'...
[51.261s] Compiling '/home/mtouri/spot_ws/install/spot_msgs/local/lib/python3.10/dist-packages/spot_msgs/srv/_play_sound.py'...
[51.273s] Compiling '/home/mtouri/spot_ws/install/spot_msgs/local/lib/python3.10/dist-packages/spot_msgs/srv/_retrieve_logpoint.py'...
[51.274s] Compiling '/home/mtouri/spot_ws/install/spot_msgs/local/lib/python3.10/dist-packages/spot_msgs/srv/_return_lease.py'...
[51.274s] Compiling '/home/mtouri/spot_ws/install/spot_msgs/local/lib/python3.10/dist-packages/spot_msgs/srv/_robot_command.py'...
[51.274s] Compiling '/home/mtouri/spot_ws/install/spot_msgs/local/lib/python3.10/dist-packages/spot_msgs/srv/_set_gripper_angle.py'...
[51.274s] Compiling '/home/mtouri/spot_ws/install/spot_msgs/local/lib/python3.10/dist-packages/spot_msgs/srv/_set_gripper_camera_parameters.py'...
[51.274s] Compiling '/home/mtouri/spot_ws/install/spot_msgs/local/lib/python3.10/dist-packages/spot_msgs/srv/_set_led_brightness.py'...
[51.274s] Compiling '/home/mtouri/spot_ws/install/spot_msgs/local/lib/python3.10/dist-packages/spot_msgs/srv/_set_locomotion.py'...
[51.274s] Compiling '/home/mtouri/spot_ws/install/spot_msgs/local/lib/python3.10/dist-packages/spot_msgs/srv/_set_ptz_position.py'...
[51.274s] Compiling '/home/mtouri/spot_ws/install/spot_msgs/local/lib/python3.10/dist-packages/spot_msgs/srv/_set_stairs_mode.py'...
[51.274s] Compiling '/home/mtouri/spot_ws/install/spot_msgs/local/lib/python3.10/dist-packages/spot_msgs/srv/_set_stand_height.py'...
[51.274s] Compiling '/home/mtouri/spot_ws/install/spot_msgs/local/lib/python3.10/dist-packages/spot_msgs/srv/_set_velocity.py'...
[51.274s] Compiling '/home/mtouri/spot_ws/install/spot_msgs/local/lib/python3.10/dist-packages/spot_msgs/srv/_set_volume.py'...
[51.274s] Compiling '/home/mtouri/spot_ws/install/spot_msgs/local/lib/python3.10/dist-packages/spot_msgs/srv/_store_logpoint.py'...
[51.274s] Compiling '/home/mtouri/spot_ws/install/spot_msgs/local/lib/python3.10/dist-packages/spot_msgs/srv/_tag_logpoint.py'...
[51.274s] Compiling '/home/mtouri/spot_ws/install/spot_msgs/local/lib/python3.10/dist-packages/spot_msgs/srv/_upload_animation.py'...
[51.275s] Compiling '/home/mtouri/spot_ws/install/spot_msgs/local/lib/python3.10/dist-packages/spot_msgs/srv/_upload_sequence.py'...
[51.278s] -- Installing: /home/mtouri/spot_ws/install/spot_msgs/lib/libspot_msgs__rosidl_generator_py.so
[51.278s] -- Set runtime path of "/home/mtouri/spot_ws/install/spot_msgs/lib/libspot_msgs__rosidl_generator_py.so" to ""
[51.279s] -- Installing: /home/mtouri/spot_ws/install/spot_msgs/share/spot_msgs/cmake/export_spot_msgs__rosidl_generator_cExport.cmake
[51.279s] -- Installing: /home/mtouri/spot_ws/install/spot_msgs/share/spot_msgs/cmake/export_spot_msgs__rosidl_generator_cExport-noconfig.cmake
[51.279s] -- Installing: /home/mtouri/spot_ws/install/spot_msgs/share/spot_msgs/cmake/export_spot_msgs__rosidl_typesupport_fastrtps_cExport.cmake
[51.279s] -- Installing: /home/mtouri/spot_ws/install/spot_msgs/share/spot_msgs/cmake/export_spot_msgs__rosidl_typesupport_fastrtps_cExport-noconfig.cmake
[51.279s] -- Installing: /home/mtouri/spot_ws/install/spot_msgs/share/spot_msgs/cmake/export_spot_msgs__rosidl_generator_cppExport.cmake
[51.279s] -- Installing: /home/mtouri/spot_ws/install/spot_msgs/share/spot_msgs/cmake/export_spot_msgs__rosidl_typesupport_fastrtps_cppExport.cmake
[51.279s] -- Installing: /home/mtouri/spot_ws/install/spot_msgs/share/spot_msgs/cmake/export_spot_msgs__rosidl_typesupport_fastrtps_cppExport-noconfig.cmake
[51.279s] -- Installing: /home/mtouri/spot_ws/install/spot_msgs/share/spot_msgs/cmake/spot_msgs__rosidl_typesupport_introspection_cExport.cmake
[51.279s] -- Installing: /home/mtouri/spot_ws/install/spot_msgs/share/spot_msgs/cmake/spot_msgs__rosidl_typesupport_introspection_cExport-noconfig.cmake
[51.280s] -- Installing: /home/mtouri/spot_ws/install/spot_msgs/share/spot_msgs/cmake/spot_msgs__rosidl_typesupport_cExport.cmake
[51.280s] -- Installing: /home/mtouri/spot_ws/install/spot_msgs/share/spot_msgs/cmake/spot_msgs__rosidl_typesupport_cExport-noconfig.cmake
[51.280s] -- Installing: /home/mtouri/spot_ws/install/spot_msgs/share/spot_msgs/cmake/spot_msgs__rosidl_typesupport_introspection_cppExport.cmake
[51.280s] -- Installing: /home/mtouri/spot_ws/install/spot_msgs/share/spot_msgs/cmake/spot_msgs__rosidl_typesupport_introspection_cppExport-noconfig.cmake
[51.280s] -- Installing: /home/mtouri/spot_ws/install/spot_msgs/share/spot_msgs/cmake/spot_msgs__rosidl_typesupport_cppExport.cmake
[51.280s] -- Installing: /home/mtouri/spot_ws/install/spot_msgs/share/spot_msgs/cmake/spot_msgs__rosidl_typesupport_cppExport-noconfig.cmake
[51.280s] -- Installing: /home/mtouri/spot_ws/install/spot_msgs/share/spot_msgs/cmake/export_spot_msgs__rosidl_generator_pyExport.cmake
[51.280s] -- Installing: /home/mtouri/spot_ws/install/spot_msgs/share/spot_msgs/cmake/export_spot_msgs__rosidl_generator_pyExport-noconfig.cmake
[51.283s] Invoked command in '/home/mtouri/spot_ws/build/spot_msgs' returned '0': CMAKE_PREFIX_PATH=/opt/ros/humble /usr/bin/cmake --install /home/mtouri/spot_ws/build/spot_msgs
