[0.079s] DEBUG:colcon:Command line arguments: ['/usr/bin/colcon', 'build', '--symlink-install']
[0.079s] DEBUG:colcon:Parsed command line arguments: Namespace(log_base=None, log_level=None, verb_name='build', build_base='build', install_base='install', merge_install=False, symlink_install=True, test_result_base=None, continue_on_error=False, executor='parallel', parallel_workers=16, event_handlers=None, ignore_user_meta=False, metas=['./colcon.meta'], base_paths=['.'], packages_ignore=None, packages_ignore_regex=None, paths=None, packages_up_to=None, packages_up_to_regex=None, packages_above=None, packages_above_and_dependencies=None, packages_above_depth=None, packages_select_by_dep=None, packages_skip_by_dep=None, packages_skip_up_to=None, packages_select_build_failed=False, packages_skip_build_finished=False, packages_select_test_failures=False, packages_skip_test_passed=False, packages_select=None, packages_skip=None, packages_select_regex=None, packages_skip_regex=None, packages_start=None, packages_end=None, allow_overriding=[], cmake_args=None, cmake_target=None, cmake_target_skip_unavailable=False, cmake_clean_cache=False, cmake_clean_first=False, cmake_force_configure=False, ament_cmake_args=None, catkin_cmake_args=None, catkin_skip_building_tests=False, mixin_files=None, mixin=None, verb_parser=<colcon_mixin.mixin.mixin_argument.MixinArgumentDecorator object at 0x70302e95c040>, verb_extension=<colcon_core.verb.build.BuildVerb object at 0x70302e923a00>, main=<bound method BuildVerb.main of <colcon_core.verb.build.BuildVerb object at 0x70302e923a00>>, mixin_verb=('build',))
[0.272s] Level 1:colcon.colcon_core.package_discovery:discover_packages(colcon_meta) check parameters
[0.273s] Level 1:colcon.colcon_core.package_discovery:discover_packages(recursive) check parameters
[0.273s] Level 1:colcon.colcon_core.package_discovery:discover_packages(ignore) check parameters
[0.273s] Level 1:colcon.colcon_core.package_discovery:discover_packages(path) check parameters
[0.273s] Level 1:colcon.colcon_core.package_discovery:discover_packages(colcon_meta) discover
[0.273s] Level 1:colcon.colcon_core.package_discovery:discover_packages(recursive) discover
[0.273s] INFO:colcon.colcon_core.package_discovery:Crawling recursively for packages in '/home/mtouri/spot_ws'
[0.273s] Level 1:colcon.colcon_core.package_identification:_identify(.) by extensions ['ignore', 'ignore_ament_install']
[0.273s] Level 1:colcon.colcon_core.package_identification:_identify(.) by extension 'ignore'
[0.273s] Level 1:colcon.colcon_core.package_identification:_identify(.) by extension 'ignore_ament_install'
[0.273s] Level 1:colcon.colcon_core.package_identification:_identify(.) by extensions ['colcon_pkg']
[0.273s] Level 1:colcon.colcon_core.package_identification:_identify(.) by extension 'colcon_pkg'
[0.273s] Level 1:colcon.colcon_core.package_identification:_identify(.) by extensions ['colcon_meta']
[0.273s] Level 1:colcon.colcon_core.package_identification:_identify(.) by extension 'colcon_meta'
[0.273s] Level 1:colcon.colcon_core.package_identification:_identify(.) by extensions ['ros']
[0.273s] Level 1:colcon.colcon_core.package_identification:_identify(.) by extension 'ros'
[0.281s] Level 1:colcon.colcon_core.package_identification:_identify(.) by extensions ['cmake', 'python']
[0.281s] Level 1:colcon.colcon_core.package_identification:_identify(.) by extension 'cmake'
[0.281s] Level 1:colcon.colcon_core.package_identification:_identify(.) by extension 'python'
[0.281s] Level 1:colcon.colcon_core.package_identification:_identify(.) by extensions ['python_setup_py']
[0.281s] Level 1:colcon.colcon_core.package_identification:_identify(.) by extension 'python_setup_py'
[0.281s] Level 1:colcon.colcon_core.package_identification:_identify(build) by extensions ['ignore', 'ignore_ament_install']
[0.281s] Level 1:colcon.colcon_core.package_identification:_identify(build) by extension 'ignore'
[0.281s] Level 1:colcon.colcon_core.package_identification:_identify(build) ignored
[0.281s] Level 1:colcon.colcon_core.package_identification:_identify(install) by extensions ['ignore', 'ignore_ament_install']
[0.281s] Level 1:colcon.colcon_core.package_identification:_identify(install) by extension 'ignore'
[0.282s] Level 1:colcon.colcon_core.package_identification:_identify(install) ignored
[0.282s] Level 1:colcon.colcon_core.package_identification:_identify(log) by extensions ['ignore', 'ignore_ament_install']
[0.282s] Level 1:colcon.colcon_core.package_identification:_identify(log) by extension 'ignore'
[0.282s] Level 1:colcon.colcon_core.package_identification:_identify(log) ignored
[0.282s] Level 1:colcon.colcon_core.package_identification:_identify(src) by extensions ['ignore', 'ignore_ament_install']
[0.282s] Level 1:colcon.colcon_core.package_identification:_identify(src) by extension 'ignore'
[0.282s] Level 1:colcon.colcon_core.package_identification:_identify(src) by extension 'ignore_ament_install'
[0.282s] Level 1:colcon.colcon_core.package_identification:_identify(src) by extensions ['colcon_pkg']
[0.282s] Level 1:colcon.colcon_core.package_identification:_identify(src) by extension 'colcon_pkg'
[0.282s] Level 1:colcon.colcon_core.package_identification:_identify(src) by extensions ['colcon_meta']
[0.282s] Level 1:colcon.colcon_core.package_identification:_identify(src) by extension 'colcon_meta'
[0.282s] Level 1:colcon.colcon_core.package_identification:_identify(src) by extensions ['ros']
[0.282s] Level 1:colcon.colcon_core.package_identification:_identify(src) by extension 'ros'
[0.282s] Level 1:colcon.colcon_core.package_identification:_identify(src) by extensions ['cmake', 'python']
[0.282s] Level 1:colcon.colcon_core.package_identification:_identify(src) by extension 'cmake'
[0.282s] Level 1:colcon.colcon_core.package_identification:_identify(src) by extension 'python'
[0.282s] Level 1:colcon.colcon_core.package_identification:_identify(src) by extensions ['python_setup_py']
[0.282s] Level 1:colcon.colcon_core.package_identification:_identify(src) by extension 'python_setup_py'
[0.282s] Level 1:colcon.colcon_core.package_identification:_identify(src/spot_ros2) by extensions ['ignore', 'ignore_ament_install']
[0.282s] Level 1:colcon.colcon_core.package_identification:_identify(src/spot_ros2) by extension 'ignore'
[0.282s] Level 1:colcon.colcon_core.package_identification:_identify(src/spot_ros2) by extension 'ignore_ament_install'
[0.282s] Level 1:colcon.colcon_core.package_identification:_identify(src/spot_ros2) by extensions ['colcon_pkg']
[0.282s] Level 1:colcon.colcon_core.package_identification:_identify(src/spot_ros2) by extension 'colcon_pkg'
[0.282s] Level 1:colcon.colcon_core.package_identification:_identify(src/spot_ros2) by extensions ['colcon_meta']
[0.282s] Level 1:colcon.colcon_core.package_identification:_identify(src/spot_ros2) by extension 'colcon_meta'
[0.282s] Level 1:colcon.colcon_core.package_identification:_identify(src/spot_ros2) by extensions ['ros']
[0.282s] Level 1:colcon.colcon_core.package_identification:_identify(src/spot_ros2) by extension 'ros'
[0.283s] Level 1:colcon.colcon_core.package_identification:_identify(src/spot_ros2) by extensions ['cmake', 'python']
[0.283s] Level 1:colcon.colcon_core.package_identification:_identify(src/spot_ros2) by extension 'cmake'
[0.283s] Level 1:colcon.colcon_core.package_identification:_identify(src/spot_ros2) by extension 'python'
[0.283s] Level 1:colcon.colcon_core.package_identification:_identify(src/spot_ros2) by extensions ['python_setup_py']
[0.283s] Level 1:colcon.colcon_core.package_identification:_identify(src/spot_ros2) by extension 'python_setup_py'
[0.283s] Level 1:colcon.colcon_core.package_identification:_identify(src/spot_ros2/docs) by extensions ['ignore', 'ignore_ament_install']
[0.283s] Level 1:colcon.colcon_core.package_identification:_identify(src/spot_ros2/docs) by extension 'ignore'
[0.283s] Level 1:colcon.colcon_core.package_identification:_identify(src/spot_ros2/docs) by extension 'ignore_ament_install'
[0.283s] Level 1:colcon.colcon_core.package_identification:_identify(src/spot_ros2/docs) by extensions ['colcon_pkg']
[0.283s] Level 1:colcon.colcon_core.package_identification:_identify(src/spot_ros2/docs) by extension 'colcon_pkg'
[0.283s] Level 1:colcon.colcon_core.package_identification:_identify(src/spot_ros2/docs) by extensions ['colcon_meta']
[0.283s] Level 1:colcon.colcon_core.package_identification:_identify(src/spot_ros2/docs) by extension 'colcon_meta'
[0.283s] Level 1:colcon.colcon_core.package_identification:_identify(src/spot_ros2/docs) by extensions ['ros']
[0.283s] Level 1:colcon.colcon_core.package_identification:_identify(src/spot_ros2/docs) by extension 'ros'
[0.283s] Level 1:colcon.colcon_core.package_identification:_identify(src/spot_ros2/docs) by extensions ['cmake', 'python']
[0.283s] Level 1:colcon.colcon_core.package_identification:_identify(src/spot_ros2/docs) by extension 'cmake'
[0.283s] Level 1:colcon.colcon_core.package_identification:_identify(src/spot_ros2/docs) by extension 'python'
[0.283s] Level 1:colcon.colcon_core.package_identification:_identify(src/spot_ros2/docs) by extensions ['python_setup_py']
[0.283s] Level 1:colcon.colcon_core.package_identification:_identify(src/spot_ros2/docs) by extension 'python_setup_py'
[0.283s] Level 1:colcon.colcon_core.package_identification:_identify(src/spot_ros2/docs/source) by extensions ['ignore', 'ignore_ament_install']
[0.283s] Level 1:colcon.colcon_core.package_identification:_identify(src/spot_ros2/docs/source) by extension 'ignore'
[0.283s] Level 1:colcon.colcon_core.package_identification:_identify(src/spot_ros2/docs/source) by extension 'ignore_ament_install'
[0.283s] Level 1:colcon.colcon_core.package_identification:_identify(src/spot_ros2/docs/source) by extensions ['colcon_pkg']
[0.283s] Level 1:colcon.colcon_core.package_identification:_identify(src/spot_ros2/docs/source) by extension 'colcon_pkg'
[0.283s] Level 1:colcon.colcon_core.package_identification:_identify(src/spot_ros2/docs/source) by extensions ['colcon_meta']
[0.283s] Level 1:colcon.colcon_core.package_identification:_identify(src/spot_ros2/docs/source) by extension 'colcon_meta'
[0.283s] Level 1:colcon.colcon_core.package_identification:_identify(src/spot_ros2/docs/source) by extensions ['ros']
[0.283s] Level 1:colcon.colcon_core.package_identification:_identify(src/spot_ros2/docs/source) by extension 'ros'
[0.283s] Level 1:colcon.colcon_core.package_identification:_identify(src/spot_ros2/docs/source) by extensions ['cmake', 'python']
[0.283s] Level 1:colcon.colcon_core.package_identification:_identify(src/spot_ros2/docs/source) by extension 'cmake'
[0.284s] Level 1:colcon.colcon_core.package_identification:_identify(src/spot_ros2/docs/source) by extension 'python'
[0.284s] Level 1:colcon.colcon_core.package_identification:_identify(src/spot_ros2/docs/source) by extensions ['python_setup_py']
[0.284s] Level 1:colcon.colcon_core.package_identification:_identify(src/spot_ros2/docs/source) by extension 'python_setup_py'
[0.284s] Level 1:colcon.colcon_core.package_identification:_identify(src/spot_ros2/spot_common) by extensions ['ignore', 'ignore_ament_install']
[0.284s] Level 1:colcon.colcon_core.package_identification:_identify(src/spot_ros2/spot_common) by extension 'ignore'
[0.284s] Level 1:colcon.colcon_core.package_identification:_identify(src/spot_ros2/spot_common) by extension 'ignore_ament_install'
[0.284s] Level 1:colcon.colcon_core.package_identification:_identify(src/spot_ros2/spot_common) by extensions ['colcon_pkg']
[0.284s] Level 1:colcon.colcon_core.package_identification:_identify(src/spot_ros2/spot_common) by extension 'colcon_pkg'
[0.284s] Level 1:colcon.colcon_core.package_identification:_identify(src/spot_ros2/spot_common) by extensions ['colcon_meta']
[0.284s] Level 1:colcon.colcon_core.package_identification:_identify(src/spot_ros2/spot_common) by extension 'colcon_meta'
[0.284s] Level 1:colcon.colcon_core.package_identification:_identify(src/spot_ros2/spot_common) by extensions ['ros']
[0.284s] Level 1:colcon.colcon_core.package_identification:_identify(src/spot_ros2/spot_common) by extension 'ros'
[0.286s] DEBUG:colcon.colcon_core.package_identification:Package 'src/spot_ros2/spot_common' with type 'ros.ament_python' and name 'spot_common'
[0.286s] Level 1:colcon.colcon_core.package_identification:_identify(src/spot_ros2/spot_controllers) by extensions ['ignore', 'ignore_ament_install']
[0.286s] Level 1:colcon.colcon_core.package_identification:_identify(src/spot_ros2/spot_controllers) by extension 'ignore'
[0.286s] Level 1:colcon.colcon_core.package_identification:_identify(src/spot_ros2/spot_controllers) by extension 'ignore_ament_install'
[0.286s] Level 1:colcon.colcon_core.package_identification:_identify(src/spot_ros2/spot_controllers) by extensions ['colcon_pkg']
[0.286s] Level 1:colcon.colcon_core.package_identification:_identify(src/spot_ros2/spot_controllers) by extension 'colcon_pkg'
[0.286s] Level 1:colcon.colcon_core.package_identification:_identify(src/spot_ros2/spot_controllers) by extensions ['colcon_meta']
[0.286s] Level 1:colcon.colcon_core.package_identification:_identify(src/spot_ros2/spot_controllers) by extension 'colcon_meta'
[0.286s] Level 1:colcon.colcon_core.package_identification:_identify(src/spot_ros2/spot_controllers) by extensions ['ros']
[0.286s] Level 1:colcon.colcon_core.package_identification:_identify(src/spot_ros2/spot_controllers) by extension 'ros'
[0.287s] DEBUG:colcon.colcon_core.package_identification:Package 'src/spot_ros2/spot_controllers' with type 'ros.ament_cmake' and name 'spot_controllers'
[0.287s] Level 1:colcon.colcon_core.package_identification:_identify(src/spot_ros2/spot_description) by extensions ['ignore', 'ignore_ament_install']
[0.287s] Level 1:colcon.colcon_core.package_identification:_identify(src/spot_ros2/spot_description) by extension 'ignore'
[0.287s] Level 1:colcon.colcon_core.package_identification:_identify(src/spot_ros2/spot_description) by extension 'ignore_ament_install'
[0.287s] Level 1:colcon.colcon_core.package_identification:_identify(src/spot_ros2/spot_description) by extensions ['colcon_pkg']
[0.287s] Level 1:colcon.colcon_core.package_identification:_identify(src/spot_ros2/spot_description) by extension 'colcon_pkg'
[0.287s] Level 1:colcon.colcon_core.package_identification:_identify(src/spot_ros2/spot_description) by extensions ['colcon_meta']
[0.287s] Level 1:colcon.colcon_core.package_identification:_identify(src/spot_ros2/spot_description) by extension 'colcon_meta'
[0.287s] Level 1:colcon.colcon_core.package_identification:_identify(src/spot_ros2/spot_description) by extensions ['ros']
[0.287s] Level 1:colcon.colcon_core.package_identification:_identify(src/spot_ros2/spot_description) by extension 'ros'
[0.287s] Level 1:colcon.colcon_core.package_identification:_identify(src/spot_ros2/spot_description) by extensions ['cmake', 'python']
[0.287s] Level 1:colcon.colcon_core.package_identification:_identify(src/spot_ros2/spot_description) by extension 'cmake'
[0.287s] Level 1:colcon.colcon_core.package_identification:_identify(src/spot_ros2/spot_description) by extension 'python'
[0.287s] Level 1:colcon.colcon_core.package_identification:_identify(src/spot_ros2/spot_description) by extensions ['python_setup_py']
[0.287s] Level 1:colcon.colcon_core.package_identification:_identify(src/spot_ros2/spot_description) by extension 'python_setup_py'
[0.287s] Level 1:colcon.colcon_core.package_identification:_identify(src/spot_ros2/spot_description/spot_description) by extensions ['ignore', 'ignore_ament_install']
[0.288s] Level 1:colcon.colcon_core.package_identification:_identify(src/spot_ros2/spot_description/spot_description) by extension 'ignore'
[0.288s] Level 1:colcon.colcon_core.package_identification:_identify(src/spot_ros2/spot_description/spot_description) by extension 'ignore_ament_install'
[0.288s] Level 1:colcon.colcon_core.package_identification:_identify(src/spot_ros2/spot_description/spot_description) by extensions ['colcon_pkg']
[0.288s] Level 1:colcon.colcon_core.package_identification:_identify(src/spot_ros2/spot_description/spot_description) by extension 'colcon_pkg'
[0.288s] Level 1:colcon.colcon_core.package_identification:_identify(src/spot_ros2/spot_description/spot_description) by extensions ['colcon_meta']
[0.288s] Level 1:colcon.colcon_core.package_identification:_identify(src/spot_ros2/spot_description/spot_description) by extension 'colcon_meta'
[0.288s] Level 1:colcon.colcon_core.package_identification:_identify(src/spot_ros2/spot_description/spot_description) by extensions ['ros']
[0.288s] Level 1:colcon.colcon_core.package_identification:_identify(src/spot_ros2/spot_description/spot_description) by extension 'ros'
[0.288s] DEBUG:colcon.colcon_core.package_identification:Package 'src/spot_ros2/spot_description/spot_description' with type 'ros.ament_cmake' and name 'spot_description'
[0.288s] Level 1:colcon.colcon_core.package_identification:_identify(src/spot_ros2/spot_driver) by extensions ['ignore', 'ignore_ament_install']
[0.288s] Level 1:colcon.colcon_core.package_identification:_identify(src/spot_ros2/spot_driver) by extension 'ignore'
[0.288s] Level 1:colcon.colcon_core.package_identification:_identify(src/spot_ros2/spot_driver) by extension 'ignore_ament_install'
[0.288s] Level 1:colcon.colcon_core.package_identification:_identify(src/spot_ros2/spot_driver) by extensions ['colcon_pkg']
[0.288s] Level 1:colcon.colcon_core.package_identification:_identify(src/spot_ros2/spot_driver) by extension 'colcon_pkg'
[0.288s] Level 1:colcon.colcon_core.package_identification:_identify(src/spot_ros2/spot_driver) by extensions ['colcon_meta']
[0.288s] Level 1:colcon.colcon_core.package_identification:_identify(src/spot_ros2/spot_driver) by extension 'colcon_meta'
[0.288s] Level 1:colcon.colcon_core.package_identification:_identify(src/spot_ros2/spot_driver) by extensions ['ros']
[0.288s] Level 1:colcon.colcon_core.package_identification:_identify(src/spot_ros2/spot_driver) by extension 'ros'
[0.290s] DEBUG:colcon.colcon_core.package_identification:Package 'src/spot_ros2/spot_driver' with type 'ros.ament_cmake' and name 'spot_driver'
[0.290s] Level 1:colcon.colcon_core.package_identification:_identify(src/spot_ros2/spot_examples) by extensions ['ignore', 'ignore_ament_install']
[0.290s] Level 1:colcon.colcon_core.package_identification:_identify(src/spot_ros2/spot_examples) by extension 'ignore'
[0.290s] Level 1:colcon.colcon_core.package_identification:_identify(src/spot_ros2/spot_examples) by extension 'ignore_ament_install'
[0.290s] Level 1:colcon.colcon_core.package_identification:_identify(src/spot_ros2/spot_examples) by extensions ['colcon_pkg']
[0.290s] Level 1:colcon.colcon_core.package_identification:_identify(src/spot_ros2/spot_examples) by extension 'colcon_pkg'
[0.290s] Level 1:colcon.colcon_core.package_identification:_identify(src/spot_ros2/spot_examples) by extensions ['colcon_meta']
[0.290s] Level 1:colcon.colcon_core.package_identification:_identify(src/spot_ros2/spot_examples) by extension 'colcon_meta'
[0.290s] Level 1:colcon.colcon_core.package_identification:_identify(src/spot_ros2/spot_examples) by extensions ['ros']
[0.290s] Level 1:colcon.colcon_core.package_identification:_identify(src/spot_ros2/spot_examples) by extension 'ros'
[0.291s] DEBUG:colcon.colcon_core.package_identification:Package 'src/spot_ros2/spot_examples' with type 'ros.ament_python' and name 'spot_examples'
[0.291s] Level 1:colcon.colcon_core.package_identification:_identify(src/spot_ros2/spot_hardware_interface) by extensions ['ignore', 'ignore_ament_install']
[0.291s] Level 1:colcon.colcon_core.package_identification:_identify(src/spot_ros2/spot_hardware_interface) by extension 'ignore'
[0.291s] Level 1:colcon.colcon_core.package_identification:_identify(src/spot_ros2/spot_hardware_interface) by extension 'ignore_ament_install'
[0.291s] Level 1:colcon.colcon_core.package_identification:_identify(src/spot_ros2/spot_hardware_interface) by extensions ['colcon_pkg']
[0.291s] Level 1:colcon.colcon_core.package_identification:_identify(src/spot_ros2/spot_hardware_interface) by extension 'colcon_pkg'
[0.291s] Level 1:colcon.colcon_core.package_identification:_identify(src/spot_ros2/spot_hardware_interface) by extensions ['colcon_meta']
[0.291s] Level 1:colcon.colcon_core.package_identification:_identify(src/spot_ros2/spot_hardware_interface) by extension 'colcon_meta'
[0.291s] Level 1:colcon.colcon_core.package_identification:_identify(src/spot_ros2/spot_hardware_interface) by extensions ['ros']
[0.291s] Level 1:colcon.colcon_core.package_identification:_identify(src/spot_ros2/spot_hardware_interface) by extension 'ros'
[0.292s] DEBUG:colcon.colcon_core.package_identification:Package 'src/spot_ros2/spot_hardware_interface' with type 'ros.ament_cmake' and name 'spot_hardware_interface'
[0.292s] Level 1:colcon.colcon_core.package_identification:_identify(src/spot_ros2/spot_msgs) by extensions ['ignore', 'ignore_ament_install']
[0.292s] Level 1:colcon.colcon_core.package_identification:_identify(src/spot_ros2/spot_msgs) by extension 'ignore'
[0.292s] Level 1:colcon.colcon_core.package_identification:_identify(src/spot_ros2/spot_msgs) by extension 'ignore_ament_install'
[0.292s] Level 1:colcon.colcon_core.package_identification:_identify(src/spot_ros2/spot_msgs) by extensions ['colcon_pkg']
[0.292s] Level 1:colcon.colcon_core.package_identification:_identify(src/spot_ros2/spot_msgs) by extension 'colcon_pkg'
[0.292s] Level 1:colcon.colcon_core.package_identification:_identify(src/spot_ros2/spot_msgs) by extensions ['colcon_meta']
[0.292s] Level 1:colcon.colcon_core.package_identification:_identify(src/spot_ros2/spot_msgs) by extension 'colcon_meta'
[0.292s] Level 1:colcon.colcon_core.package_identification:_identify(src/spot_ros2/spot_msgs) by extensions ['ros']
[0.292s] Level 1:colcon.colcon_core.package_identification:_identify(src/spot_ros2/spot_msgs) by extension 'ros'
[0.292s] DEBUG:colcon.colcon_core.package_identification:Package 'src/spot_ros2/spot_msgs' with type 'ros.ament_cmake' and name 'spot_msgs'
[0.292s] Level 1:colcon.colcon_core.package_identification:_identify(src/spot_ros2/spot_ros2_control) by extensions ['ignore', 'ignore_ament_install']
[0.292s] Level 1:colcon.colcon_core.package_identification:_identify(src/spot_ros2/spot_ros2_control) by extension 'ignore'
[0.293s] Level 1:colcon.colcon_core.package_identification:_identify(src/spot_ros2/spot_ros2_control) by extension 'ignore_ament_install'
[0.293s] Level 1:colcon.colcon_core.package_identification:_identify(src/spot_ros2/spot_ros2_control) by extensions ['colcon_pkg']
[0.293s] Level 1:colcon.colcon_core.package_identification:_identify(src/spot_ros2/spot_ros2_control) by extension 'colcon_pkg'
[0.293s] Level 1:colcon.colcon_core.package_identification:_identify(src/spot_ros2/spot_ros2_control) by extensions ['colcon_meta']
[0.293s] Level 1:colcon.colcon_core.package_identification:_identify(src/spot_ros2/spot_ros2_control) by extension 'colcon_meta'
[0.293s] Level 1:colcon.colcon_core.package_identification:_identify(src/spot_ros2/spot_ros2_control) by extensions ['ros']
[0.293s] Level 1:colcon.colcon_core.package_identification:_identify(src/spot_ros2/spot_ros2_control) by extension 'ros'
[0.293s] DEBUG:colcon.colcon_core.package_identification:Package 'src/spot_ros2/spot_ros2_control' with type 'ros.ament_cmake' and name 'spot_ros2_control'
[0.294s] Level 1:colcon.colcon_core.package_identification:_identify(src/spot_ros2/spot_rviz_plugins) by extensions ['ignore', 'ignore_ament_install']
[0.294s] Level 1:colcon.colcon_core.package_identification:_identify(src/spot_ros2/spot_rviz_plugins) by extension 'ignore'
[0.294s] Level 1:colcon.colcon_core.package_identification:_identify(src/spot_ros2/spot_rviz_plugins) by extension 'ignore_ament_install'
[0.294s] Level 1:colcon.colcon_core.package_identification:_identify(src/spot_ros2/spot_rviz_plugins) by extensions ['colcon_pkg']
[0.294s] Level 1:colcon.colcon_core.package_identification:_identify(src/spot_ros2/spot_rviz_plugins) by extension 'colcon_pkg'
[0.294s] Level 1:colcon.colcon_core.package_identification:_identify(src/spot_ros2/spot_rviz_plugins) by extensions ['colcon_meta']
[0.294s] Level 1:colcon.colcon_core.package_identification:_identify(src/spot_ros2/spot_rviz_plugins) by extension 'colcon_meta'
[0.294s] Level 1:colcon.colcon_core.package_identification:_identify(src/spot_ros2/spot_rviz_plugins) by extensions ['ros']
[0.294s] Level 1:colcon.colcon_core.package_identification:_identify(src/spot_ros2/spot_rviz_plugins) by extension 'ros'
[0.294s] DEBUG:colcon.colcon_core.package_identification:Package 'src/spot_ros2/spot_rviz_plugins' with type 'ros.ament_cmake' and name 'spot_rviz_plugins'
[0.294s] Level 1:colcon.colcon_core.package_identification:_identify(src/spot_ros2/spot_wrapper) by extensions ['ignore', 'ignore_ament_install']
[0.294s] Level 1:colcon.colcon_core.package_identification:_identify(src/spot_ros2/spot_wrapper) by extension 'ignore'
[0.294s] Level 1:colcon.colcon_core.package_identification:_identify(src/spot_ros2/spot_wrapper) by extension 'ignore_ament_install'
[0.295s] Level 1:colcon.colcon_core.package_identification:_identify(src/spot_ros2/spot_wrapper) by extensions ['colcon_pkg']
[0.295s] Level 1:colcon.colcon_core.package_identification:_identify(src/spot_ros2/spot_wrapper) by extension 'colcon_pkg'
[0.295s] Level 1:colcon.colcon_core.package_identification:_identify(src/spot_ros2/spot_wrapper) by extensions ['colcon_meta']
[0.295s] Level 1:colcon.colcon_core.package_identification:_identify(src/spot_ros2/spot_wrapper) by extension 'colcon_meta'
[0.295s] Level 1:colcon.colcon_core.package_identification:_identify(src/spot_ros2/spot_wrapper) by extensions ['ros']
[0.295s] Level 1:colcon.colcon_core.package_identification:_identify(src/spot_ros2/spot_wrapper) by extension 'ros'
[0.295s] Level 1:colcon.colcon_core.package_identification:_identify(src/spot_ros2/spot_wrapper) by extensions ['cmake', 'python']
[0.295s] Level 1:colcon.colcon_core.package_identification:_identify(src/spot_ros2/spot_wrapper) by extension 'cmake'
[0.295s] Level 1:colcon.colcon_core.package_identification:_identify(src/spot_ros2/spot_wrapper) by extension 'python'
[0.295s] Level 1:colcon.colcon_core.package_identification:_identify(src/spot_ros2/spot_wrapper) by extensions ['python_setup_py']
[0.295s] Level 1:colcon.colcon_core.package_identification:_identify(src/spot_ros2/spot_wrapper) by extension 'python_setup_py'
[0.517s] DEBUG:colcon.colcon_core.package_identification:Package 'src/spot_ros2/spot_wrapper' with type 'python' and name 'spot_wrapper'
[0.518s] Level 1:colcon.colcon_core.package_identification:_identify(src/spot_ros2/synchros2) by extensions ['ignore', 'ignore_ament_install']
[0.518s] Level 1:colcon.colcon_core.package_identification:_identify(src/spot_ros2/synchros2) by extension 'ignore'
[0.518s] Level 1:colcon.colcon_core.package_identification:_identify(src/spot_ros2/synchros2) by extension 'ignore_ament_install'
[0.518s] Level 1:colcon.colcon_core.package_identification:_identify(src/spot_ros2/synchros2) by extensions ['colcon_pkg']
[0.518s] Level 1:colcon.colcon_core.package_identification:_identify(src/spot_ros2/synchros2) by extension 'colcon_pkg'
[0.518s] Level 1:colcon.colcon_core.package_identification:_identify(src/spot_ros2/synchros2) by extensions ['colcon_meta']
[0.518s] Level 1:colcon.colcon_core.package_identification:_identify(src/spot_ros2/synchros2) by extension 'colcon_meta'
[0.518s] Level 1:colcon.colcon_core.package_identification:_identify(src/spot_ros2/synchros2) by extensions ['ros']
[0.518s] Level 1:colcon.colcon_core.package_identification:_identify(src/spot_ros2/synchros2) by extension 'ros'
[0.518s] Level 1:colcon.colcon_core.package_identification:_identify(src/spot_ros2/synchros2) by extensions ['cmake', 'python']
[0.518s] Level 1:colcon.colcon_core.package_identification:_identify(src/spot_ros2/synchros2) by extension 'cmake'
[0.518s] Level 1:colcon.colcon_core.package_identification:_identify(src/spot_ros2/synchros2) by extension 'python'
[0.519s] Level 1:colcon.colcon_core.package_identification:_identify(src/spot_ros2/synchros2) by extensions ['python_setup_py']
[0.519s] Level 1:colcon.colcon_core.package_identification:_identify(src/spot_ros2/synchros2) by extension 'python_setup_py'
[0.519s] Level 1:colcon.colcon_core.package_identification:_identify(src/spot_ros2/synchros2/synchros2) by extensions ['ignore', 'ignore_ament_install']
[0.519s] Level 1:colcon.colcon_core.package_identification:_identify(src/spot_ros2/synchros2/synchros2) by extension 'ignore'
[0.519s] Level 1:colcon.colcon_core.package_identification:_identify(src/spot_ros2/synchros2/synchros2) by extension 'ignore_ament_install'
[0.519s] Level 1:colcon.colcon_core.package_identification:_identify(src/spot_ros2/synchros2/synchros2) by extensions ['colcon_pkg']
[0.519s] Level 1:colcon.colcon_core.package_identification:_identify(src/spot_ros2/synchros2/synchros2) by extension 'colcon_pkg'
[0.519s] Level 1:colcon.colcon_core.package_identification:_identify(src/spot_ros2/synchros2/synchros2) by extensions ['colcon_meta']
[0.519s] Level 1:colcon.colcon_core.package_identification:_identify(src/spot_ros2/synchros2/synchros2) by extension 'colcon_meta'
[0.519s] Level 1:colcon.colcon_core.package_identification:_identify(src/spot_ros2/synchros2/synchros2) by extensions ['ros']
[0.519s] Level 1:colcon.colcon_core.package_identification:_identify(src/spot_ros2/synchros2/synchros2) by extension 'ros'
[0.519s] DEBUG:colcon.colcon_core.package_identification:Package 'src/spot_ros2/synchros2/synchros2' with type 'ros.ament_python' and name 'synchros2'
[0.520s] Level 1:colcon.colcon_core.package_identification:_identify(src/spot_ros2/synchros2/synchros2_tutorials_example) by extensions ['ignore', 'ignore_ament_install']
[0.520s] Level 1:colcon.colcon_core.package_identification:_identify(src/spot_ros2/synchros2/synchros2_tutorials_example) by extension 'ignore'
[0.520s] Level 1:colcon.colcon_core.package_identification:_identify(src/spot_ros2/synchros2/synchros2_tutorials_example) by extension 'ignore_ament_install'
[0.520s] Level 1:colcon.colcon_core.package_identification:_identify(src/spot_ros2/synchros2/synchros2_tutorials_example) by extensions ['colcon_pkg']
[0.520s] Level 1:colcon.colcon_core.package_identification:_identify(src/spot_ros2/synchros2/synchros2_tutorials_example) by extension 'colcon_pkg'
[0.520s] Level 1:colcon.colcon_core.package_identification:_identify(src/spot_ros2/synchros2/synchros2_tutorials_example) by extensions ['colcon_meta']
[0.520s] Level 1:colcon.colcon_core.package_identification:_identify(src/spot_ros2/synchros2/synchros2_tutorials_example) by extension 'colcon_meta'
[0.520s] Level 1:colcon.colcon_core.package_identification:_identify(src/spot_ros2/synchros2/synchros2_tutorials_example) by extensions ['ros']
[0.520s] Level 1:colcon.colcon_core.package_identification:_identify(src/spot_ros2/synchros2/synchros2_tutorials_example) by extension 'ros'
[0.520s] DEBUG:colcon.colcon_core.package_identification:Package 'src/spot_ros2/synchros2/synchros2_tutorials_example' with type 'ros.ament_python' and name 'synchros2_tutorials_example'
[0.520s] Level 1:colcon.colcon_core.package_identification:_identify(src/spot_ros2/synchros2/synchros2_tutorials_interfaces_example) by extensions ['ignore', 'ignore_ament_install']
[0.520s] Level 1:colcon.colcon_core.package_identification:_identify(src/spot_ros2/synchros2/synchros2_tutorials_interfaces_example) by extension 'ignore'
[0.520s] Level 1:colcon.colcon_core.package_identification:_identify(src/spot_ros2/synchros2/synchros2_tutorials_interfaces_example) by extension 'ignore_ament_install'
[0.520s] Level 1:colcon.colcon_core.package_identification:_identify(src/spot_ros2/synchros2/synchros2_tutorials_interfaces_example) by extensions ['colcon_pkg']
[0.520s] Level 1:colcon.colcon_core.package_identification:_identify(src/spot_ros2/synchros2/synchros2_tutorials_interfaces_example) by extension 'colcon_pkg'
[0.520s] Level 1:colcon.colcon_core.package_identification:_identify(src/spot_ros2/synchros2/synchros2_tutorials_interfaces_example) by extensions ['colcon_meta']
[0.520s] Level 1:colcon.colcon_core.package_identification:_identify(src/spot_ros2/synchros2/synchros2_tutorials_interfaces_example) by extension 'colcon_meta'
[0.520s] Level 1:colcon.colcon_core.package_identification:_identify(src/spot_ros2/synchros2/synchros2_tutorials_interfaces_example) by extensions ['ros']
[0.520s] Level 1:colcon.colcon_core.package_identification:_identify(src/spot_ros2/synchros2/synchros2_tutorials_interfaces_example) by extension 'ros'
[0.521s] DEBUG:colcon.colcon_core.package_identification:Package 'src/spot_ros2/synchros2/synchros2_tutorials_interfaces_example' with type 'ros.ament_cmake' and name 'synchros2_tutorials_interfaces_example'
[0.521s] Level 1:colcon.colcon_core.package_discovery:discover_packages(recursive) using defaults
[0.521s] Level 1:colcon.colcon_core.package_discovery:discover_packages(ignore) discover
[0.521s] Level 1:colcon.colcon_core.package_discovery:discover_packages(ignore) using defaults
[0.521s] Level 1:colcon.colcon_core.package_discovery:discover_packages(path) discover
[0.521s] Level 1:colcon.colcon_core.package_discovery:discover_packages(path) using defaults
[0.538s] Level 1:colcon.colcon_core.package_discovery:discover_packages(prefix_path) check parameters
[0.538s] Level 1:colcon.colcon_core.package_discovery:discover_packages(prefix_path) discover
[0.540s] DEBUG:colcon.colcon_installed_package_information.package_discovery:Found 380 installed packages in /opt/ros/humble
[0.542s] Level 1:colcon.colcon_core.package_discovery:discover_packages(prefix_path) using defaults
[0.575s] Level 5:colcon.colcon_core.verb:set package 'spot_description' build argument 'cmake_args' from command line to 'None'
[0.575s] Level 5:colcon.colcon_core.verb:set package 'spot_description' build argument 'cmake_target' from command line to 'None'
[0.575s] Level 5:colcon.colcon_core.verb:set package 'spot_description' build argument 'cmake_target_skip_unavailable' from command line to 'False'
[0.575s] Level 5:colcon.colcon_core.verb:set package 'spot_description' build argument 'cmake_clean_cache' from command line to 'False'
[0.575s] Level 5:colcon.colcon_core.verb:set package 'spot_description' build argument 'cmake_clean_first' from command line to 'False'
[0.575s] Level 5:colcon.colcon_core.verb:set package 'spot_description' build argument 'cmake_force_configure' from command line to 'False'
[0.575s] Level 5:colcon.colcon_core.verb:set package 'spot_description' build argument 'ament_cmake_args' from command line to 'None'
[0.575s] Level 5:colcon.colcon_core.verb:set package 'spot_description' build argument 'catkin_cmake_args' from command line to 'None'
[0.575s] Level 5:colcon.colcon_core.verb:set package 'spot_description' build argument 'catkin_skip_building_tests' from command line to 'False'
[0.575s] DEBUG:colcon.colcon_core.verb:Building package 'spot_description' with the following arguments: {'ament_cmake_args': None, 'build_base': '/home/mtouri/spot_ws/build/spot_description', 'catkin_cmake_args': None, 'catkin_skip_building_tests': False, 'cmake_args': None, 'cmake_clean_cache': False, 'cmake_clean_first': False, 'cmake_force_configure': False, 'cmake_target': None, 'cmake_target_skip_unavailable': False, 'install_base': '/home/mtouri/spot_ws/install/spot_description', 'merge_install': False, 'path': '/home/mtouri/spot_ws/src/spot_ros2/spot_description/spot_description', 'symlink_install': True, 'test_result_base': None}
[0.575s] Level 5:colcon.colcon_core.verb:set package 'spot_msgs' build argument 'cmake_args' from command line to 'None'
[0.575s] Level 5:colcon.colcon_core.verb:set package 'spot_msgs' build argument 'cmake_target' from command line to 'None'
[0.575s] Level 5:colcon.colcon_core.verb:set package 'spot_msgs' build argument 'cmake_target_skip_unavailable' from command line to 'False'
[0.575s] Level 5:colcon.colcon_core.verb:set package 'spot_msgs' build argument 'cmake_clean_cache' from command line to 'False'
[0.575s] Level 5:colcon.colcon_core.verb:set package 'spot_msgs' build argument 'cmake_clean_first' from command line to 'False'
[0.575s] Level 5:colcon.colcon_core.verb:set package 'spot_msgs' build argument 'cmake_force_configure' from command line to 'False'
[0.575s] Level 5:colcon.colcon_core.verb:set package 'spot_msgs' build argument 'ament_cmake_args' from command line to 'None'
[0.575s] Level 5:colcon.colcon_core.verb:set package 'spot_msgs' build argument 'catkin_cmake_args' from command line to 'None'
[0.575s] Level 5:colcon.colcon_core.verb:set package 'spot_msgs' build argument 'catkin_skip_building_tests' from command line to 'False'
[0.575s] DEBUG:colcon.colcon_core.verb:Building package 'spot_msgs' with the following arguments: {'ament_cmake_args': None, 'build_base': '/home/mtouri/spot_ws/build/spot_msgs', 'catkin_cmake_args': None, 'catkin_skip_building_tests': False, 'cmake_args': None, 'cmake_clean_cache': False, 'cmake_clean_first': False, 'cmake_force_configure': False, 'cmake_target': None, 'cmake_target_skip_unavailable': False, 'install_base': '/home/mtouri/spot_ws/install/spot_msgs', 'merge_install': False, 'path': '/home/mtouri/spot_ws/src/spot_ros2/spot_msgs', 'symlink_install': True, 'test_result_base': None}
[0.576s] Level 5:colcon.colcon_core.verb:set package 'spot_wrapper' build argument 'cmake_args' from command line to 'None'
[0.576s] Level 5:colcon.colcon_core.verb:set package 'spot_wrapper' build argument 'cmake_target' from command line to 'None'
[0.576s] Level 5:colcon.colcon_core.verb:set package 'spot_wrapper' build argument 'cmake_target_skip_unavailable' from command line to 'False'
[0.576s] Level 5:colcon.colcon_core.verb:set package 'spot_wrapper' build argument 'cmake_clean_cache' from command line to 'False'
[0.576s] Level 5:colcon.colcon_core.verb:set package 'spot_wrapper' build argument 'cmake_clean_first' from command line to 'False'
[0.576s] Level 5:colcon.colcon_core.verb:set package 'spot_wrapper' build argument 'cmake_force_configure' from command line to 'False'
[0.576s] Level 5:colcon.colcon_core.verb:set package 'spot_wrapper' build argument 'ament_cmake_args' from command line to 'None'
[0.576s] Level 5:colcon.colcon_core.verb:set package 'spot_wrapper' build argument 'catkin_cmake_args' from command line to 'None'
[0.576s] Level 5:colcon.colcon_core.verb:set package 'spot_wrapper' build argument 'catkin_skip_building_tests' from command line to 'False'
[0.576s] DEBUG:colcon.colcon_core.verb:Building package 'spot_wrapper' with the following arguments: {'ament_cmake_args': None, 'build_base': '/home/mtouri/spot_ws/build/spot_wrapper', 'catkin_cmake_args': None, 'catkin_skip_building_tests': False, 'cmake_args': None, 'cmake_clean_cache': False, 'cmake_clean_first': False, 'cmake_force_configure': False, 'cmake_target': None, 'cmake_target_skip_unavailable': False, 'install_base': '/home/mtouri/spot_ws/install/spot_wrapper', 'merge_install': False, 'path': '/home/mtouri/spot_ws/src/spot_ros2/spot_wrapper', 'symlink_install': True, 'test_result_base': None}
[0.576s] Level 5:colcon.colcon_core.verb:set package 'synchros2' build argument 'cmake_args' from command line to 'None'
[0.576s] Level 5:colcon.colcon_core.verb:set package 'synchros2' build argument 'cmake_target' from command line to 'None'
[0.576s] Level 5:colcon.colcon_core.verb:set package 'synchros2' build argument 'cmake_target_skip_unavailable' from command line to 'False'
[0.576s] Level 5:colcon.colcon_core.verb:set package 'synchros2' build argument 'cmake_clean_cache' from command line to 'False'
[0.576s] Level 5:colcon.colcon_core.verb:set package 'synchros2' build argument 'cmake_clean_first' from command line to 'False'
[0.576s] Level 5:colcon.colcon_core.verb:set package 'synchros2' build argument 'cmake_force_configure' from command line to 'False'
[0.576s] Level 5:colcon.colcon_core.verb:set package 'synchros2' build argument 'ament_cmake_args' from command line to 'None'
[0.576s] Level 5:colcon.colcon_core.verb:set package 'synchros2' build argument 'catkin_cmake_args' from command line to 'None'
[0.576s] Level 5:colcon.colcon_core.verb:set package 'synchros2' build argument 'catkin_skip_building_tests' from command line to 'False'
[0.576s] DEBUG:colcon.colcon_core.verb:Building package 'synchros2' with the following arguments: {'ament_cmake_args': None, 'build_base': '/home/mtouri/spot_ws/build/synchros2', 'catkin_cmake_args': None, 'catkin_skip_building_tests': False, 'cmake_args': None, 'cmake_clean_cache': False, 'cmake_clean_first': False, 'cmake_force_configure': False, 'cmake_target': None, 'cmake_target_skip_unavailable': False, 'install_base': '/home/mtouri/spot_ws/install/synchros2', 'merge_install': False, 'path': '/home/mtouri/spot_ws/src/spot_ros2/synchros2/synchros2', 'symlink_install': True, 'test_result_base': None}
[0.576s] Level 5:colcon.colcon_core.verb:set package 'synchros2_tutorials_interfaces_example' build argument 'cmake_args' from command line to 'None'
[0.576s] Level 5:colcon.colcon_core.verb:set package 'synchros2_tutorials_interfaces_example' build argument 'cmake_target' from command line to 'None'
[0.576s] Level 5:colcon.colcon_core.verb:set package 'synchros2_tutorials_interfaces_example' build argument 'cmake_target_skip_unavailable' from command line to 'False'
[0.576s] Level 5:colcon.colcon_core.verb:set package 'synchros2_tutorials_interfaces_example' build argument 'cmake_clean_cache' from command line to 'False'
[0.576s] Level 5:colcon.colcon_core.verb:set package 'synchros2_tutorials_interfaces_example' build argument 'cmake_clean_first' from command line to 'False'
[0.576s] Level 5:colcon.colcon_core.verb:set package 'synchros2_tutorials_interfaces_example' build argument 'cmake_force_configure' from command line to 'False'
[0.576s] Level 5:colcon.colcon_core.verb:set package 'synchros2_tutorials_interfaces_example' build argument 'ament_cmake_args' from command line to 'None'
[0.576s] Level 5:colcon.colcon_core.verb:set package 'synchros2_tutorials_interfaces_example' build argument 'catkin_cmake_args' from command line to 'None'
[0.576s] Level 5:colcon.colcon_core.verb:set package 'synchros2_tutorials_interfaces_example' build argument 'catkin_skip_building_tests' from command line to 'False'
[0.576s] DEBUG:colcon.colcon_core.verb:Building package 'synchros2_tutorials_interfaces_example' with the following arguments: {'ament_cmake_args': None, 'build_base': '/home/mtouri/spot_ws/build/synchros2_tutorials_interfaces_example', 'catkin_cmake_args': None, 'catkin_skip_building_tests': False, 'cmake_args': None, 'cmake_clean_cache': False, 'cmake_clean_first': False, 'cmake_force_configure': False, 'cmake_target': None, 'cmake_target_skip_unavailable': False, 'install_base': '/home/mtouri/spot_ws/install/synchros2_tutorials_interfaces_example', 'merge_install': False, 'path': '/home/mtouri/spot_ws/src/spot_ros2/synchros2/synchros2_tutorials_interfaces_example', 'symlink_install': True, 'test_result_base': None}
[0.577s] Level 5:colcon.colcon_core.verb:set package 'spot_common' build argument 'cmake_args' from command line to 'None'
[0.577s] Level 5:colcon.colcon_core.verb:set package 'spot_common' build argument 'cmake_target' from command line to 'None'
[0.577s] Level 5:colcon.colcon_core.verb:set package 'spot_common' build argument 'cmake_target_skip_unavailable' from command line to 'False'
[0.577s] Level 5:colcon.colcon_core.verb:set package 'spot_common' build argument 'cmake_clean_cache' from command line to 'False'
[0.577s] Level 5:colcon.colcon_core.verb:set package 'spot_common' build argument 'cmake_clean_first' from command line to 'False'
[0.577s] Level 5:colcon.colcon_core.verb:set package 'spot_common' build argument 'cmake_force_configure' from command line to 'False'
[0.577s] Level 5:colcon.colcon_core.verb:set package 'spot_common' build argument 'ament_cmake_args' from command line to 'None'
[0.577s] Level 5:colcon.colcon_core.verb:set package 'spot_common' build argument 'catkin_cmake_args' from command line to 'None'
[0.577s] Level 5:colcon.colcon_core.verb:set package 'spot_common' build argument 'catkin_skip_building_tests' from command line to 'False'
[0.577s] DEBUG:colcon.colcon_core.verb:Building package 'spot_common' with the following arguments: {'ament_cmake_args': None, 'build_base': '/home/mtouri/spot_ws/build/spot_common', 'catkin_cmake_args': None, 'catkin_skip_building_tests': False, 'cmake_args': None, 'cmake_clean_cache': False, 'cmake_clean_first': False, 'cmake_force_configure': False, 'cmake_target': None, 'cmake_target_skip_unavailable': False, 'install_base': '/home/mtouri/spot_ws/install/spot_common', 'merge_install': False, 'path': '/home/mtouri/spot_ws/src/spot_ros2/spot_common', 'symlink_install': True, 'test_result_base': None}
[0.577s] Level 5:colcon.colcon_core.verb:set package 'spot_controllers' build argument 'cmake_args' from command line to 'None'
[0.577s] Level 5:colcon.colcon_core.verb:set package 'spot_controllers' build argument 'cmake_target' from command line to 'None'
[0.577s] Level 5:colcon.colcon_core.verb:set package 'spot_controllers' build argument 'cmake_target_skip_unavailable' from command line to 'False'
[0.577s] Level 5:colcon.colcon_core.verb:set package 'spot_controllers' build argument 'cmake_clean_cache' from command line to 'False'
[0.577s] Level 5:colcon.colcon_core.verb:set package 'spot_controllers' build argument 'cmake_clean_first' from command line to 'False'
[0.577s] Level 5:colcon.colcon_core.verb:set package 'spot_controllers' build argument 'cmake_force_configure' from command line to 'False'
[0.577s] Level 5:colcon.colcon_core.verb:set package 'spot_controllers' build argument 'ament_cmake_args' from command line to 'None'
[0.577s] Level 5:colcon.colcon_core.verb:set package 'spot_controllers' build argument 'catkin_cmake_args' from command line to 'None'
[0.577s] Level 5:colcon.colcon_core.verb:set package 'spot_controllers' build argument 'catkin_skip_building_tests' from command line to 'False'
[0.577s] DEBUG:colcon.colcon_core.verb:Building package 'spot_controllers' with the following arguments: {'ament_cmake_args': None, 'build_base': '/home/mtouri/spot_ws/build/spot_controllers', 'catkin_cmake_args': None, 'catkin_skip_building_tests': False, 'cmake_args': None, 'cmake_clean_cache': False, 'cmake_clean_first': False, 'cmake_force_configure': False, 'cmake_target': None, 'cmake_target_skip_unavailable': False, 'install_base': '/home/mtouri/spot_ws/install/spot_controllers', 'merge_install': False, 'path': '/home/mtouri/spot_ws/src/spot_ros2/spot_controllers', 'symlink_install': True, 'test_result_base': None}
[0.577s] Level 5:colcon.colcon_core.verb:set package 'spot_examples' build argument 'cmake_args' from command line to 'None'
[0.577s] Level 5:colcon.colcon_core.verb:set package 'spot_examples' build argument 'cmake_target' from command line to 'None'
[0.577s] Level 5:colcon.colcon_core.verb:set package 'spot_examples' build argument 'cmake_target_skip_unavailable' from command line to 'False'
[0.577s] Level 5:colcon.colcon_core.verb:set package 'spot_examples' build argument 'cmake_clean_cache' from command line to 'False'
[0.577s] Level 5:colcon.colcon_core.verb:set package 'spot_examples' build argument 'cmake_clean_first' from command line to 'False'
[0.577s] Level 5:colcon.colcon_core.verb:set package 'spot_examples' build argument 'cmake_force_configure' from command line to 'False'
[0.577s] Level 5:colcon.colcon_core.verb:set package 'spot_examples' build argument 'ament_cmake_args' from command line to 'None'
[0.577s] Level 5:colcon.colcon_core.verb:set package 'spot_examples' build argument 'catkin_cmake_args' from command line to 'None'
[0.577s] Level 5:colcon.colcon_core.verb:set package 'spot_examples' build argument 'catkin_skip_building_tests' from command line to 'False'
[0.577s] DEBUG:colcon.colcon_core.verb:Building package 'spot_examples' with the following arguments: {'ament_cmake_args': None, 'build_base': '/home/mtouri/spot_ws/build/spot_examples', 'catkin_cmake_args': None, 'catkin_skip_building_tests': False, 'cmake_args': None, 'cmake_clean_cache': False, 'cmake_clean_first': False, 'cmake_force_configure': False, 'cmake_target': None, 'cmake_target_skip_unavailable': False, 'install_base': '/home/mtouri/spot_ws/install/spot_examples', 'merge_install': False, 'path': '/home/mtouri/spot_ws/src/spot_ros2/spot_examples', 'symlink_install': True, 'test_result_base': None}
[0.578s] Level 5:colcon.colcon_core.verb:set package 'spot_hardware_interface' build argument 'cmake_args' from command line to 'None'
[0.578s] Level 5:colcon.colcon_core.verb:set package 'spot_hardware_interface' build argument 'cmake_target' from command line to 'None'
[0.578s] Level 5:colcon.colcon_core.verb:set package 'spot_hardware_interface' build argument 'cmake_target_skip_unavailable' from command line to 'False'
[0.578s] Level 5:colcon.colcon_core.verb:set package 'spot_hardware_interface' build argument 'cmake_clean_cache' from command line to 'False'
[0.578s] Level 5:colcon.colcon_core.verb:set package 'spot_hardware_interface' build argument 'cmake_clean_first' from command line to 'False'
[0.578s] Level 5:colcon.colcon_core.verb:set package 'spot_hardware_interface' build argument 'cmake_force_configure' from command line to 'False'
[0.578s] Level 5:colcon.colcon_core.verb:set package 'spot_hardware_interface' build argument 'ament_cmake_args' from command line to 'None'
[0.578s] Level 5:colcon.colcon_core.verb:set package 'spot_hardware_interface' build argument 'catkin_cmake_args' from command line to 'None'
[0.578s] Level 5:colcon.colcon_core.verb:set package 'spot_hardware_interface' build argument 'catkin_skip_building_tests' from command line to 'False'
[0.578s] DEBUG:colcon.colcon_core.verb:Building package 'spot_hardware_interface' with the following arguments: {'ament_cmake_args': None, 'build_base': '/home/mtouri/spot_ws/build/spot_hardware_interface', 'catkin_cmake_args': None, 'catkin_skip_building_tests': False, 'cmake_args': None, 'cmake_clean_cache': False, 'cmake_clean_first': False, 'cmake_force_configure': False, 'cmake_target': None, 'cmake_target_skip_unavailable': False, 'install_base': '/home/mtouri/spot_ws/install/spot_hardware_interface', 'merge_install': False, 'path': '/home/mtouri/spot_ws/src/spot_ros2/spot_hardware_interface', 'symlink_install': True, 'test_result_base': None}
[0.578s] Level 5:colcon.colcon_core.verb:set package 'spot_rviz_plugins' build argument 'cmake_args' from command line to 'None'
[0.578s] Level 5:colcon.colcon_core.verb:set package 'spot_rviz_plugins' build argument 'cmake_target' from command line to 'None'
[0.578s] Level 5:colcon.colcon_core.verb:set package 'spot_rviz_plugins' build argument 'cmake_target_skip_unavailable' from command line to 'False'
[0.578s] Level 5:colcon.colcon_core.verb:set package 'spot_rviz_plugins' build argument 'cmake_clean_cache' from command line to 'False'
[0.578s] Level 5:colcon.colcon_core.verb:set package 'spot_rviz_plugins' build argument 'cmake_clean_first' from command line to 'False'
[0.578s] Level 5:colcon.colcon_core.verb:set package 'spot_rviz_plugins' build argument 'cmake_force_configure' from command line to 'False'
[0.578s] Level 5:colcon.colcon_core.verb:set package 'spot_rviz_plugins' build argument 'ament_cmake_args' from command line to 'None'
[0.578s] Level 5:colcon.colcon_core.verb:set package 'spot_rviz_plugins' build argument 'catkin_cmake_args' from command line to 'None'
[0.578s] Level 5:colcon.colcon_core.verb:set package 'spot_rviz_plugins' build argument 'catkin_skip_building_tests' from command line to 'False'
[0.578s] DEBUG:colcon.colcon_core.verb:Building package 'spot_rviz_plugins' with the following arguments: {'ament_cmake_args': None, 'build_base': '/home/mtouri/spot_ws/build/spot_rviz_plugins', 'catkin_cmake_args': None, 'catkin_skip_building_tests': False, 'cmake_args': None, 'cmake_clean_cache': False, 'cmake_clean_first': False, 'cmake_force_configure': False, 'cmake_target': None, 'cmake_target_skip_unavailable': False, 'install_base': '/home/mtouri/spot_ws/install/spot_rviz_plugins', 'merge_install': False, 'path': '/home/mtouri/spot_ws/src/spot_ros2/spot_rviz_plugins', 'symlink_install': True, 'test_result_base': None}
[0.578s] Level 5:colcon.colcon_core.verb:set package 'synchros2_tutorials_example' build argument 'cmake_args' from command line to 'None'
[0.578s] Level 5:colcon.colcon_core.verb:set package 'synchros2_tutorials_example' build argument 'cmake_target' from command line to 'None'
[0.578s] Level 5:colcon.colcon_core.verb:set package 'synchros2_tutorials_example' build argument 'cmake_target_skip_unavailable' from command line to 'False'
[0.578s] Level 5:colcon.colcon_core.verb:set package 'synchros2_tutorials_example' build argument 'cmake_clean_cache' from command line to 'False'
[0.578s] Level 5:colcon.colcon_core.verb:set package 'synchros2_tutorials_example' build argument 'cmake_clean_first' from command line to 'False'
[0.578s] Level 5:colcon.colcon_core.verb:set package 'synchros2_tutorials_example' build argument 'cmake_force_configure' from command line to 'False'
[0.578s] Level 5:colcon.colcon_core.verb:set package 'synchros2_tutorials_example' build argument 'ament_cmake_args' from command line to 'None'
[0.578s] Level 5:colcon.colcon_core.verb:set package 'synchros2_tutorials_example' build argument 'catkin_cmake_args' from command line to 'None'
[0.578s] Level 5:colcon.colcon_core.verb:set package 'synchros2_tutorials_example' build argument 'catkin_skip_building_tests' from command line to 'False'
[0.578s] DEBUG:colcon.colcon_core.verb:Building package 'synchros2_tutorials_example' with the following arguments: {'ament_cmake_args': None, 'build_base': '/home/mtouri/spot_ws/build/synchros2_tutorials_example', 'catkin_cmake_args': None, 'catkin_skip_building_tests': False, 'cmake_args': None, 'cmake_clean_cache': False, 'cmake_clean_first': False, 'cmake_force_configure': False, 'cmake_target': None, 'cmake_target_skip_unavailable': False, 'install_base': '/home/mtouri/spot_ws/install/synchros2_tutorials_example', 'merge_install': False, 'path': '/home/mtouri/spot_ws/src/spot_ros2/synchros2/synchros2_tutorials_example', 'symlink_install': True, 'test_result_base': None}
[0.579s] Level 5:colcon.colcon_core.verb:set package 'spot_ros2_control' build argument 'cmake_args' from command line to 'None'
[0.579s] Level 5:colcon.colcon_core.verb:set package 'spot_ros2_control' build argument 'cmake_target' from command line to 'None'
[0.579s] Level 5:colcon.colcon_core.verb:set package 'spot_ros2_control' build argument 'cmake_target_skip_unavailable' from command line to 'False'
[0.579s] Level 5:colcon.colcon_core.verb:set package 'spot_ros2_control' build argument 'cmake_clean_cache' from command line to 'False'
[0.579s] Level 5:colcon.colcon_core.verb:set package 'spot_ros2_control' build argument 'cmake_clean_first' from command line to 'False'
[0.579s] Level 5:colcon.colcon_core.verb:set package 'spot_ros2_control' build argument 'cmake_force_configure' from command line to 'False'
[0.579s] Level 5:colcon.colcon_core.verb:set package 'spot_ros2_control' build argument 'ament_cmake_args' from command line to 'None'
[0.579s] Level 5:colcon.colcon_core.verb:set package 'spot_ros2_control' build argument 'catkin_cmake_args' from command line to 'None'
[0.579s] Level 5:colcon.colcon_core.verb:set package 'spot_ros2_control' build argument 'catkin_skip_building_tests' from command line to 'False'
[0.579s] DEBUG:colcon.colcon_core.verb:Building package 'spot_ros2_control' with the following arguments: {'ament_cmake_args': None, 'build_base': '/home/mtouri/spot_ws/build/spot_ros2_control', 'catkin_cmake_args': None, 'catkin_skip_building_tests': False, 'cmake_args': None, 'cmake_clean_cache': False, 'cmake_clean_first': False, 'cmake_force_configure': False, 'cmake_target': None, 'cmake_target_skip_unavailable': False, 'install_base': '/home/mtouri/spot_ws/install/spot_ros2_control', 'merge_install': False, 'path': '/home/mtouri/spot_ws/src/spot_ros2/spot_ros2_control', 'symlink_install': True, 'test_result_base': None}
[0.579s] Level 5:colcon.colcon_core.verb:set package 'spot_driver' build argument 'cmake_args' from command line to 'None'
[0.579s] Level 5:colcon.colcon_core.verb:set package 'spot_driver' build argument 'cmake_target' from command line to 'None'
[0.579s] Level 5:colcon.colcon_core.verb:set package 'spot_driver' build argument 'cmake_target_skip_unavailable' from command line to 'False'
[0.579s] Level 5:colcon.colcon_core.verb:set package 'spot_driver' build argument 'cmake_clean_cache' from command line to 'False'
[0.579s] Level 5:colcon.colcon_core.verb:set package 'spot_driver' build argument 'cmake_clean_first' from command line to 'False'
[0.579s] Level 5:colcon.colcon_core.verb:set package 'spot_driver' build argument 'cmake_force_configure' from command line to 'False'
[0.579s] Level 5:colcon.colcon_core.verb:set package 'spot_driver' build argument 'ament_cmake_args' from command line to 'None'
[0.579s] Level 5:colcon.colcon_core.verb:set package 'spot_driver' build argument 'catkin_cmake_args' from command line to 'None'
[0.579s] Level 5:colcon.colcon_core.verb:set package 'spot_driver' build argument 'catkin_skip_building_tests' from command line to 'False'
[0.579s] DEBUG:colcon.colcon_core.verb:Building package 'spot_driver' with the following arguments: {'ament_cmake_args': None, 'build_base': '/home/mtouri/spot_ws/build/spot_driver', 'catkin_cmake_args': None, 'catkin_skip_building_tests': False, 'cmake_args': None, 'cmake_clean_cache': False, 'cmake_clean_first': False, 'cmake_force_configure': False, 'cmake_target': None, 'cmake_target_skip_unavailable': False, 'install_base': '/home/mtouri/spot_ws/install/spot_driver', 'merge_install': False, 'path': '/home/mtouri/spot_ws/src/spot_ros2/spot_driver', 'symlink_install': True, 'test_result_base': None}
[0.579s] INFO:colcon.colcon_core.executor:Executing jobs using 'parallel' executor
[0.580s] DEBUG:colcon.colcon_parallel_executor.executor.parallel:run_until_complete
[0.580s] INFO:colcon.colcon_ros.task.ament_cmake.build:Building ROS package in '/home/mtouri/spot_ws/src/spot_ros2/spot_msgs' with build type 'ament_cmake'
[0.580s] INFO:colcon.colcon_cmake.task.cmake.build:Building CMake package in '/home/mtouri/spot_ws/src/spot_ros2/spot_msgs'
[0.582s] INFO:colcon.colcon_core.plugin_system:Skipping extension 'colcon_core.shell.bat': Not used on non-Windows systems
[0.582s] INFO:colcon.colcon_core.shell:Skip shell extension 'powershell' for command environment: Not usable outside of PowerShell
[0.582s] DEBUG:colcon.colcon_core.shell:Skip shell extension 'dsv' for command environment
[0.585s] INFO:colcon.colcon_ros.task.ament_python.build:Building ROS package in '/home/mtouri/spot_ws/src/spot_ros2/synchros2/synchros2' with build type 'ament_python'
[0.585s] Level 1:colcon.colcon_core.shell:create_environment_hook('synchros2', 'ament_prefix_path')
[0.585s] INFO:colcon.colcon_core.shell:Creating environment hook '/home/mtouri/spot_ws/install/synchros2/share/synchros2/hook/ament_prefix_path.ps1'
[0.586s] INFO:colcon.colcon_core.shell:Creating environment descriptor '/home/mtouri/spot_ws/install/synchros2/share/synchros2/hook/ament_prefix_path.dsv'
[0.586s] INFO:colcon.colcon_core.shell:Creating environment hook '/home/mtouri/spot_ws/install/synchros2/share/synchros2/hook/ament_prefix_path.sh'
[0.586s] INFO:colcon.colcon_core.shell:Skip shell extension 'powershell' for command environment: Not usable outside of PowerShell
[0.586s] DEBUG:colcon.colcon_core.shell:Skip shell extension 'dsv' for command environment
[0.588s] INFO:colcon.colcon_ros.task.ament_cmake.build:Building ROS package in '/home/mtouri/spot_ws/src/spot_ros2/spot_description/spot_description' with build type 'ament_cmake'
[0.588s] INFO:colcon.colcon_cmake.task.cmake.build:Building CMake package in '/home/mtouri/spot_ws/src/spot_ros2/spot_description/spot_description'
[0.589s] INFO:colcon.colcon_core.shell:Skip shell extension 'powershell' for command environment: Not usable outside of PowerShell
[0.589s] DEBUG:colcon.colcon_core.shell:Skip shell extension 'dsv' for command environment
[0.591s] INFO:colcon.colcon_core.task.python.build:Building Python package in '/home/mtouri/spot_ws/src/spot_ros2/spot_wrapper'
[0.591s] INFO:colcon.colcon_core.shell:Skip shell extension 'powershell' for command environment: Not usable outside of PowerShell
[0.591s] DEBUG:colcon.colcon_core.shell:Skip shell extension 'dsv' for command environment
[0.593s] INFO:colcon.colcon_ros.task.ament_cmake.build:Building ROS package in '/home/mtouri/spot_ws/src/spot_ros2/synchros2/synchros2_tutorials_interfaces_example' with build type 'ament_cmake'
[0.593s] INFO:colcon.colcon_cmake.task.cmake.build:Building CMake package in '/home/mtouri/spot_ws/src/spot_ros2/synchros2/synchros2_tutorials_interfaces_example'
[0.593s] INFO:colcon.colcon_core.shell:Skip shell extension 'powershell' for command environment: Not usable outside of PowerShell
[0.593s] DEBUG:colcon.colcon_core.shell:Skip shell extension 'dsv' for command environment
[0.599s] DEBUG:colcon.colcon_core.event_handler.log_command:Invoking command in '/home/mtouri/spot_ws/build/spot_msgs': CMAKE_PREFIX_PATH=/opt/ros/humble /usr/bin/cmake /home/mtouri/spot_ws/src/spot_ros2/spot_msgs -DAMENT_CMAKE_SYMLINK_INSTALL=1 -DCMAKE_INSTALL_PREFIX=/home/mtouri/spot_ws/install/spot_msgs
[0.835s] INFO:colcon.colcon_core.task.python.build:Building Python package in '/home/mtouri/spot_ws/src/spot_ros2/synchros2/synchros2'
[0.835s] INFO:colcon.colcon_core.shell:Skip shell extension 'powershell' for command environment: Not usable outside of PowerShell
[0.835s] DEBUG:colcon.colcon_core.shell:Skip shell extension 'dsv' for command environment
[0.841s] DEBUG:colcon.colcon_core.event_handler.log_command:Invoking command in '/home/mtouri/spot_ws/build/spot_description': CMAKE_PREFIX_PATH=/opt/ros/humble /usr/bin/cmake /home/mtouri/spot_ws/src/spot_ros2/spot_description/spot_description -DAMENT_CMAKE_SYMLINK_INSTALL=1 -DCMAKE_INSTALL_PREFIX=/home/mtouri/spot_ws/install/spot_description
[1.092s] DEBUG:colcon.colcon_core.event_handler.log_command:Invoking command in '/home/mtouri/spot_ws/build/synchros2_tutorials_interfaces_example': CMAKE_PREFIX_PATH=/opt/ros/humble /usr/bin/cmake /home/mtouri/spot_ws/src/spot_ros2/synchros2/synchros2_tutorials_interfaces_example -DAMENT_CMAKE_SYMLINK_INSTALL=1 -DCMAKE_INSTALL_PREFIX=/home/mtouri/spot_ws/install/synchros2_tutorials_interfaces_example
[1.429s] DEBUG:colcon.colcon_core.event_handler.log_command:Invoked command in '/home/mtouri/spot_ws/build/spot_description' returned '0': CMAKE_PREFIX_PATH=/opt/ros/humble /usr/bin/cmake /home/mtouri/spot_ws/src/spot_ros2/spot_description/spot_description -DAMENT_CMAKE_SYMLINK_INSTALL=1 -DCMAKE_INSTALL_PREFIX=/home/mtouri/spot_ws/install/spot_description
[1.431s] DEBUG:colcon.colcon_core.event_handler.log_command:Invoking command in '/home/mtouri/spot_ws/build/spot_description': CMAKE_PREFIX_PATH=/opt/ros/humble /usr/bin/cmake --build /home/mtouri/spot_ws/build/spot_description -- -j16 -l16
[1.478s] DEBUG:colcon.colcon_core.event_handler.log_command:Invoked command in '/home/mtouri/spot_ws/build/spot_description' returned '0': CMAKE_PREFIX_PATH=/opt/ros/humble /usr/bin/cmake --build /home/mtouri/spot_ws/build/spot_description -- -j16 -l16
[1.492s] DEBUG:colcon.colcon_core.event_handler.log_command:Invoking command in '/home/mtouri/spot_ws/build/spot_description': CMAKE_PREFIX_PATH=/opt/ros/humble /usr/bin/cmake --install /home/mtouri/spot_ws/build/spot_description
[1.497s] DEBUG:colcon.colcon_core.event_handler.log_command:Invoking command in '/home/mtouri/spot_ws/build/synchros2': PYTHONPATH=/home/mtouri/spot_ws/build/synchros2/prefix_override:/usr/lib/python3/dist-packages/colcon_core/task/python/colcon_distutils_commands:/home/mtouri/spot_ws/install/synchros2/lib/python3.10/site-packages:${PYTHONPATH} /usr/bin/python3 -W ignore:setup.py install is deprecated -W ignore:easy_install command is deprecated setup.py develop --editable --build-directory /home/mtouri/spot_ws/build/synchros2/build --no-deps symlink_data
[1.498s] DEBUG:colcon.colcon_core.event_handler.log_command:Invoking command in '/home/mtouri/spot_ws/build/spot_wrapper': PYTHONPATH=/home/mtouri/spot_ws/build/spot_wrapper/prefix_override:/usr/lib/python3/dist-packages/colcon_core/task/python/colcon_distutils_commands:/home/mtouri/spot_ws/install/spot_wrapper/lib/python3.10/site-packages:${PYTHONPATH} /usr/bin/python3 -W ignore:setup.py install is deprecated -W ignore:easy_install command is deprecated setup.py develop --editable --build-directory /home/mtouri/spot_ws/build/spot_wrapper/build --no-deps
[2.000s] Level 1:colcon.colcon_core.shell:create_environment_hook('spot_wrapper', 'pythonpath_develop')
[2.001s] INFO:colcon.colcon_core.shell:Creating environment hook '/home/mtouri/spot_ws/build/spot_wrapper/share/spot_wrapper/hook/pythonpath_develop.ps1'
[2.002s] DEBUG:colcon.colcon_core.event_handler.log_command:Invoked command in '/home/mtouri/spot_ws/build/spot_wrapper' returned '0': PYTHONPATH=/home/mtouri/spot_ws/build/spot_wrapper/prefix_override:/usr/lib/python3/dist-packages/colcon_core/task/python/colcon_distutils_commands:/home/mtouri/spot_ws/install/spot_wrapper/lib/python3.10/site-packages:${PYTHONPATH} /usr/bin/python3 -W ignore:setup.py install is deprecated -W ignore:easy_install command is deprecated setup.py develop --editable --build-directory /home/mtouri/spot_ws/build/spot_wrapper/build --no-deps
[2.002s] INFO:colcon.colcon_core.shell:Creating environment descriptor '/home/mtouri/spot_ws/build/spot_wrapper/share/spot_wrapper/hook/pythonpath_develop.dsv'
[2.002s] INFO:colcon.colcon_core.shell:Creating environment hook '/home/mtouri/spot_ws/build/spot_wrapper/share/spot_wrapper/hook/pythonpath_develop.sh'
[2.004s] Level 1:colcon.colcon_core.environment:checking '/home/mtouri/spot_ws/install/spot_wrapper' for CMake module files
[2.005s] Level 1:colcon.colcon_core.environment:checking '/home/mtouri/spot_ws/install/spot_wrapper' for CMake config files
[2.005s] Level 1:colcon.colcon_core.environment:checking '/home/mtouri/spot_ws/install/spot_wrapper/lib'
[2.005s] Level 1:colcon.colcon_core.environment:checking '/home/mtouri/spot_ws/install/spot_wrapper/bin'
[2.005s] Level 1:colcon.colcon_core.environment:checking '/home/mtouri/spot_ws/install/spot_wrapper/lib/pkgconfig/spot_wrapper.pc'
[2.005s] Level 1:colcon.colcon_core.environment:checking '/home/mtouri/spot_ws/install/spot_wrapper/lib/python3.10/site-packages'
[2.005s] Level 1:colcon.colcon_core.shell:create_environment_hook('spot_wrapper', 'pythonpath')
[2.006s] INFO:colcon.colcon_core.shell:Creating environment hook '/home/mtouri/spot_ws/install/spot_wrapper/share/spot_wrapper/hook/pythonpath.ps1'
[2.006s] INFO:colcon.colcon_core.shell:Creating environment descriptor '/home/mtouri/spot_ws/install/spot_wrapper/share/spot_wrapper/hook/pythonpath.dsv'
[2.006s] INFO:colcon.colcon_core.shell:Creating environment hook '/home/mtouri/spot_ws/install/spot_wrapper/share/spot_wrapper/hook/pythonpath.sh'
[2.007s] Level 1:colcon.colcon_core.environment:checking '/home/mtouri/spot_ws/install/spot_wrapper/bin'
[2.007s] Level 1:colcon.colcon_core.environment:create_environment_scripts_only(spot_wrapper)
[2.007s] INFO:colcon.colcon_core.shell:Creating package script '/home/mtouri/spot_ws/install/spot_wrapper/share/spot_wrapper/package.ps1'
[2.008s] INFO:colcon.colcon_core.shell:Creating package descriptor '/home/mtouri/spot_ws/install/spot_wrapper/share/spot_wrapper/package.dsv'
[2.009s] INFO:colcon.colcon_core.shell:Creating package script '/home/mtouri/spot_ws/install/spot_wrapper/share/spot_wrapper/package.sh'
[2.009s] INFO:colcon.colcon_core.shell:Creating package script '/home/mtouri/spot_ws/install/spot_wrapper/share/spot_wrapper/package.bash'
[2.010s] INFO:colcon.colcon_core.shell:Creating package script '/home/mtouri/spot_ws/install/spot_wrapper/share/spot_wrapper/package.zsh'
[2.010s] Level 1:colcon.colcon_core.environment:create_file_with_runtime_dependencies(/home/mtouri/spot_ws/install/spot_wrapper/share/colcon-core/packages/spot_wrapper)
[2.011s] Level 1:colcon.colcon_core.shell:create_environment_hook('synchros2', 'pythonpath_develop')
[2.012s] INFO:colcon.colcon_core.shell:Creating environment hook '/home/mtouri/spot_ws/build/synchros2/share/synchros2/hook/pythonpath_develop.ps1'
[2.012s] DEBUG:colcon.colcon_core.event_handler.log_command:Invoked command in '/home/mtouri/spot_ws/build/synchros2' returned '0': PYTHONPATH=/home/mtouri/spot_ws/build/synchros2/prefix_override:/usr/lib/python3/dist-packages/colcon_core/task/python/colcon_distutils_commands:/home/mtouri/spot_ws/install/synchros2/lib/python3.10/site-packages:${PYTHONPATH} /usr/bin/python3 -W ignore:setup.py install is deprecated -W ignore:easy_install command is deprecated setup.py develop --editable --build-directory /home/mtouri/spot_ws/build/synchros2/build --no-deps symlink_data
[2.012s] INFO:colcon.colcon_core.shell:Creating environment descriptor '/home/mtouri/spot_ws/build/synchros2/share/synchros2/hook/pythonpath_develop.dsv'
[2.013s] INFO:colcon.colcon_core.shell:Creating environment hook '/home/mtouri/spot_ws/build/synchros2/share/synchros2/hook/pythonpath_develop.sh'
[2.013s] Level 1:colcon.colcon_core.environment:checking '/home/mtouri/spot_ws/install/synchros2' for CMake module files
[2.013s] Level 1:colcon.colcon_core.environment:checking '/home/mtouri/spot_ws/install/synchros2' for CMake config files
[2.014s] Level 1:colcon.colcon_core.environment:checking '/home/mtouri/spot_ws/install/synchros2/lib'
[2.014s] Level 1:colcon.colcon_core.environment:checking '/home/mtouri/spot_ws/install/synchros2/bin'
[2.014s] Level 1:colcon.colcon_core.environment:checking '/home/mtouri/spot_ws/install/synchros2/lib/pkgconfig/synchros2.pc'
[2.014s] Level 1:colcon.colcon_core.environment:checking '/home/mtouri/spot_ws/install/synchros2/lib/python3.10/site-packages'
[2.014s] Level 1:colcon.colcon_core.shell:create_environment_hook('synchros2', 'pythonpath')
[2.014s] INFO:colcon.colcon_core.shell:Creating environment hook '/home/mtouri/spot_ws/install/synchros2/share/synchros2/hook/pythonpath.ps1'
[2.014s] INFO:colcon.colcon_core.shell:Creating environment descriptor '/home/mtouri/spot_ws/install/synchros2/share/synchros2/hook/pythonpath.dsv'
[2.015s] INFO:colcon.colcon_core.shell:Creating environment hook '/home/mtouri/spot_ws/install/synchros2/share/synchros2/hook/pythonpath.sh'
[2.015s] Level 1:colcon.colcon_core.environment:checking '/home/mtouri/spot_ws/install/synchros2/bin'
[2.015s] Level 1:colcon.colcon_core.environment:create_environment_scripts_only(synchros2)
[2.016s] INFO:colcon.colcon_core.shell:Creating package script '/home/mtouri/spot_ws/install/synchros2/share/synchros2/package.ps1'
[2.016s] INFO:colcon.colcon_core.shell:Creating package descriptor '/home/mtouri/spot_ws/install/synchros2/share/synchros2/package.dsv'
[2.017s] INFO:colcon.colcon_core.shell:Creating package script '/home/mtouri/spot_ws/install/synchros2/share/synchros2/package.sh'
[2.017s] INFO:colcon.colcon_core.shell:Creating package script '/home/mtouri/spot_ws/install/synchros2/share/synchros2/package.bash'
[2.017s] INFO:colcon.colcon_core.shell:Creating package script '/home/mtouri/spot_ws/install/synchros2/share/synchros2/package.zsh'
[2.018s] Level 1:colcon.colcon_core.environment:create_file_with_runtime_dependencies(/home/mtouri/spot_ws/install/synchros2/share/colcon-core/packages/synchros2)
[2.018s] INFO:colcon.colcon_ros.task.ament_python.build:Building ROS package in '/home/mtouri/spot_ws/src/spot_ros2/spot_common' with build type 'ament_python'
[2.018s] Level 1:colcon.colcon_core.shell:create_environment_hook('spot_common', 'ament_prefix_path')
[2.019s] INFO:colcon.colcon_core.shell:Creating environment hook '/home/mtouri/spot_ws/install/spot_common/share/spot_common/hook/ament_prefix_path.ps1'
[2.019s] INFO:colcon.colcon_core.shell:Creating environment descriptor '/home/mtouri/spot_ws/install/spot_common/share/spot_common/hook/ament_prefix_path.dsv'
[2.020s] INFO:colcon.colcon_core.shell:Creating environment hook '/home/mtouri/spot_ws/install/spot_common/share/spot_common/hook/ament_prefix_path.sh'
[2.020s] INFO:colcon.colcon_core.shell:Skip shell extension 'powershell' for command environment: Not usable outside of PowerShell
[2.020s] DEBUG:colcon.colcon_core.shell:Skip shell extension 'dsv' for command environment
[2.023s] INFO:colcon.colcon_ros.task.ament_python.build:Building ROS package in '/home/mtouri/spot_ws/src/spot_ros2/spot_examples' with build type 'ament_python'
[2.023s] Level 1:colcon.colcon_core.shell:create_environment_hook('spot_examples', 'ament_prefix_path')
[2.023s] INFO:colcon.colcon_core.shell:Creating environment hook '/home/mtouri/spot_ws/install/spot_examples/share/spot_examples/hook/ament_prefix_path.ps1'
[2.024s] INFO:colcon.colcon_core.shell:Creating environment descriptor '/home/mtouri/spot_ws/install/spot_examples/share/spot_examples/hook/ament_prefix_path.dsv'
[2.024s] INFO:colcon.colcon_core.shell:Creating environment hook '/home/mtouri/spot_ws/install/spot_examples/share/spot_examples/hook/ament_prefix_path.sh'
[2.024s] INFO:colcon.colcon_core.shell:Skip shell extension 'powershell' for command environment: Not usable outside of PowerShell
[2.024s] DEBUG:colcon.colcon_core.shell:Skip shell extension 'dsv' for command environment
[2.297s] INFO:colcon.colcon_core.task.python.build:Building Python package in '/home/mtouri/spot_ws/src/spot_ros2/spot_common'
[2.298s] INFO:colcon.colcon_core.shell:Skip shell extension 'powershell' for command environment: Not usable outside of PowerShell
[2.298s] DEBUG:colcon.colcon_core.shell:Skip shell extension 'dsv' for command environment
[2.567s] INFO:colcon.colcon_core.task.python.build:Building Python package in '/home/mtouri/spot_ws/src/spot_ros2/spot_examples'
[2.567s] INFO:colcon.colcon_core.shell:Skip shell extension 'powershell' for command environment: Not usable outside of PowerShell
[2.567s] DEBUG:colcon.colcon_core.shell:Skip shell extension 'dsv' for command environment
[2.573s] DEBUG:colcon.colcon_core.event_handler.log_command:Invoked command in '/home/mtouri/spot_ws/build/synchros2_tutorials_interfaces_example' returned '0': CMAKE_PREFIX_PATH=/opt/ros/humble /usr/bin/cmake /home/mtouri/spot_ws/src/spot_ros2/synchros2/synchros2_tutorials_interfaces_example -DAMENT_CMAKE_SYMLINK_INSTALL=1 -DCMAKE_INSTALL_PREFIX=/home/mtouri/spot_ws/install/synchros2_tutorials_interfaces_example
[2.573s] DEBUG:colcon.colcon_core.event_handler.log_command:Invoking command in '/home/mtouri/spot_ws/build/synchros2_tutorials_interfaces_example': CMAKE_PREFIX_PATH=/opt/ros/humble /usr/bin/cmake --build /home/mtouri/spot_ws/build/synchros2_tutorials_interfaces_example -- -j16 -l16
[2.673s] Level 1:colcon.colcon_core.environment:create_environment_scripts_only(spot_description)
[2.673s] Level 1:colcon.colcon_core.environment:checking '/home/mtouri/spot_ws/install/spot_description' for CMake module files
[2.674s] DEBUG:colcon.colcon_core.event_handler.log_command:Invoked command in '/home/mtouri/spot_ws/build/spot_description' returned '0': CMAKE_PREFIX_PATH=/opt/ros/humble /usr/bin/cmake --install /home/mtouri/spot_ws/build/spot_description
[2.674s] Level 1:colcon.colcon_core.environment:checking '/home/mtouri/spot_ws/install/spot_description' for CMake config files
[2.675s] Level 1:colcon.colcon_core.shell:create_environment_hook('spot_description', 'cmake_prefix_path')
[2.675s] INFO:colcon.colcon_core.shell:Creating environment hook '/home/mtouri/spot_ws/install/spot_description/share/spot_description/hook/cmake_prefix_path.ps1'
[2.676s] INFO:colcon.colcon_core.shell:Creating environment descriptor '/home/mtouri/spot_ws/install/spot_description/share/spot_description/hook/cmake_prefix_path.dsv'
[2.676s] INFO:colcon.colcon_core.shell:Creating environment hook '/home/mtouri/spot_ws/install/spot_description/share/spot_description/hook/cmake_prefix_path.sh'
[2.677s] Level 1:colcon.colcon_core.environment:checking '/home/mtouri/spot_ws/install/spot_description/bin'
[2.677s] Level 1:colcon.colcon_core.environment:checking '/home/mtouri/spot_ws/install/spot_description/lib/pkgconfig/spot_description.pc'
[2.677s] Level 1:colcon.colcon_core.environment:checking '/home/mtouri/spot_ws/install/spot_description/lib/python3.10/site-packages'
[2.678s] Level 1:colcon.colcon_core.environment:checking '/home/mtouri/spot_ws/install/spot_description/bin'
[2.678s] INFO:colcon.colcon_core.shell:Creating package script '/home/mtouri/spot_ws/install/spot_description/share/spot_description/package.ps1'
[2.679s] INFO:colcon.colcon_core.shell:Creating package descriptor '/home/mtouri/spot_ws/install/spot_description/share/spot_description/package.dsv'
[2.680s] INFO:colcon.colcon_core.shell:Creating package script '/home/mtouri/spot_ws/install/spot_description/share/spot_description/package.sh'
[2.680s] INFO:colcon.colcon_core.shell:Creating package script '/home/mtouri/spot_ws/install/spot_description/share/spot_description/package.bash'
[2.680s] INFO:colcon.colcon_core.shell:Creating package script '/home/mtouri/spot_ws/install/spot_description/share/spot_description/package.zsh'
[2.681s] Level 1:colcon.colcon_core.environment:create_file_with_runtime_dependencies(/home/mtouri/spot_ws/install/spot_description/share/colcon-core/packages/spot_description)
[2.682s] Level 1:colcon.colcon_core.environment:create_environment_scripts_only(spot_description)
[2.682s] Level 1:colcon.colcon_core.environment:checking '/home/mtouri/spot_ws/install/spot_description' for CMake module files
[2.683s] Level 1:colcon.colcon_core.environment:checking '/home/mtouri/spot_ws/install/spot_description' for CMake config files
[2.683s] Level 1:colcon.colcon_core.shell:create_environment_hook('spot_description', 'cmake_prefix_path')
[2.684s] INFO:colcon.colcon_core.shell:Creating environment hook '/home/mtouri/spot_ws/install/spot_description/share/spot_description/hook/cmake_prefix_path.ps1'
[2.684s] INFO:colcon.colcon_core.shell:Creating environment descriptor '/home/mtouri/spot_ws/install/spot_description/share/spot_description/hook/cmake_prefix_path.dsv'
[2.685s] INFO:colcon.colcon_core.shell:Creating environment hook '/home/mtouri/spot_ws/install/spot_description/share/spot_description/hook/cmake_prefix_path.sh'
[2.686s] Level 1:colcon.colcon_core.environment:checking '/home/mtouri/spot_ws/install/spot_description/bin'
[2.686s] Level 1:colcon.colcon_core.environment:checking '/home/mtouri/spot_ws/install/spot_description/lib/pkgconfig/spot_description.pc'
[2.686s] Level 1:colcon.colcon_core.environment:checking '/home/mtouri/spot_ws/install/spot_description/lib/python3.10/site-packages'
[2.686s] Level 1:colcon.colcon_core.environment:checking '/home/mtouri/spot_ws/install/spot_description/bin'
[2.687s] INFO:colcon.colcon_core.shell:Creating package script '/home/mtouri/spot_ws/install/spot_description/share/spot_description/package.ps1'
[2.688s] INFO:colcon.colcon_core.shell:Creating package descriptor '/home/mtouri/spot_ws/install/spot_description/share/spot_description/package.dsv'
[2.688s] INFO:colcon.colcon_core.shell:Creating package script '/home/mtouri/spot_ws/install/spot_description/share/spot_description/package.sh'
[2.689s] INFO:colcon.colcon_core.shell:Creating package script '/home/mtouri/spot_ws/install/spot_description/share/spot_description/package.bash'
[2.689s] INFO:colcon.colcon_core.shell:Creating package script '/home/mtouri/spot_ws/install/spot_description/share/spot_description/package.zsh'
[2.690s] Level 1:colcon.colcon_core.environment:create_file_with_runtime_dependencies(/home/mtouri/spot_ws/install/spot_description/share/colcon-core/packages/spot_description)
[3.000s] DEBUG:colcon.colcon_core.event_handler.log_command:Invoking command in '/home/mtouri/spot_ws/build/spot_examples': AMENT_PREFIX_PATH=/home/mtouri/spot_ws/install/synchros2:${AMENT_PREFIX_PATH} PYTHONPATH=/home/mtouri/spot_ws/build/spot_examples/prefix_override:/usr/lib/python3/dist-packages/colcon_core/task/python/colcon_distutils_commands:/home/mtouri/spot_ws/install/spot_examples/lib/python3.10/site-packages:/home/mtouri/spot_ws/build/synchros2:/home/mtouri/spot_ws/install/synchros2/lib/python3.10/site-packages:${PYTHONPATH} /usr/bin/python3 -W ignore:setup.py install is deprecated -W ignore:easy_install command is deprecated setup.py develop --editable --build-directory /home/mtouri/spot_ws/build/spot_examples/build --no-deps symlink_data
[3.022s] DEBUG:colcon.colcon_core.event_handler.log_command:Invoking command in '/home/mtouri/spot_ws/build/spot_common': AMENT_PREFIX_PATH=/home/mtouri/spot_ws/install/synchros2:${AMENT_PREFIX_PATH} PYTHONPATH=/home/mtouri/spot_ws/build/spot_common/prefix_override:/usr/lib/python3/dist-packages/colcon_core/task/python/colcon_distutils_commands:/home/mtouri/spot_ws/install/spot_common/lib/python3.10/site-packages:/home/mtouri/spot_ws/build/synchros2:/home/mtouri/spot_ws/install/synchros2/lib/python3.10/site-packages:/home/mtouri/spot_ws/build/spot_wrapper:/home/mtouri/spot_ws/install/spot_wrapper/lib/python3.10/site-packages:${PYTHONPATH} /usr/bin/python3 -W ignore:setup.py install is deprecated -W ignore:easy_install command is deprecated setup.py develop --editable --build-directory /home/mtouri/spot_ws/build/spot_common/build --no-deps symlink_data
[3.641s] Level 1:colcon.colcon_core.shell:create_environment_hook('spot_common', 'pythonpath_develop')
[3.641s] INFO:colcon.colcon_core.shell:Creating environment hook '/home/mtouri/spot_ws/build/spot_common/share/spot_common/hook/pythonpath_develop.ps1'
[3.642s] DEBUG:colcon.colcon_core.event_handler.log_command:Invoked command in '/home/mtouri/spot_ws/build/spot_common' returned '0': AMENT_PREFIX_PATH=/home/mtouri/spot_ws/install/synchros2:${AMENT_PREFIX_PATH} PYTHONPATH=/home/mtouri/spot_ws/build/spot_common/prefix_override:/usr/lib/python3/dist-packages/colcon_core/task/python/colcon_distutils_commands:/home/mtouri/spot_ws/install/spot_common/lib/python3.10/site-packages:/home/mtouri/spot_ws/build/synchros2:/home/mtouri/spot_ws/install/synchros2/lib/python3.10/site-packages:/home/mtouri/spot_ws/build/spot_wrapper:/home/mtouri/spot_ws/install/spot_wrapper/lib/python3.10/site-packages:${PYTHONPATH} /usr/bin/python3 -W ignore:setup.py install is deprecated -W ignore:easy_install command is deprecated setup.py develop --editable --build-directory /home/mtouri/spot_ws/build/spot_common/build --no-deps symlink_data
[3.646s] INFO:colcon.colcon_core.shell:Creating environment descriptor '/home/mtouri/spot_ws/build/spot_common/share/spot_common/hook/pythonpath_develop.dsv'
[3.646s] INFO:colcon.colcon_core.shell:Creating environment hook '/home/mtouri/spot_ws/build/spot_common/share/spot_common/hook/pythonpath_develop.sh'
[3.647s] Level 1:colcon.colcon_core.environment:checking '/home/mtouri/spot_ws/install/spot_common' for CMake module files
[3.648s] Level 1:colcon.colcon_core.environment:checking '/home/mtouri/spot_ws/install/spot_common' for CMake config files
[3.648s] Level 1:colcon.colcon_core.environment:checking '/home/mtouri/spot_ws/install/spot_common/lib'
[3.649s] Level 1:colcon.colcon_core.environment:checking '/home/mtouri/spot_ws/install/spot_common/bin'
[3.649s] Level 1:colcon.colcon_core.environment:checking '/home/mtouri/spot_ws/install/spot_common/lib/pkgconfig/spot_common.pc'
[3.649s] Level 1:colcon.colcon_core.environment:checking '/home/mtouri/spot_ws/install/spot_common/lib/python3.10/site-packages'
[3.649s] Level 1:colcon.colcon_core.shell:create_environment_hook('spot_common', 'pythonpath')
[3.649s] INFO:colcon.colcon_core.shell:Creating environment hook '/home/mtouri/spot_ws/install/spot_common/share/spot_common/hook/pythonpath.ps1'
[3.650s] INFO:colcon.colcon_core.shell:Creating environment descriptor '/home/mtouri/spot_ws/install/spot_common/share/spot_common/hook/pythonpath.dsv'
[3.650s] INFO:colcon.colcon_core.shell:Creating environment hook '/home/mtouri/spot_ws/install/spot_common/share/spot_common/hook/pythonpath.sh'
[3.651s] Level 1:colcon.colcon_core.environment:checking '/home/mtouri/spot_ws/install/spot_common/bin'
[3.651s] Level 1:colcon.colcon_core.environment:create_environment_scripts_only(spot_common)
[3.652s] INFO:colcon.colcon_core.shell:Creating package script '/home/mtouri/spot_ws/install/spot_common/share/spot_common/package.ps1'
[3.653s] INFO:colcon.colcon_core.shell:Creating package descriptor '/home/mtouri/spot_ws/install/spot_common/share/spot_common/package.dsv'
[3.654s] INFO:colcon.colcon_core.shell:Creating package script '/home/mtouri/spot_ws/install/spot_common/share/spot_common/package.sh'
[3.654s] INFO:colcon.colcon_core.shell:Creating package script '/home/mtouri/spot_ws/install/spot_common/share/spot_common/package.bash'
[3.655s] INFO:colcon.colcon_core.shell:Creating package script '/home/mtouri/spot_ws/install/spot_common/share/spot_common/package.zsh'
[3.655s] Level 1:colcon.colcon_core.environment:create_file_with_runtime_dependencies(/home/mtouri/spot_ws/install/spot_common/share/colcon-core/packages/spot_common)
[3.670s] Level 1:colcon.colcon_core.shell:create_environment_hook('spot_examples', 'pythonpath_develop')
[3.670s] INFO:colcon.colcon_core.shell:Creating environment hook '/home/mtouri/spot_ws/build/spot_examples/share/spot_examples/hook/pythonpath_develop.ps1'
[3.671s] DEBUG:colcon.colcon_core.event_handler.log_command:Invoked command in '/home/mtouri/spot_ws/build/spot_examples' returned '0': AMENT_PREFIX_PATH=/home/mtouri/spot_ws/install/synchros2:${AMENT_PREFIX_PATH} PYTHONPATH=/home/mtouri/spot_ws/build/spot_examples/prefix_override:/usr/lib/python3/dist-packages/colcon_core/task/python/colcon_distutils_commands:/home/mtouri/spot_ws/install/spot_examples/lib/python3.10/site-packages:/home/mtouri/spot_ws/build/synchros2:/home/mtouri/spot_ws/install/synchros2/lib/python3.10/site-packages:${PYTHONPATH} /usr/bin/python3 -W ignore:setup.py install is deprecated -W ignore:easy_install command is deprecated setup.py develop --editable --build-directory /home/mtouri/spot_ws/build/spot_examples/build --no-deps symlink_data
[3.672s] INFO:colcon.colcon_core.shell:Creating environment descriptor '/home/mtouri/spot_ws/build/spot_examples/share/spot_examples/hook/pythonpath_develop.dsv'
[3.672s] INFO:colcon.colcon_core.shell:Creating environment hook '/home/mtouri/spot_ws/build/spot_examples/share/spot_examples/hook/pythonpath_develop.sh'
[3.673s] Level 1:colcon.colcon_core.environment:checking '/home/mtouri/spot_ws/install/spot_examples' for CMake module files
[3.675s] Level 1:colcon.colcon_core.environment:checking '/home/mtouri/spot_ws/install/spot_examples' for CMake config files
[3.675s] Level 1:colcon.colcon_core.environment:checking '/home/mtouri/spot_ws/install/spot_examples/lib'
[3.675s] Level 1:colcon.colcon_core.environment:checking '/home/mtouri/spot_ws/install/spot_examples/bin'
[3.675s] Level 1:colcon.colcon_core.environment:checking '/home/mtouri/spot_ws/install/spot_examples/lib/pkgconfig/spot_examples.pc'
[3.676s] Level 1:colcon.colcon_core.environment:checking '/home/mtouri/spot_ws/install/spot_examples/lib/python3.10/site-packages'
[3.676s] Level 1:colcon.colcon_core.shell:create_environment_hook('spot_examples', 'pythonpath')
[3.676s] INFO:colcon.colcon_core.shell:Creating environment hook '/home/mtouri/spot_ws/install/spot_examples/share/spot_examples/hook/pythonpath.ps1'
[3.677s] INFO:colcon.colcon_core.shell:Creating environment descriptor '/home/mtouri/spot_ws/install/spot_examples/share/spot_examples/hook/pythonpath.dsv'
[3.677s] INFO:colcon.colcon_core.shell:Creating environment hook '/home/mtouri/spot_ws/install/spot_examples/share/spot_examples/hook/pythonpath.sh'
[3.678s] Level 1:colcon.colcon_core.environment:checking '/home/mtouri/spot_ws/install/spot_examples/bin'
[3.678s] Level 1:colcon.colcon_core.environment:create_environment_scripts_only(spot_examples)
[3.679s] INFO:colcon.colcon_core.shell:Creating package script '/home/mtouri/spot_ws/install/spot_examples/share/spot_examples/package.ps1'
[3.679s] INFO:colcon.colcon_core.shell:Creating package descriptor '/home/mtouri/spot_ws/install/spot_examples/share/spot_examples/package.dsv'
[3.680s] INFO:colcon.colcon_core.shell:Creating package script '/home/mtouri/spot_ws/install/spot_examples/share/spot_examples/package.sh'
[3.680s] INFO:colcon.colcon_core.shell:Creating package script '/home/mtouri/spot_ws/install/spot_examples/share/spot_examples/package.bash'
[3.681s] INFO:colcon.colcon_core.shell:Creating package script '/home/mtouri/spot_ws/install/spot_examples/share/spot_examples/package.zsh'
[3.681s] Level 1:colcon.colcon_core.environment:create_file_with_runtime_dependencies(/home/mtouri/spot_ws/install/spot_examples/share/colcon-core/packages/spot_examples)
[5.088s] DEBUG:colcon.colcon_core.event_handler.log_command:Invoked command in '/home/mtouri/spot_ws/build/synchros2_tutorials_interfaces_example' returned '0': CMAKE_PREFIX_PATH=/opt/ros/humble /usr/bin/cmake --build /home/mtouri/spot_ws/build/synchros2_tutorials_interfaces_example -- -j16 -l16
[5.090s] DEBUG:colcon.colcon_core.event_handler.log_command:Invoking command in '/home/mtouri/spot_ws/build/synchros2_tutorials_interfaces_example': CMAKE_PREFIX_PATH=/opt/ros/humble /usr/bin/cmake --install /home/mtouri/spot_ws/build/synchros2_tutorials_interfaces_example
[5.943s] Level 1:colcon.colcon_core.environment:create_environment_scripts_only(synchros2_tutorials_interfaces_example)
[5.943s] DEBUG:colcon.colcon_core.event_handler.log_command:Invoked command in '/home/mtouri/spot_ws/build/synchros2_tutorials_interfaces_example' returned '0': CMAKE_PREFIX_PATH=/opt/ros/humble /usr/bin/cmake --install /home/mtouri/spot_ws/build/synchros2_tutorials_interfaces_example
[5.944s] Level 1:colcon.colcon_core.environment:checking '/home/mtouri/spot_ws/install/synchros2_tutorials_interfaces_example' for CMake module files
[5.944s] Level 1:colcon.colcon_core.environment:checking '/home/mtouri/spot_ws/install/synchros2_tutorials_interfaces_example' for CMake config files
[5.945s] Level 1:colcon.colcon_core.shell:create_environment_hook('synchros2_tutorials_interfaces_example', 'cmake_prefix_path')
[5.945s] INFO:colcon.colcon_core.shell:Creating environment hook '/home/mtouri/spot_ws/install/synchros2_tutorials_interfaces_example/share/synchros2_tutorials_interfaces_example/hook/cmake_prefix_path.ps1'
[5.945s] INFO:colcon.colcon_core.shell:Creating environment descriptor '/home/mtouri/spot_ws/install/synchros2_tutorials_interfaces_example/share/synchros2_tutorials_interfaces_example/hook/cmake_prefix_path.dsv'
[5.946s] INFO:colcon.colcon_core.shell:Creating environment hook '/home/mtouri/spot_ws/install/synchros2_tutorials_interfaces_example/share/synchros2_tutorials_interfaces_example/hook/cmake_prefix_path.sh'
[5.946s] Level 1:colcon.colcon_core.environment:checking '/home/mtouri/spot_ws/install/synchros2_tutorials_interfaces_example/lib'
[5.946s] Level 1:colcon.colcon_core.shell:create_environment_hook('synchros2_tutorials_interfaces_example', 'ld_library_path_lib')
[5.946s] INFO:colcon.colcon_core.shell:Creating environment hook '/home/mtouri/spot_ws/install/synchros2_tutorials_interfaces_example/share/synchros2_tutorials_interfaces_example/hook/ld_library_path_lib.ps1'
[5.946s] INFO:colcon.colcon_core.shell:Creating environment descriptor '/home/mtouri/spot_ws/install/synchros2_tutorials_interfaces_example/share/synchros2_tutorials_interfaces_example/hook/ld_library_path_lib.dsv'
[5.946s] INFO:colcon.colcon_core.shell:Creating environment hook '/home/mtouri/spot_ws/install/synchros2_tutorials_interfaces_example/share/synchros2_tutorials_interfaces_example/hook/ld_library_path_lib.sh'
[5.947s] Level 1:colcon.colcon_core.environment:checking '/home/mtouri/spot_ws/install/synchros2_tutorials_interfaces_example/bin'
[5.947s] Level 1:colcon.colcon_core.environment:checking '/home/mtouri/spot_ws/install/synchros2_tutorials_interfaces_example/lib/pkgconfig/synchros2_tutorials_interfaces_example.pc'
[5.947s] Level 1:colcon.colcon_core.environment:checking '/home/mtouri/spot_ws/install/synchros2_tutorials_interfaces_example/lib/python3.10/site-packages'
[5.947s] Level 1:colcon.colcon_core.environment:checking '/home/mtouri/spot_ws/install/synchros2_tutorials_interfaces_example/bin'
[5.947s] INFO:colcon.colcon_core.shell:Creating package script '/home/mtouri/spot_ws/install/synchros2_tutorials_interfaces_example/share/synchros2_tutorials_interfaces_example/package.ps1'
[5.948s] INFO:colcon.colcon_core.shell:Creating package descriptor '/home/mtouri/spot_ws/install/synchros2_tutorials_interfaces_example/share/synchros2_tutorials_interfaces_example/package.dsv'
[5.948s] INFO:colcon.colcon_core.shell:Creating package script '/home/mtouri/spot_ws/install/synchros2_tutorials_interfaces_example/share/synchros2_tutorials_interfaces_example/package.sh'
[5.948s] INFO:colcon.colcon_core.shell:Creating package script '/home/mtouri/spot_ws/install/synchros2_tutorials_interfaces_example/share/synchros2_tutorials_interfaces_example/package.bash'
[5.949s] INFO:colcon.colcon_core.shell:Creating package script '/home/mtouri/spot_ws/install/synchros2_tutorials_interfaces_example/share/synchros2_tutorials_interfaces_example/package.zsh'
[5.949s] Level 1:colcon.colcon_core.environment:create_file_with_runtime_dependencies(/home/mtouri/spot_ws/install/synchros2_tutorials_interfaces_example/share/colcon-core/packages/synchros2_tutorials_interfaces_example)
[5.949s] Level 1:colcon.colcon_core.environment:create_environment_scripts_only(synchros2_tutorials_interfaces_example)
[5.949s] Level 1:colcon.colcon_core.environment:checking '/home/mtouri/spot_ws/install/synchros2_tutorials_interfaces_example' for CMake module files
[5.950s] Level 1:colcon.colcon_core.environment:checking '/home/mtouri/spot_ws/install/synchros2_tutorials_interfaces_example' for CMake config files
[5.950s] Level 1:colcon.colcon_core.shell:create_environment_hook('synchros2_tutorials_interfaces_example', 'cmake_prefix_path')
[5.950s] INFO:colcon.colcon_core.shell:Creating environment hook '/home/mtouri/spot_ws/install/synchros2_tutorials_interfaces_example/share/synchros2_tutorials_interfaces_example/hook/cmake_prefix_path.ps1'
[5.950s] INFO:colcon.colcon_core.shell:Creating environment descriptor '/home/mtouri/spot_ws/install/synchros2_tutorials_interfaces_example/share/synchros2_tutorials_interfaces_example/hook/cmake_prefix_path.dsv'
[5.951s] INFO:colcon.colcon_core.shell:Creating environment hook '/home/mtouri/spot_ws/install/synchros2_tutorials_interfaces_example/share/synchros2_tutorials_interfaces_example/hook/cmake_prefix_path.sh'
[5.951s] Level 1:colcon.colcon_core.environment:checking '/home/mtouri/spot_ws/install/synchros2_tutorials_interfaces_example/lib'
[5.951s] Level 1:colcon.colcon_core.shell:create_environment_hook('synchros2_tutorials_interfaces_example', 'ld_library_path_lib')
[5.951s] INFO:colcon.colcon_core.shell:Creating environment hook '/home/mtouri/spot_ws/install/synchros2_tutorials_interfaces_example/share/synchros2_tutorials_interfaces_example/hook/ld_library_path_lib.ps1'
[5.952s] INFO:colcon.colcon_core.shell:Creating environment descriptor '/home/mtouri/spot_ws/install/synchros2_tutorials_interfaces_example/share/synchros2_tutorials_interfaces_example/hook/ld_library_path_lib.dsv'
[5.952s] INFO:colcon.colcon_core.shell:Creating environment hook '/home/mtouri/spot_ws/install/synchros2_tutorials_interfaces_example/share/synchros2_tutorials_interfaces_example/hook/ld_library_path_lib.sh'
[5.952s] Level 1:colcon.colcon_core.environment:checking '/home/mtouri/spot_ws/install/synchros2_tutorials_interfaces_example/bin'
[5.952s] Level 1:colcon.colcon_core.environment:checking '/home/mtouri/spot_ws/install/synchros2_tutorials_interfaces_example/lib/pkgconfig/synchros2_tutorials_interfaces_example.pc'
[5.952s] Level 1:colcon.colcon_core.environment:checking '/home/mtouri/spot_ws/install/synchros2_tutorials_interfaces_example/lib/python3.10/site-packages'
[5.952s] Level 1:colcon.colcon_core.environment:checking '/home/mtouri/spot_ws/install/synchros2_tutorials_interfaces_example/bin'
[5.953s] INFO:colcon.colcon_core.shell:Creating package script '/home/mtouri/spot_ws/install/synchros2_tutorials_interfaces_example/share/synchros2_tutorials_interfaces_example/package.ps1'
[5.953s] INFO:colcon.colcon_core.shell:Creating package descriptor '/home/mtouri/spot_ws/install/synchros2_tutorials_interfaces_example/share/synchros2_tutorials_interfaces_example/package.dsv'
[5.954s] INFO:colcon.colcon_core.shell:Creating package script '/home/mtouri/spot_ws/install/synchros2_tutorials_interfaces_example/share/synchros2_tutorials_interfaces_example/package.sh'
[5.954s] INFO:colcon.colcon_core.shell:Creating package script '/home/mtouri/spot_ws/install/synchros2_tutorials_interfaces_example/share/synchros2_tutorials_interfaces_example/package.bash'
[5.954s] INFO:colcon.colcon_core.shell:Creating package script '/home/mtouri/spot_ws/install/synchros2_tutorials_interfaces_example/share/synchros2_tutorials_interfaces_example/package.zsh'
[5.955s] Level 1:colcon.colcon_core.environment:create_file_with_runtime_dependencies(/home/mtouri/spot_ws/install/synchros2_tutorials_interfaces_example/share/colcon-core/packages/synchros2_tutorials_interfaces_example)
[5.955s] INFO:colcon.colcon_ros.task.ament_python.build:Building ROS package in '/home/mtouri/spot_ws/src/spot_ros2/synchros2/synchros2_tutorials_example' with build type 'ament_python'
[5.955s] Level 1:colcon.colcon_core.shell:create_environment_hook('synchros2_tutorials_example', 'ament_prefix_path')
[5.955s] INFO:colcon.colcon_core.shell:Creating environment hook '/home/mtouri/spot_ws/install/synchros2_tutorials_example/share/synchros2_tutorials_example/hook/ament_prefix_path.ps1'
[5.956s] INFO:colcon.colcon_core.shell:Creating environment descriptor '/home/mtouri/spot_ws/install/synchros2_tutorials_example/share/synchros2_tutorials_example/hook/ament_prefix_path.dsv'
[5.956s] INFO:colcon.colcon_core.shell:Creating environment hook '/home/mtouri/spot_ws/install/synchros2_tutorials_example/share/synchros2_tutorials_example/hook/ament_prefix_path.sh'
[5.956s] INFO:colcon.colcon_core.shell:Skip shell extension 'powershell' for command environment: Not usable outside of PowerShell
[5.957s] DEBUG:colcon.colcon_core.shell:Skip shell extension 'dsv' for command environment
[6.201s] INFO:colcon.colcon_core.task.python.build:Building Python package in '/home/mtouri/spot_ws/src/spot_ros2/synchros2/synchros2_tutorials_example'
[6.202s] INFO:colcon.colcon_core.shell:Skip shell extension 'powershell' for command environment: Not usable outside of PowerShell
[6.202s] DEBUG:colcon.colcon_core.shell:Skip shell extension 'dsv' for command environment
[6.537s] DEBUG:colcon.colcon_core.event_handler.log_command:Invoking command in '/home/mtouri/spot_ws/build/synchros2_tutorials_example': AMENT_PREFIX_PATH=/home/mtouri/spot_ws/install/synchros2_tutorials_interfaces_example:/home/mtouri/spot_ws/install/synchros2:${AMENT_PREFIX_PATH} CMAKE_PREFIX_PATH=/home/mtouri/spot_ws/install/synchros2_tutorials_interfaces_example LD_LIBRARY_PATH=/home/mtouri/spot_ws/install/synchros2_tutorials_interfaces_example/lib:/opt/spot-cpp-sdk/lib:/opt/ros/humble/opt/rviz_ogre_vendor/lib:/opt/ros/humble/lib/x86_64-linux-gnu:/opt/ros/humble/lib:/usr/lib:/usr/lib PYTHONPATH=/home/mtouri/spot_ws/build/synchros2_tutorials_example/prefix_override:/usr/lib/python3/dist-packages/colcon_core/task/python/colcon_distutils_commands:/home/mtouri/spot_ws/install/synchros2_tutorials_example/lib/python3.10/site-packages:/home/mtouri/spot_ws/install/synchros2_tutorials_interfaces_example/local/lib/python3.10/dist-packages:/home/mtouri/spot_ws/build/synchros2:/home/mtouri/spot_ws/install/synchros2/lib/python3.10/site-packages:${PYTHONPATH} /usr/bin/python3 -W ignore:setup.py install is deprecated -W ignore:easy_install command is deprecated setup.py develop --editable --build-directory /home/mtouri/spot_ws/build/synchros2_tutorials_example/build --no-deps symlink_data
[6.963s] Level 1:colcon.colcon_core.shell:create_environment_hook('synchros2_tutorials_example', 'pythonpath_develop')
[6.963s] INFO:colcon.colcon_core.shell:Creating environment hook '/home/mtouri/spot_ws/build/synchros2_tutorials_example/share/synchros2_tutorials_example/hook/pythonpath_develop.ps1'
[6.964s] DEBUG:colcon.colcon_core.event_handler.log_command:Invoked command in '/home/mtouri/spot_ws/build/synchros2_tutorials_example' returned '0': AMENT_PREFIX_PATH=/home/mtouri/spot_ws/install/synchros2_tutorials_interfaces_example:/home/mtouri/spot_ws/install/synchros2:${AMENT_PREFIX_PATH} CMAKE_PREFIX_PATH=/home/mtouri/spot_ws/install/synchros2_tutorials_interfaces_example LD_LIBRARY_PATH=/home/mtouri/spot_ws/install/synchros2_tutorials_interfaces_example/lib:/opt/spot-cpp-sdk/lib:/opt/ros/humble/opt/rviz_ogre_vendor/lib:/opt/ros/humble/lib/x86_64-linux-gnu:/opt/ros/humble/lib:/usr/lib:/usr/lib PYTHONPATH=/home/mtouri/spot_ws/build/synchros2_tutorials_example/prefix_override:/usr/lib/python3/dist-packages/colcon_core/task/python/colcon_distutils_commands:/home/mtouri/spot_ws/install/synchros2_tutorials_example/lib/python3.10/site-packages:/home/mtouri/spot_ws/install/synchros2_tutorials_interfaces_example/local/lib/python3.10/dist-packages:/home/mtouri/spot_ws/build/synchros2:/home/mtouri/spot_ws/install/synchros2/lib/python3.10/site-packages:${PYTHONPATH} /usr/bin/python3 -W ignore:setup.py install is deprecated -W ignore:easy_install command is deprecated setup.py develop --editable --build-directory /home/mtouri/spot_ws/build/synchros2_tutorials_example/build --no-deps symlink_data
[6.964s] INFO:colcon.colcon_core.shell:Creating environment descriptor '/home/mtouri/spot_ws/build/synchros2_tutorials_example/share/synchros2_tutorials_example/hook/pythonpath_develop.dsv'
[6.964s] INFO:colcon.colcon_core.shell:Creating environment hook '/home/mtouri/spot_ws/build/synchros2_tutorials_example/share/synchros2_tutorials_example/hook/pythonpath_develop.sh'
[6.965s] Level 1:colcon.colcon_core.environment:checking '/home/mtouri/spot_ws/install/synchros2_tutorials_example' for CMake module files
[6.965s] Level 1:colcon.colcon_core.environment:checking '/home/mtouri/spot_ws/install/synchros2_tutorials_example' for CMake config files
[6.965s] Level 1:colcon.colcon_core.environment:checking '/home/mtouri/spot_ws/install/synchros2_tutorials_example/lib'
[6.965s] Level 1:colcon.colcon_core.environment:checking '/home/mtouri/spot_ws/install/synchros2_tutorials_example/bin'
[6.965s] Level 1:colcon.colcon_core.environment:checking '/home/mtouri/spot_ws/install/synchros2_tutorials_example/lib/pkgconfig/synchros2_tutorials_example.pc'
[6.965s] Level 1:colcon.colcon_core.environment:checking '/home/mtouri/spot_ws/install/synchros2_tutorials_example/lib/python3.10/site-packages'
[6.965s] Level 1:colcon.colcon_core.shell:create_environment_hook('synchros2_tutorials_example', 'pythonpath')
[6.966s] INFO:colcon.colcon_core.shell:Creating environment hook '/home/mtouri/spot_ws/install/synchros2_tutorials_example/share/synchros2_tutorials_example/hook/pythonpath.ps1'
[6.966s] INFO:colcon.colcon_core.shell:Creating environment descriptor '/home/mtouri/spot_ws/install/synchros2_tutorials_example/share/synchros2_tutorials_example/hook/pythonpath.dsv'
[6.966s] INFO:colcon.colcon_core.shell:Creating environment hook '/home/mtouri/spot_ws/install/synchros2_tutorials_example/share/synchros2_tutorials_example/hook/pythonpath.sh'
[6.966s] Level 1:colcon.colcon_core.environment:checking '/home/mtouri/spot_ws/install/synchros2_tutorials_example/bin'
[6.966s] Level 1:colcon.colcon_core.environment:create_environment_scripts_only(synchros2_tutorials_example)
[6.967s] INFO:colcon.colcon_core.shell:Creating package script '/home/mtouri/spot_ws/install/synchros2_tutorials_example/share/synchros2_tutorials_example/package.ps1'
[6.967s] INFO:colcon.colcon_core.shell:Creating package descriptor '/home/mtouri/spot_ws/install/synchros2_tutorials_example/share/synchros2_tutorials_example/package.dsv'
[6.967s] INFO:colcon.colcon_core.shell:Creating package script '/home/mtouri/spot_ws/install/synchros2_tutorials_example/share/synchros2_tutorials_example/package.sh'
[6.968s] INFO:colcon.colcon_core.shell:Creating package script '/home/mtouri/spot_ws/install/synchros2_tutorials_example/share/synchros2_tutorials_example/package.bash'
[6.968s] INFO:colcon.colcon_core.shell:Creating package script '/home/mtouri/spot_ws/install/synchros2_tutorials_example/share/synchros2_tutorials_example/package.zsh'
[6.968s] Level 1:colcon.colcon_core.environment:create_file_with_runtime_dependencies(/home/mtouri/spot_ws/install/synchros2_tutorials_example/share/colcon-core/packages/synchros2_tutorials_example)
[7.654s] DEBUG:colcon.colcon_core.event_handler.log_command:Invoked command in '/home/mtouri/spot_ws/build/spot_msgs' returned '0': CMAKE_PREFIX_PATH=/opt/ros/humble /usr/bin/cmake /home/mtouri/spot_ws/src/spot_ros2/spot_msgs -DAMENT_CMAKE_SYMLINK_INSTALL=1 -DCMAKE_INSTALL_PREFIX=/home/mtouri/spot_ws/install/spot_msgs
[7.656s] DEBUG:colcon.colcon_core.event_handler.log_command:Invoking command in '/home/mtouri/spot_ws/build/spot_msgs': CMAKE_PREFIX_PATH=/opt/ros/humble /usr/bin/cmake --build /home/mtouri/spot_ws/build/spot_msgs -- -j16 -l16
[38.987s] DEBUG:colcon.colcon_core.event_handler.log_command:Invoked command in '/home/mtouri/spot_ws/build/spot_msgs' returned '0': CMAKE_PREFIX_PATH=/opt/ros/humble /usr/bin/cmake --build /home/mtouri/spot_ws/build/spot_msgs -- -j16 -l16
[38.989s] DEBUG:colcon.colcon_core.event_handler.log_command:Invoking command in '/home/mtouri/spot_ws/build/spot_msgs': CMAKE_PREFIX_PATH=/opt/ros/humble /usr/bin/cmake --install /home/mtouri/spot_ws/build/spot_msgs
[51.864s] Level 1:colcon.colcon_core.environment:create_environment_scripts_only(spot_msgs)
[51.864s] Level 1:colcon.colcon_core.environment:checking '/home/mtouri/spot_ws/install/spot_msgs' for CMake module files
[51.864s] DEBUG:colcon.colcon_core.event_handler.log_command:Invoked command in '/home/mtouri/spot_ws/build/spot_msgs' returned '0': CMAKE_PREFIX_PATH=/opt/ros/humble /usr/bin/cmake --install /home/mtouri/spot_ws/build/spot_msgs
[51.865s] Level 1:colcon.colcon_core.environment:checking '/home/mtouri/spot_ws/install/spot_msgs' for CMake config files
[51.865s] Level 1:colcon.colcon_core.shell:create_environment_hook('spot_msgs', 'cmake_prefix_path')
[51.865s] INFO:colcon.colcon_core.shell:Creating environment hook '/home/mtouri/spot_ws/install/spot_msgs/share/spot_msgs/hook/cmake_prefix_path.ps1'
[51.866s] INFO:colcon.colcon_core.shell:Creating environment descriptor '/home/mtouri/spot_ws/install/spot_msgs/share/spot_msgs/hook/cmake_prefix_path.dsv'
[51.866s] INFO:colcon.colcon_core.shell:Creating environment hook '/home/mtouri/spot_ws/install/spot_msgs/share/spot_msgs/hook/cmake_prefix_path.sh'
[51.866s] Level 1:colcon.colcon_core.environment:checking '/home/mtouri/spot_ws/install/spot_msgs/lib'
[51.866s] Level 1:colcon.colcon_core.shell:create_environment_hook('spot_msgs', 'ld_library_path_lib')
[51.867s] INFO:colcon.colcon_core.shell:Creating environment hook '/home/mtouri/spot_ws/install/spot_msgs/share/spot_msgs/hook/ld_library_path_lib.ps1'
[51.868s] INFO:colcon.colcon_core.shell:Creating environment descriptor '/home/mtouri/spot_ws/install/spot_msgs/share/spot_msgs/hook/ld_library_path_lib.dsv'
[51.868s] INFO:colcon.colcon_core.shell:Creating environment hook '/home/mtouri/spot_ws/install/spot_msgs/share/spot_msgs/hook/ld_library_path_lib.sh'
[51.868s] Level 1:colcon.colcon_core.environment:checking '/home/mtouri/spot_ws/install/spot_msgs/bin'
[51.869s] Level 1:colcon.colcon_core.environment:checking '/home/mtouri/spot_ws/install/spot_msgs/lib/pkgconfig/spot_msgs.pc'
[51.869s] Level 1:colcon.colcon_core.environment:checking '/home/mtouri/spot_ws/install/spot_msgs/lib/python3.10/site-packages'
[51.869s] Level 1:colcon.colcon_core.environment:checking '/home/mtouri/spot_ws/install/spot_msgs/bin'
[51.869s] INFO:colcon.colcon_core.shell:Creating package script '/home/mtouri/spot_ws/install/spot_msgs/share/spot_msgs/package.ps1'
[51.869s] INFO:colcon.colcon_core.shell:Creating package descriptor '/home/mtouri/spot_ws/install/spot_msgs/share/spot_msgs/package.dsv'
[51.870s] INFO:colcon.colcon_core.shell:Creating package script '/home/mtouri/spot_ws/install/spot_msgs/share/spot_msgs/package.sh'
[51.870s] INFO:colcon.colcon_core.shell:Creating package script '/home/mtouri/spot_ws/install/spot_msgs/share/spot_msgs/package.bash'
[51.870s] INFO:colcon.colcon_core.shell:Creating package script '/home/mtouri/spot_ws/install/spot_msgs/share/spot_msgs/package.zsh'
[51.870s] Level 1:colcon.colcon_core.environment:create_file_with_runtime_dependencies(/home/mtouri/spot_ws/install/spot_msgs/share/colcon-core/packages/spot_msgs)
[51.871s] Level 1:colcon.colcon_core.environment:create_environment_scripts_only(spot_msgs)
[51.871s] Level 1:colcon.colcon_core.environment:checking '/home/mtouri/spot_ws/install/spot_msgs' for CMake module files
[51.871s] Level 1:colcon.colcon_core.environment:checking '/home/mtouri/spot_ws/install/spot_msgs' for CMake config files
[51.872s] Level 1:colcon.colcon_core.shell:create_environment_hook('spot_msgs', 'cmake_prefix_path')
[51.872s] INFO:colcon.colcon_core.shell:Creating environment hook '/home/mtouri/spot_ws/install/spot_msgs/share/spot_msgs/hook/cmake_prefix_path.ps1'
[51.872s] INFO:colcon.colcon_core.shell:Creating environment descriptor '/home/mtouri/spot_ws/install/spot_msgs/share/spot_msgs/hook/cmake_prefix_path.dsv'
[51.872s] INFO:colcon.colcon_core.shell:Creating environment hook '/home/mtouri/spot_ws/install/spot_msgs/share/spot_msgs/hook/cmake_prefix_path.sh'
[51.873s] Level 1:colcon.colcon_core.environment:checking '/home/mtouri/spot_ws/install/spot_msgs/lib'
[51.873s] Level 1:colcon.colcon_core.shell:create_environment_hook('spot_msgs', 'ld_library_path_lib')
[51.873s] INFO:colcon.colcon_core.shell:Creating environment hook '/home/mtouri/spot_ws/install/spot_msgs/share/spot_msgs/hook/ld_library_path_lib.ps1'
[51.873s] INFO:colcon.colcon_core.shell:Creating environment descriptor '/home/mtouri/spot_ws/install/spot_msgs/share/spot_msgs/hook/ld_library_path_lib.dsv'
[51.873s] INFO:colcon.colcon_core.shell:Creating environment hook '/home/mtouri/spot_ws/install/spot_msgs/share/spot_msgs/hook/ld_library_path_lib.sh'
[51.873s] Level 1:colcon.colcon_core.environment:checking '/home/mtouri/spot_ws/install/spot_msgs/bin'
[51.874s] Level 1:colcon.colcon_core.environment:checking '/home/mtouri/spot_ws/install/spot_msgs/lib/pkgconfig/spot_msgs.pc'
[51.874s] Level 1:colcon.colcon_core.environment:checking '/home/mtouri/spot_ws/install/spot_msgs/lib/python3.10/site-packages'
[51.874s] Level 1:colcon.colcon_core.environment:checking '/home/mtouri/spot_ws/install/spot_msgs/bin'
[51.874s] INFO:colcon.colcon_core.shell:Creating package script '/home/mtouri/spot_ws/install/spot_msgs/share/spot_msgs/package.ps1'
[51.874s] INFO:colcon.colcon_core.shell:Creating package descriptor '/home/mtouri/spot_ws/install/spot_msgs/share/spot_msgs/package.dsv'
[51.875s] INFO:colcon.colcon_core.shell:Creating package script '/home/mtouri/spot_ws/install/spot_msgs/share/spot_msgs/package.sh'
[51.875s] INFO:colcon.colcon_core.shell:Creating package script '/home/mtouri/spot_ws/install/spot_msgs/share/spot_msgs/package.bash'
[51.875s] INFO:colcon.colcon_core.shell:Creating package script '/home/mtouri/spot_ws/install/spot_msgs/share/spot_msgs/package.zsh'
[51.876s] Level 1:colcon.colcon_core.environment:create_file_with_runtime_dependencies(/home/mtouri/spot_ws/install/spot_msgs/share/colcon-core/packages/spot_msgs)
[51.876s] INFO:colcon.colcon_ros.task.ament_cmake.build:Building ROS package in '/home/mtouri/spot_ws/src/spot_ros2/spot_controllers' with build type 'ament_cmake'
[51.876s] INFO:colcon.colcon_cmake.task.cmake.build:Building CMake package in '/home/mtouri/spot_ws/src/spot_ros2/spot_controllers'
[51.876s] INFO:colcon.colcon_core.shell:Skip shell extension 'powershell' for command environment: Not usable outside of PowerShell
[51.876s] DEBUG:colcon.colcon_core.shell:Skip shell extension 'dsv' for command environment
[51.879s] INFO:colcon.colcon_ros.task.ament_cmake.build:Building ROS package in '/home/mtouri/spot_ws/src/spot_ros2/spot_hardware_interface' with build type 'ament_cmake'
[51.879s] INFO:colcon.colcon_cmake.task.cmake.build:Building CMake package in '/home/mtouri/spot_ws/src/spot_ros2/spot_hardware_interface'
[51.879s] INFO:colcon.colcon_core.shell:Skip shell extension 'powershell' for command environment: Not usable outside of PowerShell
[51.879s] DEBUG:colcon.colcon_core.shell:Skip shell extension 'dsv' for command environment
[51.881s] INFO:colcon.colcon_ros.task.ament_cmake.build:Building ROS package in '/home/mtouri/spot_ws/src/spot_ros2/spot_rviz_plugins' with build type 'ament_cmake'
[51.881s] INFO:colcon.colcon_cmake.task.cmake.build:Building CMake package in '/home/mtouri/spot_ws/src/spot_ros2/spot_rviz_plugins'
[51.881s] INFO:colcon.colcon_core.shell:Skip shell extension 'powershell' for command environment: Not usable outside of PowerShell
[51.881s] DEBUG:colcon.colcon_core.shell:Skip shell extension 'dsv' for command environment
[51.886s] DEBUG:colcon.colcon_core.event_handler.log_command:Invoking command in '/home/mtouri/spot_ws/build/spot_controllers': AMENT_PREFIX_PATH=/home/mtouri/spot_ws/install/spot_msgs:${AMENT_PREFIX_PATH} CMAKE_PREFIX_PATH=/home/mtouri/spot_ws/install/spot_msgs:/opt/ros/humble LD_LIBRARY_PATH=/home/mtouri/spot_ws/install/spot_msgs/lib:/opt/spot-cpp-sdk/lib:/opt/ros/humble/opt/rviz_ogre_vendor/lib:/opt/ros/humble/lib/x86_64-linux-gnu:/opt/ros/humble/lib:/usr/lib:/usr/lib PYTHONPATH=/home/mtouri/spot_ws/install/spot_msgs/local/lib/python3.10/dist-packages:${PYTHONPATH} /usr/bin/cmake /home/mtouri/spot_ws/src/spot_ros2/spot_controllers -DAMENT_CMAKE_SYMLINK_INSTALL=1 -DCMAKE_INSTALL_PREFIX=/home/mtouri/spot_ws/install/spot_controllers
[51.888s] DEBUG:colcon.colcon_core.event_handler.log_command:Invoking command in '/home/mtouri/spot_ws/build/spot_hardware_interface': AMENT_PREFIX_PATH=/home/mtouri/spot_ws/install/spot_msgs:/home/mtouri/spot_ws/install/spot_description:${AMENT_PREFIX_PATH} CMAKE_PREFIX_PATH=/home/mtouri/spot_ws/install/spot_msgs:/home/mtouri/spot_ws/install/spot_description:/opt/ros/humble LD_LIBRARY_PATH=/home/mtouri/spot_ws/install/spot_msgs/lib:/opt/spot-cpp-sdk/lib:/opt/ros/humble/opt/rviz_ogre_vendor/lib:/opt/ros/humble/lib/x86_64-linux-gnu:/opt/ros/humble/lib:/usr/lib:/usr/lib PYTHONPATH=/home/mtouri/spot_ws/install/spot_msgs/local/lib/python3.10/dist-packages:${PYTHONPATH} /usr/bin/cmake /home/mtouri/spot_ws/src/spot_ros2/spot_hardware_interface -DAMENT_CMAKE_SYMLINK_INSTALL=1 -DCMAKE_INSTALL_PREFIX=/home/mtouri/spot_ws/install/spot_hardware_interface
[51.890s] DEBUG:colcon.colcon_core.event_handler.log_command:Invoking command in '/home/mtouri/spot_ws/build/spot_rviz_plugins': AMENT_PREFIX_PATH=/home/mtouri/spot_ws/install/spot_msgs:${AMENT_PREFIX_PATH} CMAKE_PREFIX_PATH=/home/mtouri/spot_ws/install/spot_msgs:/opt/ros/humble LD_LIBRARY_PATH=/home/mtouri/spot_ws/install/spot_msgs/lib:/opt/spot-cpp-sdk/lib:/opt/ros/humble/opt/rviz_ogre_vendor/lib:/opt/ros/humble/lib/x86_64-linux-gnu:/opt/ros/humble/lib:/usr/lib:/usr/lib PYTHONPATH=/home/mtouri/spot_ws/install/spot_msgs/local/lib/python3.10/dist-packages:${PYTHONPATH} /usr/bin/cmake /home/mtouri/spot_ws/src/spot_ros2/spot_rviz_plugins -DAMENT_CMAKE_SYMLINK_INSTALL=1 -DCMAKE_INSTALL_PREFIX=/home/mtouri/spot_ws/install/spot_rviz_plugins
[53.364s] DEBUG:colcon.colcon_core.event_handler.log_command:Invoked command in '/home/mtouri/spot_ws/build/spot_hardware_interface' returned '0': AMENT_PREFIX_PATH=/home/mtouri/spot_ws/install/spot_msgs:/home/mtouri/spot_ws/install/spot_description:${AMENT_PREFIX_PATH} CMAKE_PREFIX_PATH=/home/mtouri/spot_ws/install/spot_msgs:/home/mtouri/spot_ws/install/spot_description:/opt/ros/humble LD_LIBRARY_PATH=/home/mtouri/spot_ws/install/spot_msgs/lib:/opt/spot-cpp-sdk/lib:/opt/ros/humble/opt/rviz_ogre_vendor/lib:/opt/ros/humble/lib/x86_64-linux-gnu:/opt/ros/humble/lib:/usr/lib:/usr/lib PYTHONPATH=/home/mtouri/spot_ws/install/spot_msgs/local/lib/python3.10/dist-packages:${PYTHONPATH} /usr/bin/cmake /home/mtouri/spot_ws/src/spot_ros2/spot_hardware_interface -DAMENT_CMAKE_SYMLINK_INSTALL=1 -DCMAKE_INSTALL_PREFIX=/home/mtouri/spot_ws/install/spot_hardware_interface
[53.365s] DEBUG:colcon.colcon_core.event_handler.log_command:Invoking command in '/home/mtouri/spot_ws/build/spot_hardware_interface': AMENT_PREFIX_PATH=/home/mtouri/spot_ws/install/spot_msgs:/home/mtouri/spot_ws/install/spot_description:${AMENT_PREFIX_PATH} CMAKE_PREFIX_PATH=/home/mtouri/spot_ws/install/spot_msgs:/home/mtouri/spot_ws/install/spot_description:/opt/ros/humble LD_LIBRARY_PATH=/home/mtouri/spot_ws/install/spot_msgs/lib:/opt/spot-cpp-sdk/lib:/opt/ros/humble/opt/rviz_ogre_vendor/lib:/opt/ros/humble/lib/x86_64-linux-gnu:/opt/ros/humble/lib:/usr/lib:/usr/lib PYTHONPATH=/home/mtouri/spot_ws/install/spot_msgs/local/lib/python3.10/dist-packages:${PYTHONPATH} /usr/bin/cmake --build /home/mtouri/spot_ws/build/spot_hardware_interface -- -j16 -l16
[53.437s] DEBUG:colcon.colcon_core.event_handler.log_command:Invoked command in '/home/mtouri/spot_ws/build/spot_controllers' returned '0': AMENT_PREFIX_PATH=/home/mtouri/spot_ws/install/spot_msgs:${AMENT_PREFIX_PATH} CMAKE_PREFIX_PATH=/home/mtouri/spot_ws/install/spot_msgs:/opt/ros/humble LD_LIBRARY_PATH=/home/mtouri/spot_ws/install/spot_msgs/lib:/opt/spot-cpp-sdk/lib:/opt/ros/humble/opt/rviz_ogre_vendor/lib:/opt/ros/humble/lib/x86_64-linux-gnu:/opt/ros/humble/lib:/usr/lib:/usr/lib PYTHONPATH=/home/mtouri/spot_ws/install/spot_msgs/local/lib/python3.10/dist-packages:${PYTHONPATH} /usr/bin/cmake /home/mtouri/spot_ws/src/spot_ros2/spot_controllers -DAMENT_CMAKE_SYMLINK_INSTALL=1 -DCMAKE_INSTALL_PREFIX=/home/mtouri/spot_ws/install/spot_controllers
[53.438s] DEBUG:colcon.colcon_core.event_handler.log_command:Invoking command in '/home/mtouri/spot_ws/build/spot_controllers': AMENT_PREFIX_PATH=/home/mtouri/spot_ws/install/spot_msgs:${AMENT_PREFIX_PATH} CMAKE_PREFIX_PATH=/home/mtouri/spot_ws/install/spot_msgs:/opt/ros/humble LD_LIBRARY_PATH=/home/mtouri/spot_ws/install/spot_msgs/lib:/opt/spot-cpp-sdk/lib:/opt/ros/humble/opt/rviz_ogre_vendor/lib:/opt/ros/humble/lib/x86_64-linux-gnu:/opt/ros/humble/lib:/usr/lib:/usr/lib PYTHONPATH=/home/mtouri/spot_ws/install/spot_msgs/local/lib/python3.10/dist-packages:${PYTHONPATH} /usr/bin/cmake --build /home/mtouri/spot_ws/build/spot_controllers -- -j16 -l16
[54.100s] DEBUG:colcon.colcon_core.event_handler.log_command:Invoked command in '/home/mtouri/spot_ws/build/spot_rviz_plugins' returned '0': AMENT_PREFIX_PATH=/home/mtouri/spot_ws/install/spot_msgs:${AMENT_PREFIX_PATH} CMAKE_PREFIX_PATH=/home/mtouri/spot_ws/install/spot_msgs:/opt/ros/humble LD_LIBRARY_PATH=/home/mtouri/spot_ws/install/spot_msgs/lib:/opt/spot-cpp-sdk/lib:/opt/ros/humble/opt/rviz_ogre_vendor/lib:/opt/ros/humble/lib/x86_64-linux-gnu:/opt/ros/humble/lib:/usr/lib:/usr/lib PYTHONPATH=/home/mtouri/spot_ws/install/spot_msgs/local/lib/python3.10/dist-packages:${PYTHONPATH} /usr/bin/cmake /home/mtouri/spot_ws/src/spot_ros2/spot_rviz_plugins -DAMENT_CMAKE_SYMLINK_INSTALL=1 -DCMAKE_INSTALL_PREFIX=/home/mtouri/spot_ws/install/spot_rviz_plugins
[54.102s] DEBUG:colcon.colcon_core.event_handler.log_command:Invoking command in '/home/mtouri/spot_ws/build/spot_rviz_plugins': AMENT_PREFIX_PATH=/home/mtouri/spot_ws/install/spot_msgs:${AMENT_PREFIX_PATH} CMAKE_PREFIX_PATH=/home/mtouri/spot_ws/install/spot_msgs:/opt/ros/humble LD_LIBRARY_PATH=/home/mtouri/spot_ws/install/spot_msgs/lib:/opt/spot-cpp-sdk/lib:/opt/ros/humble/opt/rviz_ogre_vendor/lib:/opt/ros/humble/lib/x86_64-linux-gnu:/opt/ros/humble/lib:/usr/lib:/usr/lib PYTHONPATH=/home/mtouri/spot_ws/install/spot_msgs/local/lib/python3.10/dist-packages:${PYTHONPATH} /usr/bin/cmake --build /home/mtouri/spot_ws/build/spot_rviz_plugins -- -j16 -l16
[64.741s] DEBUG:colcon.colcon_core.event_handler.log_command:Invoked command in '/home/mtouri/spot_ws/build/spot_controllers' returned '0': AMENT_PREFIX_PATH=/home/mtouri/spot_ws/install/spot_msgs:${AMENT_PREFIX_PATH} CMAKE_PREFIX_PATH=/home/mtouri/spot_ws/install/spot_msgs:/opt/ros/humble LD_LIBRARY_PATH=/home/mtouri/spot_ws/install/spot_msgs/lib:/opt/spot-cpp-sdk/lib:/opt/ros/humble/opt/rviz_ogre_vendor/lib:/opt/ros/humble/lib/x86_64-linux-gnu:/opt/ros/humble/lib:/usr/lib:/usr/lib PYTHONPATH=/home/mtouri/spot_ws/install/spot_msgs/local/lib/python3.10/dist-packages:${PYTHONPATH} /usr/bin/cmake --build /home/mtouri/spot_ws/build/spot_controllers -- -j16 -l16
[64.742s] DEBUG:colcon.colcon_core.event_handler.log_command:Invoking command in '/home/mtouri/spot_ws/build/spot_controllers': AMENT_PREFIX_PATH=/home/mtouri/spot_ws/install/spot_msgs:${AMENT_PREFIX_PATH} CMAKE_PREFIX_PATH=/home/mtouri/spot_ws/install/spot_msgs:/opt/ros/humble LD_LIBRARY_PATH=/home/mtouri/spot_ws/install/spot_msgs/lib:/opt/spot-cpp-sdk/lib:/opt/ros/humble/opt/rviz_ogre_vendor/lib:/opt/ros/humble/lib/x86_64-linux-gnu:/opt/ros/humble/lib:/usr/lib:/usr/lib PYTHONPATH=/home/mtouri/spot_ws/install/spot_msgs/local/lib/python3.10/dist-packages:${PYTHONPATH} /usr/bin/cmake --install /home/mtouri/spot_ws/build/spot_controllers
[65.137s] Level 1:colcon.colcon_core.environment:create_environment_scripts_only(spot_controllers)
[65.137s] Level 1:colcon.colcon_core.environment:checking '/home/mtouri/spot_ws/install/spot_controllers' for CMake module files
[65.138s] DEBUG:colcon.colcon_core.event_handler.log_command:Invoked command in '/home/mtouri/spot_ws/build/spot_controllers' returned '0': AMENT_PREFIX_PATH=/home/mtouri/spot_ws/install/spot_msgs:${AMENT_PREFIX_PATH} CMAKE_PREFIX_PATH=/home/mtouri/spot_ws/install/spot_msgs:/opt/ros/humble LD_LIBRARY_PATH=/home/mtouri/spot_ws/install/spot_msgs/lib:/opt/spot-cpp-sdk/lib:/opt/ros/humble/opt/rviz_ogre_vendor/lib:/opt/ros/humble/lib/x86_64-linux-gnu:/opt/ros/humble/lib:/usr/lib:/usr/lib PYTHONPATH=/home/mtouri/spot_ws/install/spot_msgs/local/lib/python3.10/dist-packages:${PYTHONPATH} /usr/bin/cmake --install /home/mtouri/spot_ws/build/spot_controllers
[65.138s] Level 1:colcon.colcon_core.environment:checking '/home/mtouri/spot_ws/install/spot_controllers' for CMake config files
[65.139s] Level 1:colcon.colcon_core.shell:create_environment_hook('spot_controllers', 'cmake_prefix_path')
[65.139s] INFO:colcon.colcon_core.shell:Creating environment hook '/home/mtouri/spot_ws/install/spot_controllers/share/spot_controllers/hook/cmake_prefix_path.ps1'
[65.141s] INFO:colcon.colcon_core.shell:Creating environment descriptor '/home/mtouri/spot_ws/install/spot_controllers/share/spot_controllers/hook/cmake_prefix_path.dsv'
[65.142s] INFO:colcon.colcon_core.shell:Creating environment hook '/home/mtouri/spot_ws/install/spot_controllers/share/spot_controllers/hook/cmake_prefix_path.sh'
[65.143s] Level 1:colcon.colcon_core.environment:checking '/home/mtouri/spot_ws/install/spot_controllers/lib'
[65.143s] Level 1:colcon.colcon_core.shell:create_environment_hook('spot_controllers', 'ld_library_path_lib')
[65.143s] INFO:colcon.colcon_core.shell:Creating environment hook '/home/mtouri/spot_ws/install/spot_controllers/share/spot_controllers/hook/ld_library_path_lib.ps1'
[65.143s] INFO:colcon.colcon_core.shell:Creating environment descriptor '/home/mtouri/spot_ws/install/spot_controllers/share/spot_controllers/hook/ld_library_path_lib.dsv'
[65.143s] INFO:colcon.colcon_core.shell:Creating environment hook '/home/mtouri/spot_ws/install/spot_controllers/share/spot_controllers/hook/ld_library_path_lib.sh'
[65.144s] Level 1:colcon.colcon_core.environment:checking '/home/mtouri/spot_ws/install/spot_controllers/bin'
[65.144s] Level 1:colcon.colcon_core.environment:checking '/home/mtouri/spot_ws/install/spot_controllers/lib/pkgconfig/spot_controllers.pc'
[65.144s] Level 1:colcon.colcon_core.environment:checking '/home/mtouri/spot_ws/install/spot_controllers/lib/python3.10/site-packages'
[65.144s] Level 1:colcon.colcon_core.environment:checking '/home/mtouri/spot_ws/install/spot_controllers/bin'
[65.144s] INFO:colcon.colcon_core.shell:Creating package script '/home/mtouri/spot_ws/install/spot_controllers/share/spot_controllers/package.ps1'
[65.145s] INFO:colcon.colcon_core.shell:Creating package descriptor '/home/mtouri/spot_ws/install/spot_controllers/share/spot_controllers/package.dsv'
[65.146s] INFO:colcon.colcon_core.shell:Creating package script '/home/mtouri/spot_ws/install/spot_controllers/share/spot_controllers/package.sh'
[65.146s] INFO:colcon.colcon_core.shell:Creating package script '/home/mtouri/spot_ws/install/spot_controllers/share/spot_controllers/package.bash'
[65.147s] INFO:colcon.colcon_core.shell:Creating package script '/home/mtouri/spot_ws/install/spot_controllers/share/spot_controllers/package.zsh'
[65.147s] Level 1:colcon.colcon_core.environment:create_file_with_runtime_dependencies(/home/mtouri/spot_ws/install/spot_controllers/share/colcon-core/packages/spot_controllers)
[65.148s] Level 1:colcon.colcon_core.environment:create_environment_scripts_only(spot_controllers)
[65.148s] Level 1:colcon.colcon_core.environment:checking '/home/mtouri/spot_ws/install/spot_controllers' for CMake module files
[65.149s] Level 1:colcon.colcon_core.environment:checking '/home/mtouri/spot_ws/install/spot_controllers' for CMake config files
[65.149s] Level 1:colcon.colcon_core.shell:create_environment_hook('spot_controllers', 'cmake_prefix_path')
[65.149s] INFO:colcon.colcon_core.shell:Creating environment hook '/home/mtouri/spot_ws/install/spot_controllers/share/spot_controllers/hook/cmake_prefix_path.ps1'
[65.149s] INFO:colcon.colcon_core.shell:Creating environment descriptor '/home/mtouri/spot_ws/install/spot_controllers/share/spot_controllers/hook/cmake_prefix_path.dsv'
[65.149s] INFO:colcon.colcon_core.shell:Creating environment hook '/home/mtouri/spot_ws/install/spot_controllers/share/spot_controllers/hook/cmake_prefix_path.sh'
[65.150s] Level 1:colcon.colcon_core.environment:checking '/home/mtouri/spot_ws/install/spot_controllers/lib'
[65.150s] Level 1:colcon.colcon_core.shell:create_environment_hook('spot_controllers', 'ld_library_path_lib')
[65.150s] INFO:colcon.colcon_core.shell:Creating environment hook '/home/mtouri/spot_ws/install/spot_controllers/share/spot_controllers/hook/ld_library_path_lib.ps1'
[65.150s] INFO:colcon.colcon_core.shell:Creating environment descriptor '/home/mtouri/spot_ws/install/spot_controllers/share/spot_controllers/hook/ld_library_path_lib.dsv'
[65.151s] INFO:colcon.colcon_core.shell:Creating environment hook '/home/mtouri/spot_ws/install/spot_controllers/share/spot_controllers/hook/ld_library_path_lib.sh'
[65.151s] Level 1:colcon.colcon_core.environment:checking '/home/mtouri/spot_ws/install/spot_controllers/bin'
[65.151s] Level 1:colcon.colcon_core.environment:checking '/home/mtouri/spot_ws/install/spot_controllers/lib/pkgconfig/spot_controllers.pc'
[65.151s] Level 1:colcon.colcon_core.environment:checking '/home/mtouri/spot_ws/install/spot_controllers/lib/python3.10/site-packages'
[65.151s] Level 1:colcon.colcon_core.environment:checking '/home/mtouri/spot_ws/install/spot_controllers/bin'
[65.152s] INFO:colcon.colcon_core.shell:Creating package script '/home/mtouri/spot_ws/install/spot_controllers/share/spot_controllers/package.ps1'
[65.152s] INFO:colcon.colcon_core.shell:Creating package descriptor '/home/mtouri/spot_ws/install/spot_controllers/share/spot_controllers/package.dsv'
[65.152s] INFO:colcon.colcon_core.shell:Creating package script '/home/mtouri/spot_ws/install/spot_controllers/share/spot_controllers/package.sh'
[65.153s] INFO:colcon.colcon_core.shell:Creating package script '/home/mtouri/spot_ws/install/spot_controllers/share/spot_controllers/package.bash'
[65.153s] INFO:colcon.colcon_core.shell:Creating package script '/home/mtouri/spot_ws/install/spot_controllers/share/spot_controllers/package.zsh'
[65.153s] Level 1:colcon.colcon_core.environment:create_file_with_runtime_dependencies(/home/mtouri/spot_ws/install/spot_controllers/share/colcon-core/packages/spot_controllers)
[75.885s] DEBUG:colcon.colcon_core.event_handler.log_command:Invoked command in '/home/mtouri/spot_ws/build/spot_rviz_plugins' returned '0': AMENT_PREFIX_PATH=/home/mtouri/spot_ws/install/spot_msgs:${AMENT_PREFIX_PATH} CMAKE_PREFIX_PATH=/home/mtouri/spot_ws/install/spot_msgs:/opt/ros/humble LD_LIBRARY_PATH=/home/mtouri/spot_ws/install/spot_msgs/lib:/opt/spot-cpp-sdk/lib:/opt/ros/humble/opt/rviz_ogre_vendor/lib:/opt/ros/humble/lib/x86_64-linux-gnu:/opt/ros/humble/lib:/usr/lib:/usr/lib PYTHONPATH=/home/mtouri/spot_ws/install/spot_msgs/local/lib/python3.10/dist-packages:${PYTHONPATH} /usr/bin/cmake --build /home/mtouri/spot_ws/build/spot_rviz_plugins -- -j16 -l16
[75.887s] DEBUG:colcon.colcon_core.event_handler.log_command:Invoking command in '/home/mtouri/spot_ws/build/spot_rviz_plugins': AMENT_PREFIX_PATH=/home/mtouri/spot_ws/install/spot_msgs:${AMENT_PREFIX_PATH} CMAKE_PREFIX_PATH=/home/mtouri/spot_ws/install/spot_msgs:/opt/ros/humble LD_LIBRARY_PATH=/home/mtouri/spot_ws/install/spot_msgs/lib:/opt/spot-cpp-sdk/lib:/opt/ros/humble/opt/rviz_ogre_vendor/lib:/opt/ros/humble/lib/x86_64-linux-gnu:/opt/ros/humble/lib:/usr/lib:/usr/lib PYTHONPATH=/home/mtouri/spot_ws/install/spot_msgs/local/lib/python3.10/dist-packages:${PYTHONPATH} /usr/bin/cmake --install /home/mtouri/spot_ws/build/spot_rviz_plugins
[76.105s] Level 1:colcon.colcon_core.environment:create_environment_scripts_only(spot_rviz_plugins)
[76.105s] Level 1:colcon.colcon_core.environment:checking '/home/mtouri/spot_ws/install/spot_rviz_plugins' for CMake module files
[76.106s] DEBUG:colcon.colcon_core.event_handler.log_command:Invoked command in '/home/mtouri/spot_ws/build/spot_rviz_plugins' returned '0': AMENT_PREFIX_PATH=/home/mtouri/spot_ws/install/spot_msgs:${AMENT_PREFIX_PATH} CMAKE_PREFIX_PATH=/home/mtouri/spot_ws/install/spot_msgs:/opt/ros/humble LD_LIBRARY_PATH=/home/mtouri/spot_ws/install/spot_msgs/lib:/opt/spot-cpp-sdk/lib:/opt/ros/humble/opt/rviz_ogre_vendor/lib:/opt/ros/humble/lib/x86_64-linux-gnu:/opt/ros/humble/lib:/usr/lib:/usr/lib PYTHONPATH=/home/mtouri/spot_ws/install/spot_msgs/local/lib/python3.10/dist-packages:${PYTHONPATH} /usr/bin/cmake --install /home/mtouri/spot_ws/build/spot_rviz_plugins
[76.106s] Level 1:colcon.colcon_core.environment:checking '/home/mtouri/spot_ws/install/spot_rviz_plugins' for CMake config files
[76.106s] Level 1:colcon.colcon_core.shell:create_environment_hook('spot_rviz_plugins', 'cmake_prefix_path')
[76.107s] INFO:colcon.colcon_core.shell:Creating environment hook '/home/mtouri/spot_ws/install/spot_rviz_plugins/share/spot_rviz_plugins/hook/cmake_prefix_path.ps1'
[76.107s] INFO:colcon.colcon_core.shell:Creating environment descriptor '/home/mtouri/spot_ws/install/spot_rviz_plugins/share/spot_rviz_plugins/hook/cmake_prefix_path.dsv'
[76.107s] INFO:colcon.colcon_core.shell:Creating environment hook '/home/mtouri/spot_ws/install/spot_rviz_plugins/share/spot_rviz_plugins/hook/cmake_prefix_path.sh'
[76.108s] Level 1:colcon.colcon_core.environment:checking '/home/mtouri/spot_ws/install/spot_rviz_plugins/lib'
[76.108s] Level 1:colcon.colcon_core.shell:create_environment_hook('spot_rviz_plugins', 'ld_library_path_lib')
[76.108s] INFO:colcon.colcon_core.shell:Creating environment hook '/home/mtouri/spot_ws/install/spot_rviz_plugins/share/spot_rviz_plugins/hook/ld_library_path_lib.ps1'
[76.108s] INFO:colcon.colcon_core.shell:Creating environment descriptor '/home/mtouri/spot_ws/install/spot_rviz_plugins/share/spot_rviz_plugins/hook/ld_library_path_lib.dsv'
[76.108s] INFO:colcon.colcon_core.shell:Creating environment hook '/home/mtouri/spot_ws/install/spot_rviz_plugins/share/spot_rviz_plugins/hook/ld_library_path_lib.sh'
[76.108s] Level 1:colcon.colcon_core.environment:checking '/home/mtouri/spot_ws/install/spot_rviz_plugins/bin'
[76.108s] Level 1:colcon.colcon_core.environment:checking '/home/mtouri/spot_ws/install/spot_rviz_plugins/lib/pkgconfig/spot_rviz_plugins.pc'
[76.109s] Level 1:colcon.colcon_core.environment:checking '/home/mtouri/spot_ws/install/spot_rviz_plugins/lib/python3.10/site-packages'
[76.109s] Level 1:colcon.colcon_core.environment:checking '/home/mtouri/spot_ws/install/spot_rviz_plugins/bin'
[76.109s] INFO:colcon.colcon_core.shell:Creating package script '/home/mtouri/spot_ws/install/spot_rviz_plugins/share/spot_rviz_plugins/package.ps1'
[76.109s] INFO:colcon.colcon_core.shell:Creating package descriptor '/home/mtouri/spot_ws/install/spot_rviz_plugins/share/spot_rviz_plugins/package.dsv'
[76.110s] INFO:colcon.colcon_core.shell:Creating package script '/home/mtouri/spot_ws/install/spot_rviz_plugins/share/spot_rviz_plugins/package.sh'
[76.110s] INFO:colcon.colcon_core.shell:Creating package script '/home/mtouri/spot_ws/install/spot_rviz_plugins/share/spot_rviz_plugins/package.bash'
[76.110s] INFO:colcon.colcon_core.shell:Creating package script '/home/mtouri/spot_ws/install/spot_rviz_plugins/share/spot_rviz_plugins/package.zsh'
[76.110s] Level 1:colcon.colcon_core.environment:create_file_with_runtime_dependencies(/home/mtouri/spot_ws/install/spot_rviz_plugins/share/colcon-core/packages/spot_rviz_plugins)
[76.111s] Level 1:colcon.colcon_core.environment:create_environment_scripts_only(spot_rviz_plugins)
[76.111s] Level 1:colcon.colcon_core.environment:checking '/home/mtouri/spot_ws/install/spot_rviz_plugins' for CMake module files
[76.111s] Level 1:colcon.colcon_core.environment:checking '/home/mtouri/spot_ws/install/spot_rviz_plugins' for CMake config files
[76.111s] Level 1:colcon.colcon_core.shell:create_environment_hook('spot_rviz_plugins', 'cmake_prefix_path')
[76.111s] INFO:colcon.colcon_core.shell:Creating environment hook '/home/mtouri/spot_ws/install/spot_rviz_plugins/share/spot_rviz_plugins/hook/cmake_prefix_path.ps1'
[76.112s] INFO:colcon.colcon_core.shell:Creating environment descriptor '/home/mtouri/spot_ws/install/spot_rviz_plugins/share/spot_rviz_plugins/hook/cmake_prefix_path.dsv'
[76.112s] INFO:colcon.colcon_core.shell:Creating environment hook '/home/mtouri/spot_ws/install/spot_rviz_plugins/share/spot_rviz_plugins/hook/cmake_prefix_path.sh'
[76.112s] Level 1:colcon.colcon_core.environment:checking '/home/mtouri/spot_ws/install/spot_rviz_plugins/lib'
[76.112s] Level 1:colcon.colcon_core.shell:create_environment_hook('spot_rviz_plugins', 'ld_library_path_lib')
[76.112s] INFO:colcon.colcon_core.shell:Creating environment hook '/home/mtouri/spot_ws/install/spot_rviz_plugins/share/spot_rviz_plugins/hook/ld_library_path_lib.ps1'
[76.113s] INFO:colcon.colcon_core.shell:Creating environment descriptor '/home/mtouri/spot_ws/install/spot_rviz_plugins/share/spot_rviz_plugins/hook/ld_library_path_lib.dsv'
[76.113s] INFO:colcon.colcon_core.shell:Creating environment hook '/home/mtouri/spot_ws/install/spot_rviz_plugins/share/spot_rviz_plugins/hook/ld_library_path_lib.sh'
[76.113s] Level 1:colcon.colcon_core.environment:checking '/home/mtouri/spot_ws/install/spot_rviz_plugins/bin'
[76.113s] Level 1:colcon.colcon_core.environment:checking '/home/mtouri/spot_ws/install/spot_rviz_plugins/lib/pkgconfig/spot_rviz_plugins.pc'
[76.113s] Level 1:colcon.colcon_core.environment:checking '/home/mtouri/spot_ws/install/spot_rviz_plugins/lib/python3.10/site-packages'
[76.114s] Level 1:colcon.colcon_core.environment:checking '/home/mtouri/spot_ws/install/spot_rviz_plugins/bin'
[76.114s] INFO:colcon.colcon_core.shell:Creating package script '/home/mtouri/spot_ws/install/spot_rviz_plugins/share/spot_rviz_plugins/package.ps1'
[76.114s] INFO:colcon.colcon_core.shell:Creating package descriptor '/home/mtouri/spot_ws/install/spot_rviz_plugins/share/spot_rviz_plugins/package.dsv'
[76.114s] INFO:colcon.colcon_core.shell:Creating package script '/home/mtouri/spot_ws/install/spot_rviz_plugins/share/spot_rviz_plugins/package.sh'
[76.115s] INFO:colcon.colcon_core.shell:Creating package script '/home/mtouri/spot_ws/install/spot_rviz_plugins/share/spot_rviz_plugins/package.bash'
[76.115s] INFO:colcon.colcon_core.shell:Creating package script '/home/mtouri/spot_ws/install/spot_rviz_plugins/share/spot_rviz_plugins/package.zsh'
[76.115s] Level 1:colcon.colcon_core.environment:create_file_with_runtime_dependencies(/home/mtouri/spot_ws/install/spot_rviz_plugins/share/colcon-core/packages/spot_rviz_plugins)
[89.267s] DEBUG:colcon.colcon_core.event_handler.log_command:Invoked command in '/home/mtouri/spot_ws/build/spot_hardware_interface' returned '0': AMENT_PREFIX_PATH=/home/mtouri/spot_ws/install/spot_msgs:/home/mtouri/spot_ws/install/spot_description:${AMENT_PREFIX_PATH} CMAKE_PREFIX_PATH=/home/mtouri/spot_ws/install/spot_msgs:/home/mtouri/spot_ws/install/spot_description:/opt/ros/humble LD_LIBRARY_PATH=/home/mtouri/spot_ws/install/spot_msgs/lib:/opt/spot-cpp-sdk/lib:/opt/ros/humble/opt/rviz_ogre_vendor/lib:/opt/ros/humble/lib/x86_64-linux-gnu:/opt/ros/humble/lib:/usr/lib:/usr/lib PYTHONPATH=/home/mtouri/spot_ws/install/spot_msgs/local/lib/python3.10/dist-packages:${PYTHONPATH} /usr/bin/cmake --build /home/mtouri/spot_ws/build/spot_hardware_interface -- -j16 -l16
[89.269s] DEBUG:colcon.colcon_core.event_handler.log_command:Invoking command in '/home/mtouri/spot_ws/build/spot_hardware_interface': AMENT_PREFIX_PATH=/home/mtouri/spot_ws/install/spot_msgs:/home/mtouri/spot_ws/install/spot_description:${AMENT_PREFIX_PATH} CMAKE_PREFIX_PATH=/home/mtouri/spot_ws/install/spot_msgs:/home/mtouri/spot_ws/install/spot_description:/opt/ros/humble LD_LIBRARY_PATH=/home/mtouri/spot_ws/install/spot_msgs/lib:/opt/spot-cpp-sdk/lib:/opt/ros/humble/opt/rviz_ogre_vendor/lib:/opt/ros/humble/lib/x86_64-linux-gnu:/opt/ros/humble/lib:/usr/lib:/usr/lib PYTHONPATH=/home/mtouri/spot_ws/install/spot_msgs/local/lib/python3.10/dist-packages:${PYTHONPATH} /usr/bin/cmake --install /home/mtouri/spot_ws/build/spot_hardware_interface
[89.486s] Level 1:colcon.colcon_core.environment:create_environment_scripts_only(spot_hardware_interface)
[89.487s] Level 1:colcon.colcon_core.environment:checking '/home/mtouri/spot_ws/install/spot_hardware_interface' for CMake module files
[89.487s] DEBUG:colcon.colcon_core.event_handler.log_command:Invoked command in '/home/mtouri/spot_ws/build/spot_hardware_interface' returned '0': AMENT_PREFIX_PATH=/home/mtouri/spot_ws/install/spot_msgs:/home/mtouri/spot_ws/install/spot_description:${AMENT_PREFIX_PATH} CMAKE_PREFIX_PATH=/home/mtouri/spot_ws/install/spot_msgs:/home/mtouri/spot_ws/install/spot_description:/opt/ros/humble LD_LIBRARY_PATH=/home/mtouri/spot_ws/install/spot_msgs/lib:/opt/spot-cpp-sdk/lib:/opt/ros/humble/opt/rviz_ogre_vendor/lib:/opt/ros/humble/lib/x86_64-linux-gnu:/opt/ros/humble/lib:/usr/lib:/usr/lib PYTHONPATH=/home/mtouri/spot_ws/install/spot_msgs/local/lib/python3.10/dist-packages:${PYTHONPATH} /usr/bin/cmake --install /home/mtouri/spot_ws/build/spot_hardware_interface
[89.487s] Level 1:colcon.colcon_core.environment:checking '/home/mtouri/spot_ws/install/spot_hardware_interface' for CMake config files
[89.488s] Level 1:colcon.colcon_core.shell:create_environment_hook('spot_hardware_interface', 'cmake_prefix_path')
[89.488s] INFO:colcon.colcon_core.shell:Creating environment hook '/home/mtouri/spot_ws/install/spot_hardware_interface/share/spot_hardware_interface/hook/cmake_prefix_path.ps1'
[89.488s] INFO:colcon.colcon_core.shell:Creating environment descriptor '/home/mtouri/spot_ws/install/spot_hardware_interface/share/spot_hardware_interface/hook/cmake_prefix_path.dsv'
[89.488s] INFO:colcon.colcon_core.shell:Creating environment hook '/home/mtouri/spot_ws/install/spot_hardware_interface/share/spot_hardware_interface/hook/cmake_prefix_path.sh'
[89.489s] Level 1:colcon.colcon_core.environment:checking '/home/mtouri/spot_ws/install/spot_hardware_interface/lib'
[89.489s] Level 1:colcon.colcon_core.shell:create_environment_hook('spot_hardware_interface', 'ld_library_path_lib')
[89.489s] INFO:colcon.colcon_core.shell:Creating environment hook '/home/mtouri/spot_ws/install/spot_hardware_interface/share/spot_hardware_interface/hook/ld_library_path_lib.ps1'
[89.489s] INFO:colcon.colcon_core.shell:Creating environment descriptor '/home/mtouri/spot_ws/install/spot_hardware_interface/share/spot_hardware_interface/hook/ld_library_path_lib.dsv'
[89.489s] INFO:colcon.colcon_core.shell:Creating environment hook '/home/mtouri/spot_ws/install/spot_hardware_interface/share/spot_hardware_interface/hook/ld_library_path_lib.sh'
[89.489s] Level 1:colcon.colcon_core.environment:checking '/home/mtouri/spot_ws/install/spot_hardware_interface/bin'
[89.489s] Level 1:colcon.colcon_core.environment:checking '/home/mtouri/spot_ws/install/spot_hardware_interface/lib/pkgconfig/spot_hardware_interface.pc'
[89.490s] Level 1:colcon.colcon_core.environment:checking '/home/mtouri/spot_ws/install/spot_hardware_interface/lib/python3.10/site-packages'
[89.490s] Level 1:colcon.colcon_core.environment:checking '/home/mtouri/spot_ws/install/spot_hardware_interface/bin'
[89.490s] INFO:colcon.colcon_core.shell:Creating package script '/home/mtouri/spot_ws/install/spot_hardware_interface/share/spot_hardware_interface/package.ps1'
[89.490s] INFO:colcon.colcon_core.shell:Creating package descriptor '/home/mtouri/spot_ws/install/spot_hardware_interface/share/spot_hardware_interface/package.dsv'
[89.491s] INFO:colcon.colcon_core.shell:Creating package script '/home/mtouri/spot_ws/install/spot_hardware_interface/share/spot_hardware_interface/package.sh'
[89.491s] INFO:colcon.colcon_core.shell:Creating package script '/home/mtouri/spot_ws/install/spot_hardware_interface/share/spot_hardware_interface/package.bash'
[89.491s] INFO:colcon.colcon_core.shell:Creating package script '/home/mtouri/spot_ws/install/spot_hardware_interface/share/spot_hardware_interface/package.zsh'
[89.491s] Level 1:colcon.colcon_core.environment:create_file_with_runtime_dependencies(/home/mtouri/spot_ws/install/spot_hardware_interface/share/colcon-core/packages/spot_hardware_interface)
[89.492s] Level 1:colcon.colcon_core.environment:create_environment_scripts_only(spot_hardware_interface)
[89.492s] Level 1:colcon.colcon_core.environment:checking '/home/mtouri/spot_ws/install/spot_hardware_interface' for CMake module files
[89.492s] Level 1:colcon.colcon_core.environment:checking '/home/mtouri/spot_ws/install/spot_hardware_interface' for CMake config files
[89.492s] Level 1:colcon.colcon_core.shell:create_environment_hook('spot_hardware_interface', 'cmake_prefix_path')
[89.492s] INFO:colcon.colcon_core.shell:Creating environment hook '/home/mtouri/spot_ws/install/spot_hardware_interface/share/spot_hardware_interface/hook/cmake_prefix_path.ps1'
[89.493s] INFO:colcon.colcon_core.shell:Creating environment descriptor '/home/mtouri/spot_ws/install/spot_hardware_interface/share/spot_hardware_interface/hook/cmake_prefix_path.dsv'
[89.493s] INFO:colcon.colcon_core.shell:Creating environment hook '/home/mtouri/spot_ws/install/spot_hardware_interface/share/spot_hardware_interface/hook/cmake_prefix_path.sh'
[89.493s] Level 1:colcon.colcon_core.environment:checking '/home/mtouri/spot_ws/install/spot_hardware_interface/lib'
[89.493s] Level 1:colcon.colcon_core.shell:create_environment_hook('spot_hardware_interface', 'ld_library_path_lib')
[89.493s] INFO:colcon.colcon_core.shell:Creating environment hook '/home/mtouri/spot_ws/install/spot_hardware_interface/share/spot_hardware_interface/hook/ld_library_path_lib.ps1'
[89.494s] INFO:colcon.colcon_core.shell:Creating environment descriptor '/home/mtouri/spot_ws/install/spot_hardware_interface/share/spot_hardware_interface/hook/ld_library_path_lib.dsv'
[89.494s] INFO:colcon.colcon_core.shell:Creating environment hook '/home/mtouri/spot_ws/install/spot_hardware_interface/share/spot_hardware_interface/hook/ld_library_path_lib.sh'
[89.494s] Level 1:colcon.colcon_core.environment:checking '/home/mtouri/spot_ws/install/spot_hardware_interface/bin'
[89.494s] Level 1:colcon.colcon_core.environment:checking '/home/mtouri/spot_ws/install/spot_hardware_interface/lib/pkgconfig/spot_hardware_interface.pc'
[89.494s] Level 1:colcon.colcon_core.environment:checking '/home/mtouri/spot_ws/install/spot_hardware_interface/lib/python3.10/site-packages'
[89.494s] Level 1:colcon.colcon_core.environment:checking '/home/mtouri/spot_ws/install/spot_hardware_interface/bin'
[89.495s] INFO:colcon.colcon_core.shell:Creating package script '/home/mtouri/spot_ws/install/spot_hardware_interface/share/spot_hardware_interface/package.ps1'
[89.495s] INFO:colcon.colcon_core.shell:Creating package descriptor '/home/mtouri/spot_ws/install/spot_hardware_interface/share/spot_hardware_interface/package.dsv'
[89.495s] INFO:colcon.colcon_core.shell:Creating package script '/home/mtouri/spot_ws/install/spot_hardware_interface/share/spot_hardware_interface/package.sh'
[89.496s] INFO:colcon.colcon_core.shell:Creating package script '/home/mtouri/spot_ws/install/spot_hardware_interface/share/spot_hardware_interface/package.bash'
[89.496s] INFO:colcon.colcon_core.shell:Creating package script '/home/mtouri/spot_ws/install/spot_hardware_interface/share/spot_hardware_interface/package.zsh'
[89.496s] Level 1:colcon.colcon_core.environment:create_file_with_runtime_dependencies(/home/mtouri/spot_ws/install/spot_hardware_interface/share/colcon-core/packages/spot_hardware_interface)
[89.496s] INFO:colcon.colcon_ros.task.ament_cmake.build:Building ROS package in '/home/mtouri/spot_ws/src/spot_ros2/spot_ros2_control' with build type 'ament_cmake'
[89.496s] INFO:colcon.colcon_cmake.task.cmake.build:Building CMake package in '/home/mtouri/spot_ws/src/spot_ros2/spot_ros2_control'
[89.497s] INFO:colcon.colcon_core.shell:Skip shell extension 'powershell' for command environment: Not usable outside of PowerShell
[89.497s] DEBUG:colcon.colcon_core.shell:Skip shell extension 'dsv' for command environment
[89.520s] DEBUG:colcon.colcon_core.event_handler.log_command:Invoking command in '/home/mtouri/spot_ws/build/spot_ros2_control': AMENT_PREFIX_PATH=/home/mtouri/spot_ws/install/spot_hardware_interface:/home/mtouri/spot_ws/install/spot_controllers:/home/mtouri/spot_ws/install/spot_common:/home/mtouri/spot_ws/install/synchros2:/home/mtouri/spot_ws/install/spot_msgs:/home/mtouri/spot_ws/install/spot_description:${AMENT_PREFIX_PATH} CMAKE_PREFIX_PATH=/home/mtouri/spot_ws/install/spot_hardware_interface:/home/mtouri/spot_ws/install/spot_controllers:/home/mtouri/spot_ws/install/spot_msgs:/home/mtouri/spot_ws/install/spot_description:/opt/ros/humble LD_LIBRARY_PATH=/home/mtouri/spot_ws/install/spot_hardware_interface/lib:/home/mtouri/spot_ws/install/spot_controllers/lib:/home/mtouri/spot_ws/install/spot_msgs/lib:/opt/spot-cpp-sdk/lib:/opt/ros/humble/opt/rviz_ogre_vendor/lib:/opt/ros/humble/lib/x86_64-linux-gnu:/opt/ros/humble/lib:/usr/lib:/usr/lib PYTHONPATH=/home/mtouri/spot_ws/build/spot_common:/home/mtouri/spot_ws/install/spot_common/lib/python3.10/site-packages:/home/mtouri/spot_ws/build/synchros2:/home/mtouri/spot_ws/install/synchros2/lib/python3.10/site-packages:/home/mtouri/spot_ws/build/spot_wrapper:/home/mtouri/spot_ws/install/spot_wrapper/lib/python3.10/site-packages:/home/mtouri/spot_ws/install/spot_msgs/local/lib/python3.10/dist-packages:${PYTHONPATH} /usr/bin/cmake /home/mtouri/spot_ws/src/spot_ros2/spot_ros2_control -DAMENT_CMAKE_SYMLINK_INSTALL=1 -DCMAKE_INSTALL_PREFIX=/home/mtouri/spot_ws/install/spot_ros2_control
[92.350s] DEBUG:colcon.colcon_core.event_handler.log_command:Invoked command in '/home/mtouri/spot_ws/build/spot_ros2_control' returned '0': AMENT_PREFIX_PATH=/home/mtouri/spot_ws/install/spot_hardware_interface:/home/mtouri/spot_ws/install/spot_controllers:/home/mtouri/spot_ws/install/spot_common:/home/mtouri/spot_ws/install/synchros2:/home/mtouri/spot_ws/install/spot_msgs:/home/mtouri/spot_ws/install/spot_description:${AMENT_PREFIX_PATH} CMAKE_PREFIX_PATH=/home/mtouri/spot_ws/install/spot_hardware_interface:/home/mtouri/spot_ws/install/spot_controllers:/home/mtouri/spot_ws/install/spot_msgs:/home/mtouri/spot_ws/install/spot_description:/opt/ros/humble LD_LIBRARY_PATH=/home/mtouri/spot_ws/install/spot_hardware_interface/lib:/home/mtouri/spot_ws/install/spot_controllers/lib:/home/mtouri/spot_ws/install/spot_msgs/lib:/opt/spot-cpp-sdk/lib:/opt/ros/humble/opt/rviz_ogre_vendor/lib:/opt/ros/humble/lib/x86_64-linux-gnu:/opt/ros/humble/lib:/usr/lib:/usr/lib PYTHONPATH=/home/mtouri/spot_ws/build/spot_common:/home/mtouri/spot_ws/install/spot_common/lib/python3.10/site-packages:/home/mtouri/spot_ws/build/synchros2:/home/mtouri/spot_ws/install/synchros2/lib/python3.10/site-packages:/home/mtouri/spot_ws/build/spot_wrapper:/home/mtouri/spot_ws/install/spot_wrapper/lib/python3.10/site-packages:/home/mtouri/spot_ws/install/spot_msgs/local/lib/python3.10/dist-packages:${PYTHONPATH} /usr/bin/cmake /home/mtouri/spot_ws/src/spot_ros2/spot_ros2_control -DAMENT_CMAKE_SYMLINK_INSTALL=1 -DCMAKE_INSTALL_PREFIX=/home/mtouri/spot_ws/install/spot_ros2_control
[92.352s] DEBUG:colcon.colcon_core.event_handler.log_command:Invoking command in '/home/mtouri/spot_ws/build/spot_ros2_control': AMENT_PREFIX_PATH=/home/mtouri/spot_ws/install/spot_hardware_interface:/home/mtouri/spot_ws/install/spot_controllers:/home/mtouri/spot_ws/install/spot_common:/home/mtouri/spot_ws/install/synchros2:/home/mtouri/spot_ws/install/spot_msgs:/home/mtouri/spot_ws/install/spot_description:${AMENT_PREFIX_PATH} CMAKE_PREFIX_PATH=/home/mtouri/spot_ws/install/spot_hardware_interface:/home/mtouri/spot_ws/install/spot_controllers:/home/mtouri/spot_ws/install/spot_msgs:/home/mtouri/spot_ws/install/spot_description:/opt/ros/humble LD_LIBRARY_PATH=/home/mtouri/spot_ws/install/spot_hardware_interface/lib:/home/mtouri/spot_ws/install/spot_controllers/lib:/home/mtouri/spot_ws/install/spot_msgs/lib:/opt/spot-cpp-sdk/lib:/opt/ros/humble/opt/rviz_ogre_vendor/lib:/opt/ros/humble/lib/x86_64-linux-gnu:/opt/ros/humble/lib:/usr/lib:/usr/lib PYTHONPATH=/home/mtouri/spot_ws/build/spot_common:/home/mtouri/spot_ws/install/spot_common/lib/python3.10/site-packages:/home/mtouri/spot_ws/build/synchros2:/home/mtouri/spot_ws/install/synchros2/lib/python3.10/site-packages:/home/mtouri/spot_ws/build/spot_wrapper:/home/mtouri/spot_ws/install/spot_wrapper/lib/python3.10/site-packages:/home/mtouri/spot_ws/install/spot_msgs/local/lib/python3.10/dist-packages:${PYTHONPATH} /usr/bin/cmake --build /home/mtouri/spot_ws/build/spot_ros2_control -- -j16 -l16
[103.711s] DEBUG:colcon.colcon_core.event_handler.log_command:Invoked command in '/home/mtouri/spot_ws/build/spot_ros2_control' returned '0': AMENT_PREFIX_PATH=/home/mtouri/spot_ws/install/spot_hardware_interface:/home/mtouri/spot_ws/install/spot_controllers:/home/mtouri/spot_ws/install/spot_common:/home/mtouri/spot_ws/install/synchros2:/home/mtouri/spot_ws/install/spot_msgs:/home/mtouri/spot_ws/install/spot_description:${AMENT_PREFIX_PATH} CMAKE_PREFIX_PATH=/home/mtouri/spot_ws/install/spot_hardware_interface:/home/mtouri/spot_ws/install/spot_controllers:/home/mtouri/spot_ws/install/spot_msgs:/home/mtouri/spot_ws/install/spot_description:/opt/ros/humble LD_LIBRARY_PATH=/home/mtouri/spot_ws/install/spot_hardware_interface/lib:/home/mtouri/spot_ws/install/spot_controllers/lib:/home/mtouri/spot_ws/install/spot_msgs/lib:/opt/spot-cpp-sdk/lib:/opt/ros/humble/opt/rviz_ogre_vendor/lib:/opt/ros/humble/lib/x86_64-linux-gnu:/opt/ros/humble/lib:/usr/lib:/usr/lib PYTHONPATH=/home/mtouri/spot_ws/build/spot_common:/home/mtouri/spot_ws/install/spot_common/lib/python3.10/site-packages:/home/mtouri/spot_ws/build/synchros2:/home/mtouri/spot_ws/install/synchros2/lib/python3.10/site-packages:/home/mtouri/spot_ws/build/spot_wrapper:/home/mtouri/spot_ws/install/spot_wrapper/lib/python3.10/site-packages:/home/mtouri/spot_ws/install/spot_msgs/local/lib/python3.10/dist-packages:${PYTHONPATH} /usr/bin/cmake --build /home/mtouri/spot_ws/build/spot_ros2_control -- -j16 -l16
[103.713s] DEBUG:colcon.colcon_core.event_handler.log_command:Invoking command in '/home/mtouri/spot_ws/build/spot_ros2_control': AMENT_PREFIX_PATH=/home/mtouri/spot_ws/install/spot_hardware_interface:/home/mtouri/spot_ws/install/spot_controllers:/home/mtouri/spot_ws/install/spot_common:/home/mtouri/spot_ws/install/synchros2:/home/mtouri/spot_ws/install/spot_msgs:/home/mtouri/spot_ws/install/spot_description:${AMENT_PREFIX_PATH} CMAKE_PREFIX_PATH=/home/mtouri/spot_ws/install/spot_hardware_interface:/home/mtouri/spot_ws/install/spot_controllers:/home/mtouri/spot_ws/install/spot_msgs:/home/mtouri/spot_ws/install/spot_description:/opt/ros/humble LD_LIBRARY_PATH=/home/mtouri/spot_ws/install/spot_hardware_interface/lib:/home/mtouri/spot_ws/install/spot_controllers/lib:/home/mtouri/spot_ws/install/spot_msgs/lib:/opt/spot-cpp-sdk/lib:/opt/ros/humble/opt/rviz_ogre_vendor/lib:/opt/ros/humble/lib/x86_64-linux-gnu:/opt/ros/humble/lib:/usr/lib:/usr/lib PYTHONPATH=/home/mtouri/spot_ws/build/spot_common:/home/mtouri/spot_ws/install/spot_common/lib/python3.10/site-packages:/home/mtouri/spot_ws/build/synchros2:/home/mtouri/spot_ws/install/synchros2/lib/python3.10/site-packages:/home/mtouri/spot_ws/build/spot_wrapper:/home/mtouri/spot_ws/install/spot_wrapper/lib/python3.10/site-packages:/home/mtouri/spot_ws/install/spot_msgs/local/lib/python3.10/dist-packages:${PYTHONPATH} /usr/bin/cmake --install /home/mtouri/spot_ws/build/spot_ros2_control
[103.964s] Level 1:colcon.colcon_core.environment:create_environment_scripts_only(spot_ros2_control)
[103.965s] Level 1:colcon.colcon_core.environment:checking '/home/mtouri/spot_ws/install/spot_ros2_control' for CMake module files
[103.965s] DEBUG:colcon.colcon_core.event_handler.log_command:Invoked command in '/home/mtouri/spot_ws/build/spot_ros2_control' returned '0': AMENT_PREFIX_PATH=/home/mtouri/spot_ws/install/spot_hardware_interface:/home/mtouri/spot_ws/install/spot_controllers:/home/mtouri/spot_ws/install/spot_common:/home/mtouri/spot_ws/install/synchros2:/home/mtouri/spot_ws/install/spot_msgs:/home/mtouri/spot_ws/install/spot_description:${AMENT_PREFIX_PATH} CMAKE_PREFIX_PATH=/home/mtouri/spot_ws/install/spot_hardware_interface:/home/mtouri/spot_ws/install/spot_controllers:/home/mtouri/spot_ws/install/spot_msgs:/home/mtouri/spot_ws/install/spot_description:/opt/ros/humble LD_LIBRARY_PATH=/home/mtouri/spot_ws/install/spot_hardware_interface/lib:/home/mtouri/spot_ws/install/spot_controllers/lib:/home/mtouri/spot_ws/install/spot_msgs/lib:/opt/spot-cpp-sdk/lib:/opt/ros/humble/opt/rviz_ogre_vendor/lib:/opt/ros/humble/lib/x86_64-linux-gnu:/opt/ros/humble/lib:/usr/lib:/usr/lib PYTHONPATH=/home/mtouri/spot_ws/build/spot_common:/home/mtouri/spot_ws/install/spot_common/lib/python3.10/site-packages:/home/mtouri/spot_ws/build/synchros2:/home/mtouri/spot_ws/install/synchros2/lib/python3.10/site-packages:/home/mtouri/spot_ws/build/spot_wrapper:/home/mtouri/spot_ws/install/spot_wrapper/lib/python3.10/site-packages:/home/mtouri/spot_ws/install/spot_msgs/local/lib/python3.10/dist-packages:${PYTHONPATH} /usr/bin/cmake --install /home/mtouri/spot_ws/build/spot_ros2_control
[103.966s] Level 1:colcon.colcon_core.environment:checking '/home/mtouri/spot_ws/install/spot_ros2_control' for CMake config files
[103.966s] Level 1:colcon.colcon_core.shell:create_environment_hook('spot_ros2_control', 'cmake_prefix_path')
[103.966s] INFO:colcon.colcon_core.shell:Creating environment hook '/home/mtouri/spot_ws/install/spot_ros2_control/share/spot_ros2_control/hook/cmake_prefix_path.ps1'
[103.968s] INFO:colcon.colcon_core.shell:Creating environment descriptor '/home/mtouri/spot_ws/install/spot_ros2_control/share/spot_ros2_control/hook/cmake_prefix_path.dsv'
[103.968s] INFO:colcon.colcon_core.shell:Creating environment hook '/home/mtouri/spot_ws/install/spot_ros2_control/share/spot_ros2_control/hook/cmake_prefix_path.sh'
[103.968s] Level 1:colcon.colcon_core.environment:checking '/home/mtouri/spot_ws/install/spot_ros2_control/lib'
[103.968s] Level 1:colcon.colcon_core.shell:create_environment_hook('spot_ros2_control', 'ld_library_path_lib')
[103.969s] INFO:colcon.colcon_core.shell:Creating environment hook '/home/mtouri/spot_ws/install/spot_ros2_control/share/spot_ros2_control/hook/ld_library_path_lib.ps1'
[103.969s] INFO:colcon.colcon_core.shell:Creating environment descriptor '/home/mtouri/spot_ws/install/spot_ros2_control/share/spot_ros2_control/hook/ld_library_path_lib.dsv'
[103.969s] INFO:colcon.colcon_core.shell:Creating environment hook '/home/mtouri/spot_ws/install/spot_ros2_control/share/spot_ros2_control/hook/ld_library_path_lib.sh'
[103.970s] Level 1:colcon.colcon_core.environment:checking '/home/mtouri/spot_ws/install/spot_ros2_control/bin'
[103.970s] Level 1:colcon.colcon_core.environment:checking '/home/mtouri/spot_ws/install/spot_ros2_control/lib/pkgconfig/spot_ros2_control.pc'
[103.970s] Level 1:colcon.colcon_core.environment:checking '/home/mtouri/spot_ws/install/spot_ros2_control/lib/python3.10/site-packages'
[103.970s] Level 1:colcon.colcon_core.environment:checking '/home/mtouri/spot_ws/install/spot_ros2_control/bin'
[103.970s] INFO:colcon.colcon_core.shell:Creating package script '/home/mtouri/spot_ws/install/spot_ros2_control/share/spot_ros2_control/package.ps1'
[103.971s] INFO:colcon.colcon_core.shell:Creating package descriptor '/home/mtouri/spot_ws/install/spot_ros2_control/share/spot_ros2_control/package.dsv'
[103.971s] INFO:colcon.colcon_core.shell:Creating package script '/home/mtouri/spot_ws/install/spot_ros2_control/share/spot_ros2_control/package.sh'
[103.972s] INFO:colcon.colcon_core.shell:Creating package script '/home/mtouri/spot_ws/install/spot_ros2_control/share/spot_ros2_control/package.bash'
[103.972s] INFO:colcon.colcon_core.shell:Creating package script '/home/mtouri/spot_ws/install/spot_ros2_control/share/spot_ros2_control/package.zsh'
[103.972s] Level 1:colcon.colcon_core.environment:create_file_with_runtime_dependencies(/home/mtouri/spot_ws/install/spot_ros2_control/share/colcon-core/packages/spot_ros2_control)
[103.973s] Level 1:colcon.colcon_core.environment:create_environment_scripts_only(spot_ros2_control)
[103.973s] Level 1:colcon.colcon_core.environment:checking '/home/mtouri/spot_ws/install/spot_ros2_control' for CMake module files
[103.973s] Level 1:colcon.colcon_core.environment:checking '/home/mtouri/spot_ws/install/spot_ros2_control' for CMake config files
[103.974s] Level 1:colcon.colcon_core.shell:create_environment_hook('spot_ros2_control', 'cmake_prefix_path')
[103.974s] INFO:colcon.colcon_core.shell:Creating environment hook '/home/mtouri/spot_ws/install/spot_ros2_control/share/spot_ros2_control/hook/cmake_prefix_path.ps1'
[103.974s] INFO:colcon.colcon_core.shell:Creating environment descriptor '/home/mtouri/spot_ws/install/spot_ros2_control/share/spot_ros2_control/hook/cmake_prefix_path.dsv'
[103.974s] INFO:colcon.colcon_core.shell:Creating environment hook '/home/mtouri/spot_ws/install/spot_ros2_control/share/spot_ros2_control/hook/cmake_prefix_path.sh'
[103.975s] Level 1:colcon.colcon_core.environment:checking '/home/mtouri/spot_ws/install/spot_ros2_control/lib'
[103.975s] Level 1:colcon.colcon_core.shell:create_environment_hook('spot_ros2_control', 'ld_library_path_lib')
[103.975s] INFO:colcon.colcon_core.shell:Creating environment hook '/home/mtouri/spot_ws/install/spot_ros2_control/share/spot_ros2_control/hook/ld_library_path_lib.ps1'
[103.975s] INFO:colcon.colcon_core.shell:Creating environment descriptor '/home/mtouri/spot_ws/install/spot_ros2_control/share/spot_ros2_control/hook/ld_library_path_lib.dsv'
[103.975s] INFO:colcon.colcon_core.shell:Creating environment hook '/home/mtouri/spot_ws/install/spot_ros2_control/share/spot_ros2_control/hook/ld_library_path_lib.sh'
[103.975s] Level 1:colcon.colcon_core.environment:checking '/home/mtouri/spot_ws/install/spot_ros2_control/bin'
[103.975s] Level 1:colcon.colcon_core.environment:checking '/home/mtouri/spot_ws/install/spot_ros2_control/lib/pkgconfig/spot_ros2_control.pc'
[103.976s] Level 1:colcon.colcon_core.environment:checking '/home/mtouri/spot_ws/install/spot_ros2_control/lib/python3.10/site-packages'
[103.976s] Level 1:colcon.colcon_core.environment:checking '/home/mtouri/spot_ws/install/spot_ros2_control/bin'
[103.976s] INFO:colcon.colcon_core.shell:Creating package script '/home/mtouri/spot_ws/install/spot_ros2_control/share/spot_ros2_control/package.ps1'
[103.976s] INFO:colcon.colcon_core.shell:Creating package descriptor '/home/mtouri/spot_ws/install/spot_ros2_control/share/spot_ros2_control/package.dsv'
[103.977s] INFO:colcon.colcon_core.shell:Creating package script '/home/mtouri/spot_ws/install/spot_ros2_control/share/spot_ros2_control/package.sh'
[103.977s] INFO:colcon.colcon_core.shell:Creating package script '/home/mtouri/spot_ws/install/spot_ros2_control/share/spot_ros2_control/package.bash'
[103.977s] INFO:colcon.colcon_core.shell:Creating package script '/home/mtouri/spot_ws/install/spot_ros2_control/share/spot_ros2_control/package.zsh'
[103.978s] Level 1:colcon.colcon_core.environment:create_file_with_runtime_dependencies(/home/mtouri/spot_ws/install/spot_ros2_control/share/colcon-core/packages/spot_ros2_control)
[103.978s] INFO:colcon.colcon_ros.task.ament_cmake.build:Building ROS package in '/home/mtouri/spot_ws/src/spot_ros2/spot_driver' with build type 'ament_cmake'
[103.978s] INFO:colcon.colcon_cmake.task.cmake.build:Building CMake package in '/home/mtouri/spot_ws/src/spot_ros2/spot_driver'
[103.978s] INFO:colcon.colcon_core.shell:Skip shell extension 'powershell' for command environment: Not usable outside of PowerShell
[103.978s] DEBUG:colcon.colcon_core.shell:Skip shell extension 'dsv' for command environment
[104.001s] DEBUG:colcon.colcon_core.event_handler.log_command:Invoking command in '/home/mtouri/spot_ws/build/spot_driver': AMENT_PREFIX_PATH=/home/mtouri/spot_ws/install/spot_ros2_control:/home/mtouri/spot_ws/install/spot_hardware_interface:/home/mtouri/spot_ws/install/spot_controllers:/home/mtouri/spot_ws/install/spot_common:/home/mtouri/spot_ws/install/synchros2:/home/mtouri/spot_ws/install/spot_msgs:/home/mtouri/spot_ws/install/spot_description:${AMENT_PREFIX_PATH} CMAKE_PREFIX_PATH=/home/mtouri/spot_ws/install/spot_ros2_control:/home/mtouri/spot_ws/install/spot_hardware_interface:/home/mtouri/spot_ws/install/spot_controllers:/home/mtouri/spot_ws/install/spot_msgs:/home/mtouri/spot_ws/install/spot_description:/opt/ros/humble LD_LIBRARY_PATH=/home/mtouri/spot_ws/install/spot_ros2_control/lib:/home/mtouri/spot_ws/install/spot_hardware_interface/lib:/home/mtouri/spot_ws/install/spot_controllers/lib:/home/mtouri/spot_ws/install/spot_msgs/lib:/opt/spot-cpp-sdk/lib:/opt/ros/humble/opt/rviz_ogre_vendor/lib:/opt/ros/humble/lib/x86_64-linux-gnu:/opt/ros/humble/lib:/usr/lib:/usr/lib PYTHONPATH=/home/mtouri/spot_ws/build/spot_common:/home/mtouri/spot_ws/install/spot_common/lib/python3.10/site-packages:/home/mtouri/spot_ws/build/synchros2:/home/mtouri/spot_ws/install/synchros2/lib/python3.10/site-packages:/home/mtouri/spot_ws/build/spot_wrapper:/home/mtouri/spot_ws/install/spot_wrapper/lib/python3.10/site-packages:/home/mtouri/spot_ws/install/spot_msgs/local/lib/python3.10/dist-packages:${PYTHONPATH} /usr/bin/cmake /home/mtouri/spot_ws/src/spot_ros2/spot_driver -DAMENT_CMAKE_SYMLINK_INSTALL=1 -DCMAKE_INSTALL_PREFIX=/home/mtouri/spot_ws/install/spot_driver
[106.997s] DEBUG:colcon.colcon_core.event_handler.log_command:Invoked command in '/home/mtouri/spot_ws/build/spot_driver' returned '0': AMENT_PREFIX_PATH=/home/mtouri/spot_ws/install/spot_ros2_control:/home/mtouri/spot_ws/install/spot_hardware_interface:/home/mtouri/spot_ws/install/spot_controllers:/home/mtouri/spot_ws/install/spot_common:/home/mtouri/spot_ws/install/synchros2:/home/mtouri/spot_ws/install/spot_msgs:/home/mtouri/spot_ws/install/spot_description:${AMENT_PREFIX_PATH} CMAKE_PREFIX_PATH=/home/mtouri/spot_ws/install/spot_ros2_control:/home/mtouri/spot_ws/install/spot_hardware_interface:/home/mtouri/spot_ws/install/spot_controllers:/home/mtouri/spot_ws/install/spot_msgs:/home/mtouri/spot_ws/install/spot_description:/opt/ros/humble LD_LIBRARY_PATH=/home/mtouri/spot_ws/install/spot_ros2_control/lib:/home/mtouri/spot_ws/install/spot_hardware_interface/lib:/home/mtouri/spot_ws/install/spot_controllers/lib:/home/mtouri/spot_ws/install/spot_msgs/lib:/opt/spot-cpp-sdk/lib:/opt/ros/humble/opt/rviz_ogre_vendor/lib:/opt/ros/humble/lib/x86_64-linux-gnu:/opt/ros/humble/lib:/usr/lib:/usr/lib PYTHONPATH=/home/mtouri/spot_ws/build/spot_common:/home/mtouri/spot_ws/install/spot_common/lib/python3.10/site-packages:/home/mtouri/spot_ws/build/synchros2:/home/mtouri/spot_ws/install/synchros2/lib/python3.10/site-packages:/home/mtouri/spot_ws/build/spot_wrapper:/home/mtouri/spot_ws/install/spot_wrapper/lib/python3.10/site-packages:/home/mtouri/spot_ws/install/spot_msgs/local/lib/python3.10/dist-packages:${PYTHONPATH} /usr/bin/cmake /home/mtouri/spot_ws/src/spot_ros2/spot_driver -DAMENT_CMAKE_SYMLINK_INSTALL=1 -DCMAKE_INSTALL_PREFIX=/home/mtouri/spot_ws/install/spot_driver
[106.999s] DEBUG:colcon.colcon_core.event_handler.log_command:Invoking command in '/home/mtouri/spot_ws/build/spot_driver': AMENT_PREFIX_PATH=/home/mtouri/spot_ws/install/spot_ros2_control:/home/mtouri/spot_ws/install/spot_hardware_interface:/home/mtouri/spot_ws/install/spot_controllers:/home/mtouri/spot_ws/install/spot_common:/home/mtouri/spot_ws/install/synchros2:/home/mtouri/spot_ws/install/spot_msgs:/home/mtouri/spot_ws/install/spot_description:${AMENT_PREFIX_PATH} CMAKE_PREFIX_PATH=/home/mtouri/spot_ws/install/spot_ros2_control:/home/mtouri/spot_ws/install/spot_hardware_interface:/home/mtouri/spot_ws/install/spot_controllers:/home/mtouri/spot_ws/install/spot_msgs:/home/mtouri/spot_ws/install/spot_description:/opt/ros/humble LD_LIBRARY_PATH=/home/mtouri/spot_ws/install/spot_ros2_control/lib:/home/mtouri/spot_ws/install/spot_hardware_interface/lib:/home/mtouri/spot_ws/install/spot_controllers/lib:/home/mtouri/spot_ws/install/spot_msgs/lib:/opt/spot-cpp-sdk/lib:/opt/ros/humble/opt/rviz_ogre_vendor/lib:/opt/ros/humble/lib/x86_64-linux-gnu:/opt/ros/humble/lib:/usr/lib:/usr/lib PYTHONPATH=/home/mtouri/spot_ws/build/spot_common:/home/mtouri/spot_ws/install/spot_common/lib/python3.10/site-packages:/home/mtouri/spot_ws/build/synchros2:/home/mtouri/spot_ws/install/synchros2/lib/python3.10/site-packages:/home/mtouri/spot_ws/build/spot_wrapper:/home/mtouri/spot_ws/install/spot_wrapper/lib/python3.10/site-packages:/home/mtouri/spot_ws/install/spot_msgs/local/lib/python3.10/dist-packages:${PYTHONPATH} /usr/bin/cmake --build /home/mtouri/spot_ws/build/spot_driver -- -j16 -l16
[206.240s] DEBUG:colcon.colcon_core.event_handler.log_command:Invoked command in '/home/mtouri/spot_ws/build/spot_driver' returned '0': AMENT_PREFIX_PATH=/home/mtouri/spot_ws/install/spot_ros2_control:/home/mtouri/spot_ws/install/spot_hardware_interface:/home/mtouri/spot_ws/install/spot_controllers:/home/mtouri/spot_ws/install/spot_common:/home/mtouri/spot_ws/install/synchros2:/home/mtouri/spot_ws/install/spot_msgs:/home/mtouri/spot_ws/install/spot_description:${AMENT_PREFIX_PATH} CMAKE_PREFIX_PATH=/home/mtouri/spot_ws/install/spot_ros2_control:/home/mtouri/spot_ws/install/spot_hardware_interface:/home/mtouri/spot_ws/install/spot_controllers:/home/mtouri/spot_ws/install/spot_msgs:/home/mtouri/spot_ws/install/spot_description:/opt/ros/humble LD_LIBRARY_PATH=/home/mtouri/spot_ws/install/spot_ros2_control/lib:/home/mtouri/spot_ws/install/spot_hardware_interface/lib:/home/mtouri/spot_ws/install/spot_controllers/lib:/home/mtouri/spot_ws/install/spot_msgs/lib:/opt/spot-cpp-sdk/lib:/opt/ros/humble/opt/rviz_ogre_vendor/lib:/opt/ros/humble/lib/x86_64-linux-gnu:/opt/ros/humble/lib:/usr/lib:/usr/lib PYTHONPATH=/home/mtouri/spot_ws/build/spot_common:/home/mtouri/spot_ws/install/spot_common/lib/python3.10/site-packages:/home/mtouri/spot_ws/build/synchros2:/home/mtouri/spot_ws/install/synchros2/lib/python3.10/site-packages:/home/mtouri/spot_ws/build/spot_wrapper:/home/mtouri/spot_ws/install/spot_wrapper/lib/python3.10/site-packages:/home/mtouri/spot_ws/install/spot_msgs/local/lib/python3.10/dist-packages:${PYTHONPATH} /usr/bin/cmake --build /home/mtouri/spot_ws/build/spot_driver -- -j16 -l16
[206.243s] DEBUG:colcon.colcon_core.event_handler.log_command:Invoking command in '/home/mtouri/spot_ws/build/spot_driver': AMENT_PREFIX_PATH=/home/mtouri/spot_ws/install/spot_ros2_control:/home/mtouri/spot_ws/install/spot_hardware_interface:/home/mtouri/spot_ws/install/spot_controllers:/home/mtouri/spot_ws/install/spot_common:/home/mtouri/spot_ws/install/synchros2:/home/mtouri/spot_ws/install/spot_msgs:/home/mtouri/spot_ws/install/spot_description:${AMENT_PREFIX_PATH} CMAKE_PREFIX_PATH=/home/mtouri/spot_ws/install/spot_ros2_control:/home/mtouri/spot_ws/install/spot_hardware_interface:/home/mtouri/spot_ws/install/spot_controllers:/home/mtouri/spot_ws/install/spot_msgs:/home/mtouri/spot_ws/install/spot_description:/opt/ros/humble LD_LIBRARY_PATH=/home/mtouri/spot_ws/install/spot_ros2_control/lib:/home/mtouri/spot_ws/install/spot_hardware_interface/lib:/home/mtouri/spot_ws/install/spot_controllers/lib:/home/mtouri/spot_ws/install/spot_msgs/lib:/opt/spot-cpp-sdk/lib:/opt/ros/humble/opt/rviz_ogre_vendor/lib:/opt/ros/humble/lib/x86_64-linux-gnu:/opt/ros/humble/lib:/usr/lib:/usr/lib PYTHONPATH=/home/mtouri/spot_ws/build/spot_common:/home/mtouri/spot_ws/install/spot_common/lib/python3.10/site-packages:/home/mtouri/spot_ws/build/synchros2:/home/mtouri/spot_ws/install/synchros2/lib/python3.10/site-packages:/home/mtouri/spot_ws/build/spot_wrapper:/home/mtouri/spot_ws/install/spot_wrapper/lib/python3.10/site-packages:/home/mtouri/spot_ws/install/spot_msgs/local/lib/python3.10/dist-packages:${PYTHONPATH} /usr/bin/cmake --install /home/mtouri/spot_ws/build/spot_driver
[207.311s] Level 1:colcon.colcon_core.environment:create_environment_scripts_only(spot_driver)
[207.311s] Level 1:colcon.colcon_core.environment:checking '/home/mtouri/spot_ws/install/spot_driver' for CMake module files
[207.312s] DEBUG:colcon.colcon_core.event_handler.log_command:Invoked command in '/home/mtouri/spot_ws/build/spot_driver' returned '0': AMENT_PREFIX_PATH=/home/mtouri/spot_ws/install/spot_ros2_control:/home/mtouri/spot_ws/install/spot_hardware_interface:/home/mtouri/spot_ws/install/spot_controllers:/home/mtouri/spot_ws/install/spot_common:/home/mtouri/spot_ws/install/synchros2:/home/mtouri/spot_ws/install/spot_msgs:/home/mtouri/spot_ws/install/spot_description:${AMENT_PREFIX_PATH} CMAKE_PREFIX_PATH=/home/mtouri/spot_ws/install/spot_ros2_control:/home/mtouri/spot_ws/install/spot_hardware_interface:/home/mtouri/spot_ws/install/spot_controllers:/home/mtouri/spot_ws/install/spot_msgs:/home/mtouri/spot_ws/install/spot_description:/opt/ros/humble LD_LIBRARY_PATH=/home/mtouri/spot_ws/install/spot_ros2_control/lib:/home/mtouri/spot_ws/install/spot_hardware_interface/lib:/home/mtouri/spot_ws/install/spot_controllers/lib:/home/mtouri/spot_ws/install/spot_msgs/lib:/opt/spot-cpp-sdk/lib:/opt/ros/humble/opt/rviz_ogre_vendor/lib:/opt/ros/humble/lib/x86_64-linux-gnu:/opt/ros/humble/lib:/usr/lib:/usr/lib PYTHONPATH=/home/mtouri/spot_ws/build/spot_common:/home/mtouri/spot_ws/install/spot_common/lib/python3.10/site-packages:/home/mtouri/spot_ws/build/synchros2:/home/mtouri/spot_ws/install/synchros2/lib/python3.10/site-packages:/home/mtouri/spot_ws/build/spot_wrapper:/home/mtouri/spot_ws/install/spot_wrapper/lib/python3.10/site-packages:/home/mtouri/spot_ws/install/spot_msgs/local/lib/python3.10/dist-packages:${PYTHONPATH} /usr/bin/cmake --install /home/mtouri/spot_ws/build/spot_driver
[207.312s] Level 1:colcon.colcon_core.environment:checking '/home/mtouri/spot_ws/install/spot_driver' for CMake config files
[207.312s] Level 1:colcon.colcon_core.shell:create_environment_hook('spot_driver', 'cmake_prefix_path')
[207.312s] INFO:colcon.colcon_core.shell:Creating environment hook '/home/mtouri/spot_ws/install/spot_driver/share/spot_driver/hook/cmake_prefix_path.ps1'
[207.314s] INFO:colcon.colcon_core.shell:Creating environment descriptor '/home/mtouri/spot_ws/install/spot_driver/share/spot_driver/hook/cmake_prefix_path.dsv'
[207.314s] INFO:colcon.colcon_core.shell:Creating environment hook '/home/mtouri/spot_ws/install/spot_driver/share/spot_driver/hook/cmake_prefix_path.sh'
[207.315s] Level 1:colcon.colcon_core.environment:checking '/home/mtouri/spot_ws/install/spot_driver/lib'
[207.315s] Level 1:colcon.colcon_core.shell:create_environment_hook('spot_driver', 'ld_library_path_lib')
[207.315s] INFO:colcon.colcon_core.shell:Creating environment hook '/home/mtouri/spot_ws/install/spot_driver/share/spot_driver/hook/ld_library_path_lib.ps1'
[207.316s] INFO:colcon.colcon_core.shell:Creating environment descriptor '/home/mtouri/spot_ws/install/spot_driver/share/spot_driver/hook/ld_library_path_lib.dsv'
[207.316s] INFO:colcon.colcon_core.shell:Creating environment hook '/home/mtouri/spot_ws/install/spot_driver/share/spot_driver/hook/ld_library_path_lib.sh'
[207.316s] Level 1:colcon.colcon_core.environment:checking '/home/mtouri/spot_ws/install/spot_driver/bin'
[207.316s] Level 1:colcon.colcon_core.environment:checking '/home/mtouri/spot_ws/install/spot_driver/lib/pkgconfig/spot_driver.pc'
[207.316s] Level 1:colcon.colcon_core.environment:checking '/home/mtouri/spot_ws/install/spot_driver/lib/python3.10/site-packages'
[207.316s] Level 1:colcon.colcon_core.environment:checking '/home/mtouri/spot_ws/install/spot_driver/bin'
[207.317s] INFO:colcon.colcon_core.shell:Creating package script '/home/mtouri/spot_ws/install/spot_driver/share/spot_driver/package.ps1'
[207.317s] INFO:colcon.colcon_core.shell:Creating package descriptor '/home/mtouri/spot_ws/install/spot_driver/share/spot_driver/package.dsv'
[207.318s] INFO:colcon.colcon_core.shell:Creating package script '/home/mtouri/spot_ws/install/spot_driver/share/spot_driver/package.sh'
[207.318s] INFO:colcon.colcon_core.shell:Creating package script '/home/mtouri/spot_ws/install/spot_driver/share/spot_driver/package.bash'
[207.318s] INFO:colcon.colcon_core.shell:Creating package script '/home/mtouri/spot_ws/install/spot_driver/share/spot_driver/package.zsh'
[207.319s] Level 1:colcon.colcon_core.environment:create_file_with_runtime_dependencies(/home/mtouri/spot_ws/install/spot_driver/share/colcon-core/packages/spot_driver)
[207.320s] Level 1:colcon.colcon_core.environment:create_environment_scripts_only(spot_driver)
[207.320s] Level 1:colcon.colcon_core.environment:checking '/home/mtouri/spot_ws/install/spot_driver' for CMake module files
[207.321s] Level 1:colcon.colcon_core.environment:checking '/home/mtouri/spot_ws/install/spot_driver' for CMake config files
[207.321s] Level 1:colcon.colcon_core.shell:create_environment_hook('spot_driver', 'cmake_prefix_path')
[207.321s] INFO:colcon.colcon_core.shell:Creating environment hook '/home/mtouri/spot_ws/install/spot_driver/share/spot_driver/hook/cmake_prefix_path.ps1'
[207.321s] INFO:colcon.colcon_core.shell:Creating environment descriptor '/home/mtouri/spot_ws/install/spot_driver/share/spot_driver/hook/cmake_prefix_path.dsv'
[207.321s] INFO:colcon.colcon_core.shell:Creating environment hook '/home/mtouri/spot_ws/install/spot_driver/share/spot_driver/hook/cmake_prefix_path.sh'
[207.322s] Level 1:colcon.colcon_core.environment:checking '/home/mtouri/spot_ws/install/spot_driver/lib'
[207.322s] Level 1:colcon.colcon_core.shell:create_environment_hook('spot_driver', 'ld_library_path_lib')
[207.322s] INFO:colcon.colcon_core.shell:Creating environment hook '/home/mtouri/spot_ws/install/spot_driver/share/spot_driver/hook/ld_library_path_lib.ps1'
[207.322s] INFO:colcon.colcon_core.shell:Creating environment descriptor '/home/mtouri/spot_ws/install/spot_driver/share/spot_driver/hook/ld_library_path_lib.dsv'
[207.323s] INFO:colcon.colcon_core.shell:Creating environment hook '/home/mtouri/spot_ws/install/spot_driver/share/spot_driver/hook/ld_library_path_lib.sh'
[207.323s] Level 1:colcon.colcon_core.environment:checking '/home/mtouri/spot_ws/install/spot_driver/bin'
[207.323s] Level 1:colcon.colcon_core.environment:checking '/home/mtouri/spot_ws/install/spot_driver/lib/pkgconfig/spot_driver.pc'
[207.323s] Level 1:colcon.colcon_core.environment:checking '/home/mtouri/spot_ws/install/spot_driver/lib/python3.10/site-packages'
[207.323s] Level 1:colcon.colcon_core.environment:checking '/home/mtouri/spot_ws/install/spot_driver/bin'
[207.323s] INFO:colcon.colcon_core.shell:Creating package script '/home/mtouri/spot_ws/install/spot_driver/share/spot_driver/package.ps1'
[207.324s] INFO:colcon.colcon_core.shell:Creating package descriptor '/home/mtouri/spot_ws/install/spot_driver/share/spot_driver/package.dsv'
[207.324s] INFO:colcon.colcon_core.shell:Creating package script '/home/mtouri/spot_ws/install/spot_driver/share/spot_driver/package.sh'
[207.324s] INFO:colcon.colcon_core.shell:Creating package script '/home/mtouri/spot_ws/install/spot_driver/share/spot_driver/package.bash'
[207.325s] INFO:colcon.colcon_core.shell:Creating package script '/home/mtouri/spot_ws/install/spot_driver/share/spot_driver/package.zsh'
[207.325s] Level 1:colcon.colcon_core.environment:create_file_with_runtime_dependencies(/home/mtouri/spot_ws/install/spot_driver/share/colcon-core/packages/spot_driver)
[207.326s] DEBUG:colcon.colcon_parallel_executor.executor.parallel:closing loop
[207.327s] DEBUG:colcon.colcon_parallel_executor.executor.parallel:loop closed
[207.327s] DEBUG:colcon.colcon_parallel_executor.executor.parallel:run_until_complete finished with '0'
[207.328s] DEBUG:colcon.colcon_core.event_reactor:joining thread
[207.361s] INFO:colcon.colcon_core.plugin_system:Skipping extension 'colcon_notification.desktop_notification.notify_send': Could not find 'notify-send'
[207.361s] INFO:colcon.colcon_core.plugin_system:Skipping extension 'colcon_notification.desktop_notification.terminal_notifier': Not used on non-Darwin systems
[207.361s] INFO:colcon.colcon_core.plugin_system:Skipping extension 'colcon_notification.desktop_notification.win32': Not used on non-Windows systems
[207.361s] INFO:colcon.colcon_notification.desktop_notification:Sending desktop notification using 'notify2'
[207.410s] DEBUG:colcon.colcon_core.event_reactor:joined thread
[207.411s] INFO:colcon.colcon_core.shell:Creating prefix script '/home/mtouri/spot_ws/install/local_setup.ps1'
[207.412s] INFO:colcon.colcon_core.shell:Creating prefix util module '/home/mtouri/spot_ws/install/_local_setup_util_ps1.py'
[207.413s] INFO:colcon.colcon_core.shell:Creating prefix chain script '/home/mtouri/spot_ws/install/setup.ps1'
[207.414s] INFO:colcon.colcon_core.shell:Creating prefix script '/home/mtouri/spot_ws/install/local_setup.sh'
[207.414s] INFO:colcon.colcon_core.shell:Creating prefix util module '/home/mtouri/spot_ws/install/_local_setup_util_sh.py'
[207.415s] INFO:colcon.colcon_core.shell:Creating prefix chain script '/home/mtouri/spot_ws/install/setup.sh'
[207.415s] INFO:colcon.colcon_core.shell:Creating prefix script '/home/mtouri/spot_ws/install/local_setup.bash'
[207.416s] INFO:colcon.colcon_core.shell:Creating prefix chain script '/home/mtouri/spot_ws/install/setup.bash'
[207.416s] INFO:colcon.colcon_core.shell:Creating prefix script '/home/mtouri/spot_ws/install/local_setup.zsh'
[207.417s] INFO:colcon.colcon_core.shell:Creating prefix chain script '/home/mtouri/spot_ws/install/setup.zsh'
